sim,T1,T2
0.611111111,"release:lock=<\d>, flg=0x0, tag=""<*>"", name=com.android.systemui"", ws=null, uid=10037, pid=2227","animateCollapsePanels:flags=2, force=true, delayed=true, mExpandedVisible=true"
0.611111111,"release:lock=<\d>, flg=0x0, tag=""<*>"", name=com.android.systemui"", ws=null, uid=10037, pid=2227","animateCollapsePanels:flags=0, force=false, delayed=false, mExpandedVisible=true"
0.611111111,"release:lock=<\d>, flg=0x0, tag=""<*>"", name=com.android.systemui"", ws=null, uid=10037, pid=2227","animateCollapsePanels:flags=0, force=false, delayed=false, mExpandedVisible=false"
0.566666667,"Animating brightness: target=38, rate=200",[PhoneIntfMgr] getDataEnabled: subId=1 phoneId=1
0.555555556,shouldBlockLocation ret:false,updateDimmedActivatedHideSensitive overlap:false
0.555555556,updateDimmedActivatedHideSensitive overlap:false,shouldBlockLocation ret:false
0.5,"updateClipping isOverlap:false, getTopPadding=333.0, Translation=<*>.<\d>","animateCollapsePanels:flags=2, force=true, delayed=true, mExpandedVisible=true"
0.5,"updateClipping isOverlap:false, getTopPadding=333.0, Translation=<*>.<\d>","animateCollapsePanels:flags=0, force=false, delayed=false, mExpandedVisible=true"
0.5,"updateClipping isOverlap:false, getTopPadding=333.0, Translation=<*>.<\d>","animateCollapsePanels:flags=0, force=false, delayed=false, mExpandedVisible=false"
0.5,"Animating brightness: target=38, rate=200",[PhoneIntfMgr] getDataEnabled: subId=1 retVal=true
0.444444444,shouldBlockLocation ret:false,"state.clipTopAmount:<\d>, i:0"
0.444444444,shouldBlockLocation ret:false,updateDimmedActivatedHideSensitive overlap:true
0.444444444,shouldBlockLocation ret:false,setSpeakerphoneOn on:true
0.444444444,shouldBlockLocation ret:false,"onReceive, action:android.intent.action.BATTERY_CHANGED"
0.444444444,updateDimmedActivatedHideSensitive overlap:false,"state.clipTopAmount:<\d>, i:0"
0.444444444,updateDimmedActivatedHideSensitive overlap:false,setSpeakerphoneOn on:true
0.444444444,updateDimmedActivatedHideSensitive overlap:false,shouldBlockLocation ret:true
0.444444444,updateDimmedActivatedHideSensitive overlap:false,"onReceive, action:android.intent.action.BATTERY_CHANGED"
0.433333333,"updateClipping isOverlap:false, getTopPadding=333.0, Translation=<*>.<\d>","release:lock=<\d>, flg=0x0, tag=""<*>"", name=com.android.systemui"", ws=null, uid=10037, pid=2227"
0.433333333,"updateClipping isOverlap:false, getTopPadding=333.0, Translation=<*>.<\d>","Animating brightness: target=38, rate=200"
0.433333333,"Animating brightness: target=38, rate=200","updateClipping isOverlap:false, getTopPadding=333.0, Translation=<*>.<\d>"
0.433333333,"Animating brightness: target=38, rate=200","updateClipping isOverlap:true, getTopPadding=333.0, Translation=-<\d>.<\d>"
0.416666667,"release:lock=<\d>, flg=0x0, tag=""<*>"", name=com.android.systemui"", ws=null, uid=10037, pid=2227","updateClipping isOverlap:false, getTopPadding=333.0, Translation=<*>.<\d>"
0.416666667,"release:lock=<\d>, flg=0x0, tag=""<*>"", name=com.android.systemui"", ws=null, uid=10037, pid=2227","updateClipping isOverlap:true, getTopPadding=333.0, Translation=-<\d>.<\d>"
0.4,"updateClipping isOverlap:false, getTopPadding=333.0, Translation=<*>.<\d>",[PhoneIntfMgr] getDataEnabled: subId=1 phoneId=1
0.4,"updateClipping isOverlap:false, getTopPadding=333.0, Translation=<*>.<\d>",[PhoneIntfMgr] getDataEnabled: subId=1 retVal=true
0.4,"updateClipping isOverlap:false, getTopPadding=333.0, Translation=<*>.<\d>",enqueueNotificationInternal: pkg=com.tencent.mobileqq id=121 notification=Notification(pri=1 contentView=null vibrate=[100] sound=null tick defaults=0x0 flags=0x11 color=0x00000000 vis=PRIVATE)
0.4,"updateClipping isOverlap:false, getTopPadding=333.0, Translation=<*>.<\d>",enqueueNotificationInternal: pkg=com.tencent.mm id=4097 notification=Notification(pri=1 contentView=null vibrate=[] sound=null tick defaults=0x0 flags=0x101 color=0x00000000 category=msg vis=PRIVATE)
0.4,"Animating brightness: target=38, rate=200","animateCollapsePanels:flags=2, force=true, delayed=true, mExpandedVisible=true"
0.4,"Animating brightness: target=38, rate=200","animateCollapsePanels:flags=0, force=false, delayed=false, mExpandedVisible=true"
0.4,"Animating brightness: target=38, rate=200","animateCollapsePanels:flags=0, force=false, delayed=false, mExpandedVisible=false"
0.4,"Animating brightness: target=38, rate=200",enqueueNotificationInternal: pkg=com.tencent.mobileqq id=121 notification=Notification(pri=1 contentView=null vibrate=[100] sound=null tick defaults=0x0 flags=0x11 color=0x00000000 vis=PRIVATE)
0.4,"Animating brightness: target=38, rate=200",enqueueNotificationInternal: pkg=com.tencent.mm id=4097 notification=Notification(pri=1 contentView=null vibrate=[] sound=null tick defaults=0x0 flags=0x101 color=0x00000000 category=msg vis=PRIVATE)
0.366666667,"updateClipping isOverlap:false, getTopPadding=333.0, Translation=<*>.<\d>","onInterceptTouchEvent MotionEvent { action=ACTION_DOWN, actionButton=0, id[0]=0, x[0]=<\d>.0, y[0]=<\d>.0, toolType[0]=TOOL_TYPE_FINGER, buttonState=0, metaState=0, flags=0x0, edgeFlags=0x0, pointerCount=1, historySize=0, eventTime=<\d>, downTime=<\d>, deviceId=3, source=0x1002 }, mBlockTouches=false"
0.366666667,"updateClipping isOverlap:false, getTopPadding=333.0, Translation=<*>.<\d>","onInterceptTouchEvent MotionEvent { action=ACTION_UP, actionButton=0, id[0]=0, x[0]=<\d>.0, y[0]=<\d>.0, toolType[0]=TOOL_TYPE_FINGER, buttonState=0, metaState=0, flags=0x0, edgeFlags=0x0, pointerCount=1, historySize=0, eventTime=<\d>, downTime=<\d>, deviceId=3, source=0x1002 }, mBlockTouches=false"
0.366666667,"Animating brightness: target=38, rate=200","onInterceptTouchEvent MotionEvent { action=ACTION_DOWN, actionButton=0, id[0]=0, x[0]=<\d>.0, y[0]=<\d>.0, toolType[0]=TOOL_TYPE_FINGER, buttonState=0, metaState=0, flags=0x0, edgeFlags=0x0, pointerCount=1, historySize=0, eventTime=<\d>, downTime=<\d>, deviceId=3, source=0x1002 }, mBlockTouches=false"
0.366666667,"Animating brightness: target=38, rate=200","onInterceptTouchEvent MotionEvent { action=ACTION_UP, actionButton=0, id[0]=0, x[0]=<\d>.0, y[0]=<\d>.0, toolType[0]=TOOL_TYPE_FINGER, buttonState=0, metaState=0, flags=0x0, edgeFlags=0x0, pointerCount=1, historySize=0, eventTime=<\d>, downTime=<\d>, deviceId=3, source=0x1002 }, mBlockTouches=false"
0.333333333,"cancelNotification,index:<\d>","ready=true,policy=3,wakefulness=1,wksummary=<*>,uasummary=0x1,bootcompleted=true,boostinprogress=false,waitmodeenable=false,mode=false,manual=38,auto=-1,adj=0.0userId=0"
0.333333333,"cancelNotification,index:<\d>",cancelNotificationLocked:0|com.tencent.mobileqq|121|null|10111
0.333333333,"cancelNotification,index:<\d>",removeNotification:0|com.tencent.mobileqq|121|null|10111
0.333333333,"release:lock=<\d>, flg=0x0, tag=""<*>"", name=com.android.systemui"", ws=null, uid=10037, pid=2227",enqueueNotificationInternal: pkg=com.tencent.mobileqq id=121 notification=Notification(pri=1 contentView=null vibrate=[100] sound=null tick defaults=0x0 flags=0x11 color=0x00000000 vis=PRIVATE)
0.333333333,"release:lock=<\d>, flg=0x0, tag=""<*>"", name=com.android.systemui"", ws=null, uid=10037, pid=2227",enqueueNotificationInternal: pkg=com.tencent.mm id=4097 notification=Notification(pri=1 contentView=null vibrate=[] sound=null tick defaults=0x0 flags=0x101 color=0x00000000 category=msg vis=PRIVATE)
0.333333333,shouldBlockLocation ret:false,"notifyUiVisibilityChanged:vis=<*>, SystemUiVisibility=<*>"
0.333333333,shouldBlockLocation ret:false,startAnimation begin
0.333333333,shouldBlockLocation ret:false,startAnimation end
0.333333333,shouldBlockLocation ret:false,cancelPeek: false
0.333333333,shouldBlockLocation ret:false,onTrackingStopped: true
0.333333333,shouldBlockLocation ret:false,onNotificationVisibilityChanged called
0.333333333,shouldBlockLocation ret:false,onNotificationClick called
0.333333333,shouldBlockLocation ret:false,"cancelNotificationLocked,remove =com.tencent.mobileqq"
0.333333333,shouldBlockLocation ret:false,"getRecentTasks: num=<\d>,flags=62,totalTasks=<\d>"
0.333333333,shouldBlockLocation ret:false,getRecentTasks: topActivity=ComponentInfo{<*>/com.<*>.<*>.<*>.<*>}
0.333333333,shouldBlockLocation ret:false,makeExpandedInvisible: mExpandedVisible=true
0.333333333,shouldBlockLocation ret:false,stopWifiDisplayScanLocked record.mWifiDisplayScanRequested=false
0.333333333,shouldBlockLocation ret:false,stopWifiDisplayScanLocked mWifiDisplayScanRequestCount=0
0.333333333,shouldBlockLocation ret:false,addNotification key=<\d>|com.tencent.<*>|<\d>|null|<\d>
0.333333333,shouldBlockLocation ret:false,onNotificationExpansionChanged called
0.333333333,shouldBlockLocation ret:false,updateChargingLocked: charging=false
0.333333333,shouldBlockLocation ret:false,ApStaDisabledState what=155652
0.333333333,shouldBlockLocation ret:false,DefaultState what=155652
0.333333333,shouldBlockLocation ret:false,makeExpandedInvisible: mExpandedVisible=false
0.333333333,updateDimmedActivatedHideSensitive overlap:false,"notifyUiVisibilityChanged:vis=<*>, SystemUiVisibility=<*>"
0.333333333,updateDimmedActivatedHideSensitive overlap:false,startAnimation begin
0.333333333,updateDimmedActivatedHideSensitive overlap:false,startAnimation end
0.333333333,updateDimmedActivatedHideSensitive overlap:false,cancelPeek: false
0.333333333,updateDimmedActivatedHideSensitive overlap:false,onTrackingStopped: true
0.333333333,updateDimmedActivatedHideSensitive overlap:false,onNotificationVisibilityChanged called
0.333333333,updateDimmedActivatedHideSensitive overlap:false,onNotificationClick called
0.333333333,updateDimmedActivatedHideSensitive overlap:false,"cancelNotificationLocked,remove =com.tencent.mobileqq"
0.333333333,updateDimmedActivatedHideSensitive overlap:false,"getRecentTasks: num=<\d>,flags=62,totalTasks=<\d>"
0.333333333,updateDimmedActivatedHideSensitive overlap:false,getRecentTasks: topActivity=ComponentInfo{<*>/com.<*>.<*>.<*>.<*>}
0.333333333,updateDimmedActivatedHideSensitive overlap:false,makeExpandedInvisible: mExpandedVisible=true
0.333333333,updateDimmedActivatedHideSensitive overlap:false,stopWifiDisplayScanLocked record.mWifiDisplayScanRequested=false
0.333333333,updateDimmedActivatedHideSensitive overlap:false,stopWifiDisplayScanLocked mWifiDisplayScanRequestCount=0
0.333333333,updateDimmedActivatedHideSensitive overlap:false,addNotification key=<\d>|com.tencent.<*>|<\d>|null|<\d>
0.333333333,updateDimmedActivatedHideSensitive overlap:false,onNotificationExpansionChanged called
0.333333333,updateDimmedActivatedHideSensitive overlap:false,updateChargingLocked: charging=false
0.333333333,updateDimmedActivatedHideSensitive overlap:false,ApStaDisabledState what=155652
0.333333333,updateDimmedActivatedHideSensitive overlap:false,DefaultState what=155652
0.333333333,updateDimmedActivatedHideSensitive overlap:false,makeExpandedInvisible: mExpandedVisible=false
0.333333333,"Animating brightness: target=38, rate=200","release:lock=<\d>, flg=0x0, tag=""<*>"", name=com.android.systemui"", ws=null, uid=10037, pid=2227"
0.333333333,setLightsOn(true),"setDataSource(166, 0, 576460752303423487)"
0.319444444,"userActivityNoUpdateLocked: eventTime=<\d>, event=<\d>, flags=<*>, uid=1000","cleanUpApplicationRecordLocked, pid: <\d>, restart: false"
0.3,"release:lock=<\d>, flg=0x0, tag=""<*>"", name=com.android.systemui"", ws=null, uid=10037, pid=2227","Animating brightness: target=38, rate=200"
0.3,"Releasing suspend blocker ""PowerManagerService.WakeLocks"".",registerCallback not in UI.
0.3,"Acquiring suspend blocker ""PowerManagerService.WakeLocks"".",registerCallback not in UI.
0.277777778,"userActivityNoUpdateLocked: eventTime=<\d>, event=<\d>, flags=<*>, uid=1000","ACTIVITY check resid: com.example.android.notepad, size=<\d>"
0.266666667,"release:lock=<\d>, flg=0x0, tag=""<*>"", name=com.android.systemui"", ws=null, uid=10037, pid=2227","Releasing suspend blocker ""PowerManagerService.WakeLocks""."
0.266666667,"release:lock=<\d>, flg=0x0, tag=""<*>"", name=com.android.systemui"", ws=null, uid=10037, pid=2227","Acquiring suspend blocker ""PowerManagerService.WakeLocks""."
0.266666667,"release:lock=<\d>, flg=0x0, tag=""<*>"", name=com.android.systemui"", ws=null, uid=10037, pid=2227",[PhoneIntfMgr] getDataEnabled: subId=1 phoneId=1
0.266666667,"release:lock=<\d>, flg=0x0, tag=""<*>"", name=com.android.systemui"", ws=null, uid=10037, pid=2227",[PhoneIntfMgr] getDataEnabled: subId=1 retVal=true
0.266666667,"Releasing suspend blocker ""PowerManagerService.WakeLocks"".","release:lock=<\d>, flg=0x0, tag=""<*>"", name=com.android.systemui"", ws=null, uid=10037, pid=2227"
0.266666667,"Acquiring suspend blocker ""PowerManagerService.WakeLocks"".","release:lock=<\d>, flg=0x0, tag=""<*>"", name=com.android.systemui"", ws=null, uid=10037, pid=2227"
0.259259259,"userActivityNoUpdateLocked: eventTime=<\d>, event=<\d>, flags=<*>, uid=1000","cancelNotification,cancelNotificationLocked,callingUid = <\d>,callingPid = <\d>"
0.25,shouldBlockLocation running ...,visible is system.<*>.<*>
0.25,shouldBlockLocation running ...,mVisiblity.getValue is false
0.25,shouldBlockLocation running ...,"rotationForOrientationLw(orient=<\d>, last=0); user=0 USER_ROTATION_LOCKED"
0.25,shouldBlockLocation running ...,HBM brightnessIn =38
0.25,shouldBlockLocation running ...,HBM brightnessOut =38
0.25,shouldBlockLocation running ...,"onTouchEvent::<\d>, x=<\d>.0, y=<\d>.<\d>"
0.25,shouldBlockLocation running ...,"updateLightsLocked,turn off notificationLight"
0.25,shouldBlockLocation running ...,logNotificationVisibilityChanges runInThread start
0.25,shouldBlockLocation running ...,logNotificationVisibilityChanges runInThread over
0.25,shouldBlockLocation running ...,playSoundEffect effectType: <\d>
0.25,shouldBlockLocation running ...,applyOptionsLocked: Unknown animationType=0
0.25,shouldBlockLocation running ...,"updateNotificationShade: total=<\d>, active=<\d>"
0.25,shouldBlockLocation running ...,"ActivityManagerService,attachApplication,callingPid = <\d>"
0.25,shouldBlockLocation running ...,getLastAudibleStreamVolume treamType: <\d>
0.25,shouldBlockLocation running ...,getDevicesForStream streamType: <\d>
0.25,shouldBlockLocation running ...,cleanUpApplicationRecord -- <\d>
0.25,shouldBlockLocation running ...,setSpeakerphoneOn on: true
0.25,shouldBlockLocation running ...,received broadcast android.intent.action.<*>_<*>
0.25,shouldBlockLocation running ...,Pid:28601 MediaPlayer destructor
0.25,shouldBlockLocation running ...,getStreamVolume treamType: <\d>
0.25,shouldBlockLocation running ...,ACTION_BATTERY_CHANGED pluggedType: <\d>
0.25,shouldBlockLocation running ...,RefreshBatteryInfo isBatteryLow: <\d>
0.25,"userActivityNoUpdateLocked: eventTime=<\d>, event=<\d>, flags=<*>, uid=1000",android.util.AndroidRuntimeException: Must execute in UI
0.25,"userActivityNoUpdateLocked: eventTime=<\d>, event=<\d>, flags=<*>, uid=1000","ActivityRecord info: ActivityInfo{<*> com.<*>.<*>.<*>.<*>}, euid: <\d>"
0.25,"userActivityNoUpdateLocked: eventTime=<\d>, event=<\d>, flags=<*>, uid=1000","Skipping, withExcluded: false, tr.intent:Intent { flg=0x10804000 cmp=com.android.systemui/.recents.RecentsActivity bnds=[264,444][920,908] }"
0.25,"userActivityNoUpdateLocked: eventTime=<\d>, event=<\d>, flags=<*>, uid=1000","Skipping, withExcluded: false, tr.intent:Intent { act=android.intent.action.MAIN flg=0x10840000 cmp=com.android.incallui/.InCallActivity (has extras) }"
0.25,"userActivityNoUpdateLocked: eventTime=<\d>, event=<\d>, flags=<*>, uid=1000","Skipping, withExcluded: false, tr.intent:Intent { flg=<*> cmp=com.tencent.<*>/<*> (has extras) }"
0.25,"userActivityNoUpdateLocked: eventTime=<\d>, event=<\d>, flags=<*>, uid=1000","Skipping, withExcluded: false, tr.intent:Intent { act=com.android.contacts.action.CHOOSE_SUB dat=tel:xxxxxxxxxxx flg=0x10808000 cmp=com.android.contacts/.ChooseSubActivity (has extras) }"
0.25,"userActivityNoUpdateLocked: eventTime=<\d>, event=<\d>, flags=<*>, uid=1000","Skipping, withExcluded: false, tr.intent:Intent { act=android.intent.action.VIEW dat=file:///storage/emulated/0/Tencent/QQfile_recv/b.apk typ=application/vnd.android.package-archive flg=0x10800000 cmp=com.android.packageinstaller/.PackageInstallerActivity (has extras) }"
0.25,HBM brightnessIn =38,visible is system.<*>.<*>
0.25,HBM brightnessIn =38,mVisiblity.getValue is false
0.25,HBM brightnessIn =38,"rotationForOrientationLw(orient=<\d>, last=0); user=0 USER_ROTATION_LOCKED"
0.25,HBM brightnessIn =38,shouldBlockLocation running ...
0.25,HBM brightnessIn =38,"onTouchEvent::<\d>, x=<\d>.0, y=<\d>.<\d>"
0.25,HBM brightnessIn =38,"updateLightsLocked,turn off notificationLight"
0.25,HBM brightnessIn =38,logNotificationVisibilityChanges runInThread start
0.25,HBM brightnessIn =38,logNotificationVisibilityChanges runInThread over
0.25,HBM brightnessIn =38,playSoundEffect effectType: <\d>
0.25,HBM brightnessIn =38,applyOptionsLocked: Unknown animationType=0
0.25,HBM brightnessIn =38,"updateNotificationShade: total=<\d>, active=<\d>"
0.25,HBM brightnessIn =38,"ActivityManagerService,attachApplication,callingPid = <\d>"
0.25,HBM brightnessIn =38,getLastAudibleStreamVolume treamType: <\d>
0.25,HBM brightnessIn =38,getDevicesForStream streamType: <\d>
0.25,HBM brightnessIn =38,cleanUpApplicationRecord -- <\d>
0.25,HBM brightnessIn =38,setSpeakerphoneOn on: true
0.25,HBM brightnessIn =38,received broadcast android.intent.action.<*>_<*>
0.25,HBM brightnessIn =38,Pid:28601 MediaPlayer destructor
0.25,HBM brightnessIn =38,getStreamVolume treamType: <\d>
0.25,HBM brightnessIn =38,ACTION_BATTERY_CHANGED pluggedType: <\d>
0.25,HBM brightnessIn =38,RefreshBatteryInfo isBatteryLow: <\d>
0.25,HBM brightnessOut =38,visible is system.<*>.<*>
0.25,HBM brightnessOut =38,mVisiblity.getValue is false
0.25,HBM brightnessOut =38,"rotationForOrientationLw(orient=<\d>, last=0); user=0 USER_ROTATION_LOCKED"
0.25,HBM brightnessOut =38,shouldBlockLocation running ...
0.25,HBM brightnessOut =38,"onTouchEvent::<\d>, x=<\d>.0, y=<\d>.<\d>"
0.25,HBM brightnessOut =38,"updateLightsLocked,turn off notificationLight"
0.25,HBM brightnessOut =38,logNotificationVisibilityChanges runInThread start
0.25,HBM brightnessOut =38,logNotificationVisibilityChanges runInThread over
0.25,HBM brightnessOut =38,playSoundEffect effectType: <\d>
0.25,HBM brightnessOut =38,applyOptionsLocked: Unknown animationType=0
0.25,HBM brightnessOut =38,"updateNotificationShade: total=<\d>, active=<\d>"
0.25,HBM brightnessOut =38,"ActivityManagerService,attachApplication,callingPid = <\d>"
0.25,HBM brightnessOut =38,getLastAudibleStreamVolume treamType: <\d>
0.25,HBM brightnessOut =38,getDevicesForStream streamType: <\d>
0.25,HBM brightnessOut =38,cleanUpApplicationRecord -- <\d>
0.25,HBM brightnessOut =38,setSpeakerphoneOn on: true
0.25,HBM brightnessOut =38,received broadcast android.intent.action.<*>_<*>
0.25,HBM brightnessOut =38,Pid:28601 MediaPlayer destructor
0.25,HBM brightnessOut =38,getStreamVolume treamType: <\d>
0.25,HBM brightnessOut =38,ACTION_BATTERY_CHANGED pluggedType: <\d>
0.25,HBM brightnessOut =38,RefreshBatteryInfo isBatteryLow: <\d>
0.240740741,"userActivityNoUpdateLocked: eventTime=<\d>, event=<\d>, flags=<*>, uid=1000",visible is system.<*>.count gt <\d>
0.222222222,"userActivityNoUpdateLocked: eventTime=<\d>, event=<\d>, flags=<*>, uid=1000",setWiredDeviceConnectionState type: <\d> state: <\d>
0.2,"release:lock=<\d>, flg=0x0, tag=""<*>"", name=com.android.systemui"", ws=null, uid=10037, pid=2227",remove(PendingIntent{<*>: PendingIntentRecord{<*> <*> broadcastIntent}}) changed bounds; rebatching
0.2,"release:lock=<\d>, flg=0x0, tag=""<*>"", name=com.android.systemui"", ws=null, uid=10037, pid=2227",Bad activity token: android.os.BinderProxy@2bd79ce
0.2,"release:lock=<\d>, flg=0x0, tag=""<*>"", name=com.android.systemui"", ws=null, uid=10037, pid=2227",registerCallback not in UI.
0.2,"release:lock=<\d>, flg=0x0, tag=""<*>"", name=com.android.systemui"", ws=null, uid=10037, pid=2227","onInterceptTouchEvent MotionEvent { action=ACTION_DOWN, actionButton=0, id[0]=0, x[0]=<\d>.0, y[0]=<\d>.0, toolType[0]=TOOL_TYPE_FINGER, buttonState=0, metaState=0, flags=0x0, edgeFlags=0x0, pointerCount=1, historySize=0, eventTime=<\d>, downTime=<\d>, deviceId=3, source=0x1002 }, mBlockTouches=false"
0.2,"release:lock=<\d>, flg=0x0, tag=""<*>"", name=com.android.systemui"", ws=null, uid=10037, pid=2227","onInterceptTouchEvent MotionEvent { action=ACTION_UP, actionButton=0, id[0]=0, x[0]=<\d>.0, y[0]=<\d>.0, toolType[0]=TOOL_TYPE_FINGER, buttonState=0, metaState=0, flags=0x0, edgeFlags=0x0, pointerCount=1, historySize=0, eventTime=<\d>, downTime=<\d>, deviceId=3, source=0x1002 }, mBlockTouches=false"
0.2,"release:lock=<\d>, flg=0x0, tag=""<*>"", name=com.android.systemui"", ws=null, uid=10037, pid=2227",Received TIME_TICK alarm; rescheduling
0.2,"release:lock=<\d>, flg=0x0, tag=""<*>"", name=com.android.systemui"", ws=null, uid=10037, pid=2227",scheduleTimeTickEvent triggerAtTime = <\d>
0.2,"release:lock=<\d>, flg=0x0, tag=""<*>"", name=com.android.systemui"", ws=null, uid=10037, pid=2227",enqueueNotificationInternal: n.getKey = <\d>|com.tencent.<*>|<\d>|null|<\d>
0.2,"release:lock=<\d>, flg=0x0, tag=""<*>"", name=com.android.systemui"", ws=null, uid=10037, pid=2227",battery changed pluggedType: <\d>
0.2,"Releasing suspend blocker ""PowerManagerService.WakeLocks"".","updateClipping isOverlap:false, getTopPadding=333.0, Translation=<*>.<\d>"
0.2,"Releasing suspend blocker ""PowerManagerService.WakeLocks"".",remove(PendingIntent{<*>: PendingIntentRecord{<*> <*> broadcastIntent}}) changed bounds; rebatching
0.2,"Releasing suspend blocker ""PowerManagerService.WakeLocks"".","Animating brightness: target=38, rate=200"
0.2,"Releasing suspend blocker ""PowerManagerService.WakeLocks"".",Bad activity token: android.os.BinderProxy@2bd79ce
0.2,"Releasing suspend blocker ""PowerManagerService.WakeLocks"".","updateClipping isOverlap:true, getTopPadding=333.0, Translation=-<\d>.<\d>"
0.2,"Releasing suspend blocker ""PowerManagerService.WakeLocks"".",[PhoneIntfMgr] getDataEnabled: subId=1 phoneId=1
0.2,"Releasing suspend blocker ""PowerManagerService.WakeLocks"".",[PhoneIntfMgr] getDataEnabled: subId=1 retVal=true
0.2,"Releasing suspend blocker ""PowerManagerService.WakeLocks"".","onInterceptTouchEvent MotionEvent { action=ACTION_DOWN, actionButton=0, id[0]=0, x[0]=<\d>.0, y[0]=<\d>.0, toolType[0]=TOOL_TYPE_FINGER, buttonState=0, metaState=0, flags=0x0, edgeFlags=0x0, pointerCount=1, historySize=0, eventTime=<\d>, downTime=<\d>, deviceId=3, source=0x1002 }, mBlockTouches=false"
0.2,"Releasing suspend blocker ""PowerManagerService.WakeLocks"".","onInterceptTouchEvent MotionEvent { action=ACTION_UP, actionButton=0, id[0]=0, x[0]=<\d>.0, y[0]=<\d>.0, toolType[0]=TOOL_TYPE_FINGER, buttonState=0, metaState=0, flags=0x0, edgeFlags=0x0, pointerCount=1, historySize=0, eventTime=<\d>, downTime=<\d>, deviceId=3, source=0x1002 }, mBlockTouches=false"
0.2,"Releasing suspend blocker ""PowerManagerService.WakeLocks"".","animateCollapsePanels:flags=2, force=true, delayed=true, mExpandedVisible=true"
0.2,"Releasing suspend blocker ""PowerManagerService.WakeLocks"".","animateCollapsePanels:flags=0, force=false, delayed=false, mExpandedVisible=true"
0.2,"Releasing suspend blocker ""PowerManagerService.WakeLocks"".",Received TIME_TICK alarm; rescheduling
0.2,"Releasing suspend blocker ""PowerManagerService.WakeLocks"".",scheduleTimeTickEvent triggerAtTime = <\d>
0.2,"Releasing suspend blocker ""PowerManagerService.WakeLocks"".","animateCollapsePanels:flags=0, force=false, delayed=false, mExpandedVisible=false"
0.2,"Releasing suspend blocker ""PowerManagerService.WakeLocks"".",enqueueNotificationInternal: pkg=com.tencent.mobileqq id=121 notification=Notification(pri=1 contentView=null vibrate=[100] sound=null tick defaults=0x0 flags=0x11 color=0x00000000 vis=PRIVATE)
0.2,"Releasing suspend blocker ""PowerManagerService.WakeLocks"".",enqueueNotificationInternal: n.getKey = <\d>|com.tencent.<*>|<\d>|null|<\d>
0.2,"Releasing suspend blocker ""PowerManagerService.WakeLocks"".",battery changed pluggedType: <\d>
0.2,"Releasing suspend blocker ""PowerManagerService.WakeLocks"".",enqueueNotificationInternal: pkg=com.tencent.mm id=4097 notification=Notification(pri=1 contentView=null vibrate=[] sound=null tick defaults=0x0 flags=0x101 color=0x00000000 category=msg vis=PRIVATE)
0.2,"Acquiring suspend blocker ""PowerManagerService.WakeLocks"".","updateClipping isOverlap:false, getTopPadding=333.0, Translation=<*>.<\d>"
0.2,"Acquiring suspend blocker ""PowerManagerService.WakeLocks"".",remove(PendingIntent{<*>: PendingIntentRecord{<*> <*> broadcastIntent}}) changed bounds; rebatching
0.2,"Acquiring suspend blocker ""PowerManagerService.WakeLocks"".","Animating brightness: target=38, rate=200"
0.2,"Acquiring suspend blocker ""PowerManagerService.WakeLocks"".",Bad activity token: android.os.BinderProxy@2bd79ce
0.2,"Acquiring suspend blocker ""PowerManagerService.WakeLocks"".","updateClipping isOverlap:true, getTopPadding=333.0, Translation=-<\d>.<\d>"
0.2,"Acquiring suspend blocker ""PowerManagerService.WakeLocks"".",[PhoneIntfMgr] getDataEnabled: subId=1 phoneId=1
0.2,"Acquiring suspend blocker ""PowerManagerService.WakeLocks"".",[PhoneIntfMgr] getDataEnabled: subId=1 retVal=true
0.2,"Acquiring suspend blocker ""PowerManagerService.WakeLocks"".","onInterceptTouchEvent MotionEvent { action=ACTION_DOWN, actionButton=0, id[0]=0, x[0]=<\d>.0, y[0]=<\d>.0, toolType[0]=TOOL_TYPE_FINGER, buttonState=0, metaState=0, flags=0x0, edgeFlags=0x0, pointerCount=1, historySize=0, eventTime=<\d>, downTime=<\d>, deviceId=3, source=0x1002 }, mBlockTouches=false"
0.2,"Acquiring suspend blocker ""PowerManagerService.WakeLocks"".","onInterceptTouchEvent MotionEvent { action=ACTION_UP, actionButton=0, id[0]=0, x[0]=<\d>.0, y[0]=<\d>.0, toolType[0]=TOOL_TYPE_FINGER, buttonState=0, metaState=0, flags=0x0, edgeFlags=0x0, pointerCount=1, historySize=0, eventTime=<\d>, downTime=<\d>, deviceId=3, source=0x1002 }, mBlockTouches=false"
0.2,"Acquiring suspend blocker ""PowerManagerService.WakeLocks"".","animateCollapsePanels:flags=2, force=true, delayed=true, mExpandedVisible=true"
0.2,"Acquiring suspend blocker ""PowerManagerService.WakeLocks"".","animateCollapsePanels:flags=0, force=false, delayed=false, mExpandedVisible=true"
0.2,"Acquiring suspend blocker ""PowerManagerService.WakeLocks"".",Received TIME_TICK alarm; rescheduling
0.2,"Acquiring suspend blocker ""PowerManagerService.WakeLocks"".",scheduleTimeTickEvent triggerAtTime = <\d>
0.2,"Acquiring suspend blocker ""PowerManagerService.WakeLocks"".","animateCollapsePanels:flags=0, force=false, delayed=false, mExpandedVisible=false"
0.2,"Acquiring suspend blocker ""PowerManagerService.WakeLocks"".",enqueueNotificationInternal: pkg=com.tencent.mobileqq id=121 notification=Notification(pri=1 contentView=null vibrate=[100] sound=null tick defaults=0x0 flags=0x11 color=0x00000000 vis=PRIVATE)
0.2,"Acquiring suspend blocker ""PowerManagerService.WakeLocks"".",enqueueNotificationInternal: n.getKey = <\d>|com.tencent.<*>|<\d>|null|<\d>
0.2,"Acquiring suspend blocker ""PowerManagerService.WakeLocks"".",battery changed pluggedType: <\d>
0.2,"Acquiring suspend blocker ""PowerManagerService.WakeLocks"".",enqueueNotificationInternal: pkg=com.tencent.mm id=4097 notification=Notification(pri=1 contentView=null vibrate=[] sound=null tick defaults=0x0 flags=0x101 color=0x00000000 category=msg vis=PRIVATE)
0.2,getTasks: caller <\d> does not hold REAL_GET_TASKS; limiting output,"cancelNotificationWithTag pid 28601,uid = 10111,tag = null,pkg =com.tencent.mobileqq,id =<\d>"
0.2,"updateClipping isOverlap:false, getTopPadding=333.0, Translation=<*>.<\d>",remove(PendingIntent{<*>: PendingIntentRecord{<*> <*> broadcastIntent}}) changed bounds; rebatching
0.2,"updateClipping isOverlap:false, getTopPadding=333.0, Translation=<*>.<\d>","Releasing suspend blocker ""PowerManagerService.WakeLocks""."
0.2,"updateClipping isOverlap:false, getTopPadding=333.0, Translation=<*>.<\d>","Acquiring suspend blocker ""PowerManagerService.WakeLocks""."
0.2,"updateClipping isOverlap:false, getTopPadding=333.0, Translation=<*>.<\d>",Bad activity token: android.os.BinderProxy@2bd79ce
0.2,"updateClipping isOverlap:false, getTopPadding=333.0, Translation=<*>.<\d>",registerCallback not in UI.
0.2,"updateClipping isOverlap:false, getTopPadding=333.0, Translation=<*>.<\d>",Received TIME_TICK alarm; rescheduling
0.2,"updateClipping isOverlap:false, getTopPadding=333.0, Translation=<*>.<\d>",scheduleTimeTickEvent triggerAtTime = <\d>
0.2,"updateClipping isOverlap:false, getTopPadding=333.0, Translation=<*>.<\d>",enqueueNotificationInternal: n.getKey = <\d>|com.tencent.<*>|<\d>|null|<\d>
0.2,"updateClipping isOverlap:false, getTopPadding=333.0, Translation=<*>.<\d>",battery changed pluggedType: <\d>
0.2,getRunningAppProcesses: caller <\d> does not hold REAL_GET_TASKS; limiting output,"cancelNotificationWithTag pid 28601,uid = 10111,tag = null,pkg =com.tencent.mobileqq,id =<\d>"
0.2,"Animating brightness: target=38, rate=200",remove(PendingIntent{<*>: PendingIntentRecord{<*> <*> broadcastIntent}}) changed bounds; rebatching
0.2,"Animating brightness: target=38, rate=200","Releasing suspend blocker ""PowerManagerService.WakeLocks""."
0.2,"Animating brightness: target=38, rate=200","Acquiring suspend blocker ""PowerManagerService.WakeLocks""."
0.2,"Animating brightness: target=38, rate=200",Bad activity token: android.os.BinderProxy@2bd79ce
0.2,"Animating brightness: target=38, rate=200",registerCallback not in UI.
0.2,"Animating brightness: target=38, rate=200",Received TIME_TICK alarm; rescheduling
0.2,"Animating brightness: target=38, rate=200",scheduleTimeTickEvent triggerAtTime = <\d>
0.2,"Animating brightness: target=38, rate=200",enqueueNotificationInternal: n.getKey = <\d>|com.tencent.<*>|<\d>|null|<\d>
0.2,"Animating brightness: target=38, rate=200",battery changed pluggedType: <\d>
0.166666667,"userActivityNoUpdateLocked: eventTime=<\d>, event=<\d>, flags=<*>, uid=1000",getNeighboringCellInfo calling app is com.amap.android.ams
0.166666667,"userActivityNoUpdateLocked: eventTime=<\d>, event=<\d>, flags=<*>, uid=1000",*** register callback for com.android.systemui.statusbar.policy.KeyguardMonitor@712d093
0.166666667,"userActivityNoUpdateLocked: eventTime=<\d>, event=<\d>, flags=<*>, uid=1000",*** unregister callback for null
0.166666667,"userActivityNoUpdateLocked: eventTime=<\d>, event=<\d>, flags=<*>, uid=1000",*** unregister callback for com.android.systemui.statusbar.policy.KeyguardMonitor@712d093
0.166666667,"userActivityNoUpdateLocked: eventTime=<\d>, event=<\d>, flags=<*>, uid=1000",Process com.tencent.mobileqq:qzone (pid 12236) has died
0.166666667,"userActivityNoUpdateLocked: eventTime=<\d>, event=<\d>, flags=<*>, uid=1000",Marking notification as seen <\d>|com.tencent.<*>|<\d>|null|<\d>
0.166666667,"userActivityNoUpdateLocked: eventTime=<\d>, event=<\d>, flags=<*>, uid=1000",ACTION_BATTERY_CHANGED AMP: 0; Volt: <\d>
0.111111111,"acquire lock=<\d>, flags=0x1, tag=""<*>"", name=<*> ws=<*>, uid=<\d>, pid=<\d>",Scheduling restart of crashed service com.tencent.mobileqq/cooperation.qzone.remote.logic.QzoneWebPluginProxyService in 1000ms
0.111111111,"acquire lock=<\d>, flags=0x1, tag=""<*>"", name=<*> ws=<*>, uid=<\d>, pid=<\d>",getCellLocation is blocked by permission manager uid:10111 pid:28601
0.1,getTasks: caller <\d> does not hold REAL_GET_TASKS; limiting output,interceptKeyTq keycode=<\d> interactive=true keyguardActive=false policyFlags=2b000002 down true canceled false
0.1,getTasks: caller <\d> does not hold REAL_GET_TASKS; limiting output,interceptKeyTq keycode=<\d> interactive=true keyguardActive=false policyFlags=2b000002 down false canceled false
0.1,getTasks: caller <\d> does not hold REAL_GET_TASKS; limiting output,Sending non-protected broadcast com.android.systemui.statusbar.visible.change from system 2227:com.android.systemui/u0a37 pkg com.android.systemui
0.1,getTasks: caller <\d> does not hold REAL_GET_TASKS; limiting output,START u0 {act=com.tencent.mobileqq.action.MAINACTIVITY flg=0x14000000 cmp=com.tencent.mobileqq/.activity.SplashActivity (has extras)} from uid <\d> on display <\d>
0.1,getTasks: caller <\d> does not hold REAL_GET_TASKS; limiting output,Unable to start service Intent { act=com.tencent.android.tpush.action.keepalive cmp=com.qqgame.hlddz/com.tencent.android.tpush.service.XGPushService } U=0: not found
0.1,getTasks: caller <\d> does not hold REAL_GET_TASKS; limiting output,"START u0 {act=android.intent.action.MAIN cat=[android.intent.category.LAUNCHER] flg=0x10200000 cmp=com.<*>.<*>.<*>.<*> bnds=[<\d>,<\d>][<\d>,<\d>]} from uid <\d> on display <\d>"
0.1,getTasks: caller <\d> does not hold REAL_GET_TASKS; limiting output,START u0 {flg=0x24000000 cmp=com.tencent.mm/.ui.LauncherUI (has extras)} from uid <\d> on display <\d>
0.1,getRunningAppProcesses: caller <\d> does not hold REAL_GET_TASKS; limiting output,interceptKeyTq keycode=<\d> interactive=true keyguardActive=false policyFlags=2b000002 down true canceled false
0.1,getRunningAppProcesses: caller <\d> does not hold REAL_GET_TASKS; limiting output,interceptKeyTq keycode=<\d> interactive=true keyguardActive=false policyFlags=2b000002 down false canceled false
0.1,getRunningAppProcesses: caller <\d> does not hold REAL_GET_TASKS; limiting output,Sending non-protected broadcast com.android.systemui.statusbar.visible.change from system 2227:com.android.systemui/u0a37 pkg com.android.systemui
0.1,getRunningAppProcesses: caller <\d> does not hold REAL_GET_TASKS; limiting output,START u0 {act=com.tencent.mobileqq.action.MAINACTIVITY flg=0x14000000 cmp=com.tencent.mobileqq/.activity.SplashActivity (has extras)} from uid <\d> on display <\d>
0.1,getRunningAppProcesses: caller <\d> does not hold REAL_GET_TASKS; limiting output,Unable to start service Intent { act=com.tencent.android.tpush.action.keepalive cmp=com.qqgame.hlddz/com.tencent.android.tpush.service.XGPushService } U=0: not found
0.1,getRunningAppProcesses: caller <\d> does not hold REAL_GET_TASKS; limiting output,"START u0 {act=android.intent.action.MAIN cat=[android.intent.category.LAUNCHER] flg=0x10200000 cmp=com.<*>.<*>.<*>.<*> bnds=[<\d>,<\d>][<\d>,<\d>]} from uid <\d> on display <\d>"
0.1,getRunningAppProcesses: caller <\d> does not hold REAL_GET_TASKS; limiting output,START u0 {flg=0x24000000 cmp=com.tencent.mm/.ui.LauncherUI (has extras)} from uid <\d> on display <\d>
0.090909091,"setSystemUiVisibility vis=<*> mask=<*> oldVal=<*> newVal=<*> diff=<*> fullscreenStackVis=0 dockedStackVis=0, fullscreenStackBounds=Rect(0, <\d> - <\d>, <\d>), dockedStackBounds=Rect(0, 0 - 0, 0)",getAllCellInfo is blocked by permission manager . callingPackage = com.tencent.mobileqq
0.090909091,"setSystemUiVisibility vis=<*> mask=<*> oldVal=<*> newVal=<*> diff=<*> fullscreenStackVis=0 dockedStackVis=0, fullscreenStackBounds=Rect(0, <\d> - <\d>, <\d>), dockedStackBounds=Rect(0, 0 - 0, 0)",startActivity called from non-Activity context; forcing Intent.FLAG_ACTIVITY_NEW_TASK for: Intent { flg=0x24000000 cmp=com.tencent.mm/.ui.LauncherUI (has extras) }
