sim,T1,T2
0.166666667,mod_jk child workerEnv in error state <\d>,jk2_init() Can't find child <\d> in scoreboard
0.125,mod_jk child workerEnv in error state <\d>,[client <\d>.<\d>.<\d>.<\d>] Directory index forbidden by rule: /var/www/html/
0.125,[client <\d>.<\d>.<\d>.<\d>] Directory index forbidden by rule: /var/www/html/,mod_jk child workerEnv in error state <\d>
0.125,[client <\d>.<\d>.<\d>.<\d>] Directory index forbidden by rule: /var/www/html/,jk2_init() Can't find child <\d> in scoreboard
