sim,T1,T2
0.5,data storage interrupt,data address: 0x00000002
0.5,data storage interrupt,data address space................0
0.4,iar <*> dear <*>,exception syndrome register: <*>
0.4,iar <*> dear <*>,machine state register: 0x00002000
0.4,iar <*> dear <*>,core configuration register: 0x00002000
0.4,iar <*> dear <*>,Machine State Register: 0x0002f900
0.375,instruction address: <*>,machine check: i-fetch......................0
0.333333333,generating core.<\d>,program interrupt
0.333333333,generating core.<\d>,shutdown complete
0.25,instruction address: <*>,force load/store alignment...............0
0.25,instruction address: <*>,data storage interrupt
0.25,instruction address: <*>,"problem state (0=sup,1=usr).......0"
0.25,instruction address: <*>,machine check enable..............0
0.25,instruction address: <*>,debug interrupt enable............0
0.25,instruction address: <*>,byte ordering exception.....................0
0.25,instruction address: <*>,data address space................0
0.25,instruction address: <*>,icache prefetch depth....................0
0.25,instruction address: <*>,icache prefetch threshold................0
0.25,instruction address: <*>,wait state enable.................0
0.25,instruction address: <*>,special purpose registers:
0.25,instruction address: <*>,rts internal error
0.25,instruction address: <*>,debug wait enable.................0
0.25,instruction address: <*>,disable store gathering..................0
0.25,instruction address: <*>,dbcr0=0x00000000 dbsr=0x00000000 ccr0=0x40002000
0.25,instruction address: <*>,minus normalized number..................0
0.25,data storage interrupt,force load/store alignment...............0
0.25,data storage interrupt,instruction address: <*>
0.25,data storage interrupt,machine check: i-fetch......................0
0.25,data storage interrupt,"problem state (0=sup,1=usr).......0"
0.25,data storage interrupt,machine check enable..............0
0.25,data storage interrupt,debug interrupt enable............0
0.25,data storage interrupt,byte ordering exception.....................0
0.25,data storage interrupt,icache prefetch depth....................0
0.25,data storage interrupt,icache prefetch threshold................0
0.25,data storage interrupt,wait state enable.................0
0.25,data storage interrupt,special purpose registers:
0.25,data storage interrupt,rts internal error
0.25,data storage interrupt,debug wait enable.................0
0.25,data storage interrupt,instruction address space.........0
0.25,data storage interrupt,disable store gathering..................0
0.25,data storage interrupt,dbcr0=0x00000000 dbsr=0x00000000 ccr0=0x40002000
0.25,data storage interrupt,minus normalized number..................0
0.222222222,ciod: generated <\d> core files for program <*>,total of <\d> ddr error(s) detected and corrected
0.222222222,ciod: generated <\d> core files for program <*>,Can not get assembly information for node card
0.2,"ciod: Error loading <*>: invalid or missing program image, No such file or directory","ciod: Error reading message prefix on CioStream socket to <\d>.<\d>.<\d>.<\d>:<\d>, Connection reset by peer"
0.2,"ciod: Error loading <*>: invalid or missing program image, No such file or directory","ciod: Error reading message prefix on CioStream socket to <\d>.<\d>.<\d>.<\d>:<\d>, Link has been severed"
0.2,data TLB error interrupt,<\d> double-hummer alignment exceptions
0.2,data TLB error interrupt,program interrupt: illegal instruction......<\d>
0.2,data TLB error interrupt,exception syndrome register: <*>
0.2,data TLB error interrupt,program interrupt: privileged instruction...0
0.2,data TLB error interrupt,program interrupt: trap instruction.........0
0.2,data TLB error interrupt,program interrupt: imprecise exception......0
0.2,data TLB error interrupt,machine state register: 0x00002000
0.2,data TLB error interrupt,floating point instr. enabled.....1
0.2,data TLB error interrupt,program interrupt: unimplemented operation..0
0.2,data TLB error interrupt,core configuration register: 0x00002000
0.2,data TLB error interrupt,critical input interrupt enable...0
0.2,data TLB error interrupt,lr:00004ed0 cr:28244842 xer:20000002 ctr:00086000
0.2,data TLB error interrupt,iar <*> dear <*>
0.2,data TLB error interrupt,r24=0x0ffea4c8 r25=0x00000003 r26=0x0000000f r27=0xffffd000
0.2,data TLB error interrupt,fpr29=0xffffffff ffffffff ffffffff ffffffff
0.2,data TLB error interrupt,Machine State Register: 0x0002f900
0.2,<\d> double-hummer alignment exceptions,data TLB error interrupt
0.2,<\d> double-hummer alignment exceptions,program interrupt: illegal instruction......<\d>
0.2,<\d> double-hummer alignment exceptions,exception syndrome register: <*>
0.2,<\d> double-hummer alignment exceptions,program interrupt: privileged instruction...0
0.2,<\d> double-hummer alignment exceptions,program interrupt: trap instruction.........0
0.2,<\d> double-hummer alignment exceptions,program interrupt: imprecise exception......0
0.2,<\d> double-hummer alignment exceptions,machine state register: 0x00002000
0.2,<\d> double-hummer alignment exceptions,floating point instr. enabled.....1
0.2,<\d> double-hummer alignment exceptions,program interrupt: unimplemented operation..0
0.2,<\d> double-hummer alignment exceptions,core configuration register: 0x00002000
0.2,<\d> double-hummer alignment exceptions,critical input interrupt enable...0
0.2,<\d> double-hummer alignment exceptions,lr:00004ed0 cr:28244842 xer:20000002 ctr:00086000
0.2,<\d> double-hummer alignment exceptions,iar <*> dear <*>
0.2,<\d> double-hummer alignment exceptions,r24=0x0ffea4c8 r25=0x00000003 r26=0x0000000f r27=0xffffd000
0.2,<\d> double-hummer alignment exceptions,fpr29=0xffffffff ffffffff ffffffff ffffffff
0.2,<\d> double-hummer alignment exceptions,Machine State Register: 0x0002f900
0.2,iar <*> dear <*>,<\d> double-hummer alignment exceptions
0.2,iar <*> dear <*>,data TLB error interrupt
0.2,iar <*> dear <*>,program interrupt: illegal instruction......<\d>
0.2,iar <*> dear <*>,program interrupt: privileged instruction...0
0.2,iar <*> dear <*>,program interrupt: trap instruction.........0
0.2,iar <*> dear <*>,program interrupt: imprecise exception......0
0.2,iar <*> dear <*>,floating point instr. enabled.....1
0.2,iar <*> dear <*>,program interrupt: unimplemented operation..0
0.2,iar <*> dear <*>,critical input interrupt enable...0
0.2,iar <*> dear <*>,lr:00004ed0 cr:28244842 xer:20000002 ctr:00086000
0.2,iar <*> dear <*>,r24=0x0ffea4c8 r25=0x00000003 r26=0x0000000f r27=0xffffd000
0.1875,"CE sym <\d>, at <*>, mask <*>","ciod: Received signal 15, code=0, errno=0, address=<*>"
0.166666667,instruction cache parity error corrected,program interrupt: fp cr update.............0
0.166666667,instruction cache parity error corrected,guaranteed instruction cache block touch.0
0.166666667,instruction cache parity error corrected,guaranteed data cache block touch........1
0.166666667,instruction cache parity error corrected,rts panic! - stopping execution
0.166666667,instruction cache parity error corrected,<\d> floating point alignment exceptions
0.166666667,instruction cache parity error corrected,NodeCard is not fully functional
0.166666667,<\d> floating point alignment exceptions,instruction cache parity error corrected
0.166666667,<\d> floating point alignment exceptions,program interrupt: fp cr update.............0
0.166666667,<\d> floating point alignment exceptions,guaranteed instruction cache block touch.0
0.166666667,<\d> floating point alignment exceptions,guaranteed data cache block touch........1
0.166666667,<\d> floating point alignment exceptions,rts panic! - stopping execution
0.166666667,<\d> floating point alignment exceptions,NodeCard is not fully functional
0.125,"CE sym <\d>, at <*>, mask <*>",size of scratchpad portion of L3.........0 (0M)
0.115384615,"idoproxydb hit ASSERT condition: ASSERT expression=0 Source file=idotransportmgr.cpp Source line=1043 Function=int IdoTransportMgr::SendPacket(IdoUdpMgr*, BglCtlPavTrace*)","ciod: Error loading <*>: invalid or missing program image, Exec format error"
0.111111111,ciod: generated <\d> core files for program <*>,Lustre mount FAILED : <*> : point /p/gb1
0.111111111,ciod: generated <\d> core files for program <*>,<\d> L3 EDRAM error(s) (dcr 0x0157) detected and corrected
0.1,"ciod: Error loading <*>: invalid or missing program image, No such file or directory","<\d> ddr error(s) detected and corrected on rank 0, symbol <\d> over <\d> seconds"
