sim,T1,T2
0.4,Resolved <*>.fareast.corp.microsoft.com to /default-rack,Extract jar:file:/D:/hadoop-2.6.0-localbox/share/hadoop/yarn/hadoop-yarn-common-2.6.0-SNAPSHOT.jar!/webapps/mapreduce to C:\Users\msrabi\AppData\Local\Temp\Jetty_0_0_0_0_62267_mapreduce____.8n7xum\webapp
0.266666667,Resolved <*>.fareast.corp.microsoft.com to /default-rack,loaded properties from hadoop-metrics2.properties
0.266666667,Resolved <*>.fareast.corp.microsoft.com to /default-rack,Instantiated MRClientService at MININT-FNANLI5.fareast.corp.microsoft.com/10.86.169.121:62260
0.266666667,Resolved <*>.fareast.corp.microsoft.com to /default-rack,"Recalculating schedule, headroom=<memory:<\d>, vCores:-<\<*>>"
0.266666667,"Recalculating schedule, headroom=<memory:<\d>, vCores:-<\<*>>",Instantiated MRClientService at MININT-FNANLI5.fareast.corp.microsoft.com/10.86.169.121:62260
0.266666667,"Recalculating schedule, headroom=<memory:<\d>, vCores:-<\<*>>",Extract jar:file:/D:/hadoop-2.6.0-localbox/share/hadoop/yarn/hadoop-yarn-common-2.6.0-SNAPSHOT.jar!/webapps/mapreduce to C:\Users\msrabi\AppData\Local\Temp\Jetty_0_0_0_0_62267_mapreduce____.8n7xum\webapp
0.266666667,"Recalculating schedule, headroom=<memory:<\d>, vCores:-<\<*>>",Opening proxy : <*>.fareast.corp.microsoft.com:<\d>
0.229166667,Progress of TaskAttempt attempt_<\d>_<\d>_m_<\d>_<\d> is : <\d>.<\d>,Address change detected. Old: msra-sa-<\d>/<\d>.<\d>.<\d>.<\d>:<\d> New: msra-sa-<\d>:<\d>
0.229166667,Address change detected. Old: msra-sa-<\d>/<\d>.<\d>.<\d>.<\d>:<\d> New: msra-sa-<\d>:<\d>,Progress of TaskAttempt attempt_<\d>_<\d>_m_<\d>_<\d> is : <\d>.<\d>
0.222222222,Reduce slow start threshold not met. completedMapsForReduceSlowstart <\d>,Number of reduces for job job_1445144423722_0020 = <\d>
0.2,Resolved <*>.fareast.corp.microsoft.com to /default-rack,Default file system [hdfs://msra-sa-41:9000]
0.2,Resolved <*>.fareast.corp.microsoft.com to /default-rack,MRAppMaster metrics system started
0.2,Resolved <*>.fareast.corp.microsoft.com to /default-rack,Using callQueue class java.util.concurrent.LinkedBlockingQueue
0.2,Resolved <*>.fareast.corp.microsoft.com to /default-rack,IPC Server Responder: starting
0.2,Resolved <*>.fareast.corp.microsoft.com to /default-rack,adding path spec: /<*>/*
0.2,Resolved <*>.fareast.corp.microsoft.com to /default-rack,Registered webapp guice modules
0.2,Resolved <*>.fareast.corp.microsoft.com to /default-rack,Got allocated containers <\d>
0.2,Resolved <*>.fareast.corp.microsoft.com to /default-rack,Opening proxy : <*>.fareast.corp.microsoft.com:<\d>
0.2,Resolved <*>.fareast.corp.microsoft.com to /default-rack,Received completed container container_<\d>_<\d>_<\d>_<\d>
0.2,Resolved <*>.fareast.corp.microsoft.com to /default-rack,Done acknowledgement from attempt_1445144423722_0020_m_000003_0
0.2,Resolved <*>.fareast.corp.microsoft.com to /default-rack,Num completed Tasks: <\d>
0.2,Resolved <*>.fareast.corp.microsoft.com to /default-rack,ERROR IN CONTACTING RM.
0.2,"Recalculating schedule, headroom=<memory:<\d>, vCores:-<\<*>>",Default file system [hdfs://msra-sa-41:9000]
0.2,"Recalculating schedule, headroom=<memory:<\d>, vCores:-<\<*>>",loaded properties from hadoop-metrics2.properties
0.2,"Recalculating schedule, headroom=<memory:<\d>, vCores:-<\<*>>",MRAppMaster metrics system started
0.2,"Recalculating schedule, headroom=<memory:<\d>, vCores:-<\<*>>",Using callQueue class java.util.concurrent.LinkedBlockingQueue
0.2,"Recalculating schedule, headroom=<memory:<\d>, vCores:-<\<*>>",IPC Server Responder: starting
0.2,"Recalculating schedule, headroom=<memory:<\d>, vCores:-<\<*>>",adding path spec: /<*>/*
0.2,"Recalculating schedule, headroom=<memory:<\d>, vCores:-<\<*>>",Registered webapp guice modules
0.2,"Recalculating schedule, headroom=<memory:<\d>, vCores:-<\<*>>",Resolved <*>.fareast.corp.microsoft.com to /default-rack
0.2,"Recalculating schedule, headroom=<memory:<\d>, vCores:-<\<*>>",Got allocated containers <\d>
0.2,"Recalculating schedule, headroom=<memory:<\d>, vCores:-<\<*>>",Received completed container container_<\d>_<\d>_<\d>_<\d>
0.2,"Recalculating schedule, headroom=<memory:<\d>, vCores:-<\<*>>",Done acknowledgement from attempt_1445144423722_0020_m_000003_0
0.2,"Recalculating schedule, headroom=<memory:<\d>, vCores:-<\<*>>",Num completed Tasks: <\d>
0.2,"Recalculating schedule, headroom=<memory:<\d>, vCores:-<\<*>>",ERROR IN CONTACTING RM.
0.2,ERROR IN CONTACTING RM.,Default file system [hdfs://msra-sa-41:9000]
0.2,ERROR IN CONTACTING RM.,loaded properties from hadoop-metrics2.properties
0.2,ERROR IN CONTACTING RM.,MRAppMaster metrics system started
0.2,ERROR IN CONTACTING RM.,Using callQueue class java.util.concurrent.LinkedBlockingQueue
0.2,ERROR IN CONTACTING RM.,Instantiated MRClientService at MININT-FNANLI5.fareast.corp.microsoft.com/10.86.169.121:62260
0.2,ERROR IN CONTACTING RM.,IPC Server Responder: starting
0.2,ERROR IN CONTACTING RM.,adding path spec: /<*>/*
0.2,ERROR IN CONTACTING RM.,Extract jar:file:/D:/hadoop-2.6.0-localbox/share/hadoop/yarn/hadoop-yarn-common-2.6.0-SNAPSHOT.jar!/webapps/mapreduce to C:\Users\msrabi\AppData\Local\Temp\Jetty_0_0_0_0_62267_mapreduce____.8n7xum\webapp
0.2,ERROR IN CONTACTING RM.,Registered webapp guice modules
0.2,ERROR IN CONTACTING RM.,Resolved <*>.fareast.corp.microsoft.com to /default-rack
0.2,ERROR IN CONTACTING RM.,"Recalculating schedule, headroom=<memory:<\d>, vCores:-<\<*>>"
0.2,ERROR IN CONTACTING RM.,Got allocated containers <\d>
0.2,ERROR IN CONTACTING RM.,Opening proxy : <*>.fareast.corp.microsoft.com:<\d>
0.2,ERROR IN CONTACTING RM.,Received completed container container_<\d>_<\d>_<\d>_<\d>
0.2,ERROR IN CONTACTING RM.,Done acknowledgement from attempt_1445144423722_0020_m_000003_0
0.2,ERROR IN CONTACTING RM.,Num completed Tasks: <\d>
0.1875,Address change detected. Old: msra-sa-<\d>/<\d>.<\d>.<\d>.<\d>:<\d> New: msra-sa-<\d>:<\d>,JVM with ID: jvm_<\d>_<\d>_m_<\d> given task: attempt_<\d>_<\d>_m_<\d>_<\d>
0.142857143,"Retrying connect to server: msra-sa-41:8030. Already tried <\d> time(s); retry policy is RetryUpToMaximumCountWithFixedSleep(maxRetries=10, sleepTime=1000 MILLISECONDS)",Failed to renew lease for [DFSClient_NONMAPREDUCE_1537864556_1] for <\d> seconds. Will retry shortly ...
0.142857143,Failed to renew lease for [DFSClient_NONMAPREDUCE_1537864556_1] for <\d> seconds. Will retry shortly ...,"Retrying connect to server: msra-sa-41:8030. Already tried <\d> time(s); retry policy is RetryUpToMaximumCountWithFixedSleep(maxRetries=10, sleepTime=1000 MILLISECONDS)"
0.125,Progress of TaskAttempt attempt_<\d>_<\d>_m_<\d>_<\d> is : <\d>.<\d>,Adding job token for job_1445144423722_0020 to jobTokenSecretManager
0.125,Progress of TaskAttempt attempt_<\d>_<\d>_m_<\d>_<\d> is : <\d>.<\d>,"MRAppMaster launching normal, non-uberized, multi-container job job_1445144423722_0020."
0.125,Progress of TaskAttempt attempt_<\d>_<\d>_m_<\d>_<\d> is : <\d>.<\d>,Starting Socket Reader #1 for port <\d>
0.125,Progress of TaskAttempt attempt_<\d>_<\d>_m_<\d>_<\d> is : <\d>.<\d>,Added filter AM_PROXY_FILTER (class=org.apache.hadoop.yarn.server.webproxy.amfilter.AmIpFilter) to context mapreduce
0.125,Progress of TaskAttempt attempt_<\d>_<\d>_m_<\d>_<\d> is : <\d>.<\d>,Added filter AM_PROXY_FILTER (class=org.apache.hadoop.yarn.server.webproxy.amfilter.AmIpFilter) to context static
0.125,Progress of TaskAttempt attempt_<\d>_<\d>_m_<\d>_<\d> is : <\d>.<\d>,task_<\d>_<\d>_<*>_<\d> Task Transitioned from NEW to SCHEDULED
0.125,Progress of TaskAttempt attempt_<\d>_<\d>_m_<\d>_<\d> is : <\d>.<\d>,attempt_<\d>_<\d>_<*>_<\d>_<\d> TaskAttempt Transitioned from NEW to UNASSIGNED
0.125,Progress of TaskAttempt attempt_<\d>_<\d>_m_<\d>_<\d> is : <\d>.<\d>,attempt_<\d>_<\d>_m_<\d>_<\d> TaskAttempt Transitioned from UNASSIGNED to ASSIGNED
0.125,Progress of TaskAttempt attempt_<\d>_<\d>_m_<\d>_<\d> is : <\d>.<\d>,attempt_<\d>_<\d>_m_<\d>_<\d> TaskAttempt Transitioned from ASSIGNED to RUNNING
0.125,Progress of TaskAttempt attempt_<\d>_<\d>_m_<\d>_<\d> is : <\d>.<\d>,task_<\d>_<\d>_m_<\d> Task Transitioned from SCHEDULED to RUNNING
0.125,Progress of TaskAttempt attempt_<\d>_<\d>_m_<\d>_<\d> is : <\d>.<\d>,JVM with ID: jvm_<\d>_<\d>_m_<\d> given task: attempt_<\d>_<\d>_m_<\d>_<\d>
0.125,Progress of TaskAttempt attempt_<\d>_<\d>_m_<\d>_<\d> is : <\d>.<\d>,attempt_1445144423722_0020_m_000003_0 TaskAttempt Transitioned from RUNNING to SUCCESS_CONTAINER_CLEANUP
0.125,Progress of TaskAttempt attempt_<\d>_<\d>_m_<\d>_<\d> is : <\d>.<\d>,attempt_1445144423722_0020_m_000003_0 TaskAttempt Transitioned from SUCCESS_CONTAINER_CLEANUP to SUCCEEDED
0.125,Progress of TaskAttempt attempt_<\d>_<\d>_m_<\d>_<\d> is : <\d>.<\d>,task_1445144423722_0020_m_000003 Task Transitioned from RUNNING to SUCCEEDED
0.125,Progress of TaskAttempt attempt_<\d>_<\d>_m_<\d>_<\d> is : <\d>.<\d>,Reduce slow start threshold reached. Scheduling reduces.
0.125,Progress of TaskAttempt attempt_<\d>_<\d>_m_<\d>_<\d> is : <\d>.<\d>,We launched <\d> speculations. Sleeping <\d> milliseconds.
0.125,Progress of TaskAttempt attempt_<\d>_<\d>_m_<\d>_<\d> is : <\d>.<\d>,Scheduling a redundant attempt for task task_1445144423722_0020_m_000000
0.125,Progress of TaskAttempt attempt_<\d>_<\d>_m_<\d>_<\d> is : <\d>.<\d>,attempt_<\d>_<\d>_m_<\d>_<\d> TaskAttempt Transitioned from RUNNING to FAIL_CONTAINER_CLEANUP
0.125,Progress of TaskAttempt attempt_<\d>_<\d>_m_<\d>_<\d> is : <\d>.<\d>,attempt_<\d>_<\d>_m_<\d>_<\d> TaskAttempt Transitioned from FAIL_CONTAINER_CLEANUP to FAIL_TASK_CLEANUP
0.125,Progress of TaskAttempt attempt_<\d>_<\d>_m_<\d>_<\d> is : <\d>.<\d>,attempt_<\d>_<\d>_m_<\d>_<\d> TaskAttempt Transitioned from FAIL_TASK_CLEANUP to FAILED
0.125,Progress of TaskAttempt attempt_<\d>_<\d>_m_<\d>_<\d> is : <\d>.<\d>,Added attempt_<\d>_<\d>_m_<\d>_<\d> to list of failed maps
0.125,Address change detected. Old: msra-sa-<\d>/<\d>.<\d>.<\d>.<\d>:<\d> New: msra-sa-<\d>:<\d>,Adding job token for job_1445144423722_0020 to jobTokenSecretManager
0.125,Address change detected. Old: msra-sa-<\d>/<\d>.<\d>.<\d>.<\d>:<\d> New: msra-sa-<\d>:<\d>,"MRAppMaster launching normal, non-uberized, multi-container job job_1445144423722_0020."
0.125,Address change detected. Old: msra-sa-<\d>/<\d>.<\d>.<\d>.<\d>:<\d> New: msra-sa-<\d>:<\d>,Starting Socket Reader #1 for port <\d>
0.125,Address change detected. Old: msra-sa-<\d>/<\d>.<\d>.<\d>.<\d>:<\d> New: msra-sa-<\d>:<\d>,Added filter AM_PROXY_FILTER (class=org.apache.hadoop.yarn.server.webproxy.amfilter.AmIpFilter) to context mapreduce
0.125,Address change detected. Old: msra-sa-<\d>/<\d>.<\d>.<\d>.<\d>:<\d> New: msra-sa-<\d>:<\d>,Added filter AM_PROXY_FILTER (class=org.apache.hadoop.yarn.server.webproxy.amfilter.AmIpFilter) to context static
0.125,Address change detected. Old: msra-sa-<\d>/<\d>.<\d>.<\d>.<\d>:<\d> New: msra-sa-<\d>:<\d>,task_<\d>_<\d>_<*>_<\d> Task Transitioned from NEW to SCHEDULED
0.125,Address change detected. Old: msra-sa-<\d>/<\d>.<\d>.<\d>.<\d>:<\d> New: msra-sa-<\d>:<\d>,attempt_<\d>_<\d>_<*>_<\d>_<\d> TaskAttempt Transitioned from NEW to UNASSIGNED
0.125,Address change detected. Old: msra-sa-<\d>/<\d>.<\d>.<\d>.<\d>:<\d> New: msra-sa-<\d>:<\d>,attempt_<\d>_<\d>_m_<\d>_<\d> TaskAttempt Transitioned from UNASSIGNED to ASSIGNED
0.125,Address change detected. Old: msra-sa-<\d>/<\d>.<\d>.<\d>.<\d>:<\d> New: msra-sa-<\d>:<\d>,attempt_<\d>_<\d>_m_<\d>_<\d> TaskAttempt Transitioned from ASSIGNED to RUNNING
0.125,Address change detected. Old: msra-sa-<\d>/<\d>.<\d>.<\d>.<\d>:<\d> New: msra-sa-<\d>:<\d>,task_<\d>_<\d>_m_<\d> Task Transitioned from SCHEDULED to RUNNING
0.125,Address change detected. Old: msra-sa-<\d>/<\d>.<\d>.<\d>.<\d>:<\d> New: msra-sa-<\d>:<\d>,attempt_1445144423722_0020_m_000003_0 TaskAttempt Transitioned from RUNNING to SUCCESS_CONTAINER_CLEANUP
0.125,Address change detected. Old: msra-sa-<\d>/<\d>.<\d>.<\d>.<\d>:<\d> New: msra-sa-<\d>:<\d>,attempt_1445144423722_0020_m_000003_0 TaskAttempt Transitioned from SUCCESS_CONTAINER_CLEANUP to SUCCEEDED
0.125,Address change detected. Old: msra-sa-<\d>/<\d>.<\d>.<\d>.<\d>:<\d> New: msra-sa-<\d>:<\d>,task_1445144423722_0020_m_000003 Task Transitioned from RUNNING to SUCCEEDED
0.125,Address change detected. Old: msra-sa-<\d>/<\d>.<\d>.<\d>.<\d>:<\d> New: msra-sa-<\d>:<\d>,Reduce slow start threshold reached. Scheduling reduces.
0.125,Address change detected. Old: msra-sa-<\d>/<\d>.<\d>.<\d>.<\d>:<\d> New: msra-sa-<\d>:<\d>,We launched <\d> speculations. Sleeping <\d> milliseconds.
0.125,Address change detected. Old: msra-sa-<\d>/<\d>.<\d>.<\d>.<\d>:<\d> New: msra-sa-<\d>:<\d>,Scheduling a redundant attempt for task task_1445144423722_0020_m_000000
0.125,Address change detected. Old: msra-sa-<\d>/<\d>.<\d>.<\d>.<\d>:<\d> New: msra-sa-<\d>:<\d>,attempt_<\d>_<\d>_m_<\d>_<\d> TaskAttempt Transitioned from RUNNING to FAIL_CONTAINER_CLEANUP
0.125,Address change detected. Old: msra-sa-<\d>/<\d>.<\d>.<\d>.<\d>:<\d> New: msra-sa-<\d>:<\d>,attempt_<\d>_<\d>_m_<\d>_<\d> TaskAttempt Transitioned from FAIL_CONTAINER_CLEANUP to FAIL_TASK_CLEANUP
0.125,Address change detected. Old: msra-sa-<\d>/<\d>.<\d>.<\d>.<\d>:<\d> New: msra-sa-<\d>:<\d>,attempt_<\d>_<\d>_m_<\d>_<\d> TaskAttempt Transitioned from FAIL_TASK_CLEANUP to FAILED
0.125,Address change detected. Old: msra-sa-<\d>/<\d>.<\d>.<\d>.<\d>:<\d> New: msra-sa-<\d>:<\d>,Added attempt_<\d>_<\d>_m_<\d>_<\d> to list of failed maps
0.111111111,Reduce slow start threshold not met. completedMapsForReduceSlowstart <\d>,Http request log for http.requests.mapreduce is not defined
0.111111111,Reduce slow start threshold not met. completedMapsForReduceSlowstart <\d>,"Event Writer setup for JobId: job_1445144423722_0020, File: hdfs://msra-sa-41:9000/tmp/hadoop-yarn/staging/msrabi/.staging/job_1445144423722_0020/job_1445144423722_0020_1.jhist"
0.111111111,Reduce slow start threshold not met. completedMapsForReduceSlowstart <\d>,Container complete event for unknown container id container_1445144423722_0020_01_000012
0.111111111,Reduce slow start threshold not met. completedMapsForReduceSlowstart <\d>,All maps assigned. Ramping up all remaining reduces:1
0.095238095,"Retrying connect to server: msra-sa-41:8030. Already tried <\d> time(s); retry policy is RetryUpToMaximumCountWithFixedSleep(maxRetries=10, sleepTime=1000 MILLISECONDS)",Before Scheduling: PendingReds:<\d> ScheduledMaps:<\d> ScheduledReds:<\d> AssignedMaps:<\d> AssignedReds:0 CompletedMaps:<\d> CompletedReds:0 ContAlloc:<\d> ContRel:<\d> HostLocal:<\d> RackLocal:<\d>
0.095238095,"Retrying connect to server: msra-sa-41:8030. Already tried <\d> time(s); retry policy is RetryUpToMaximumCountWithFixedSleep(maxRetries=10, sleepTime=1000 MILLISECONDS)",After Scheduling: PendingReds:<\d> ScheduledMaps:<\d> ScheduledReds:<\d> AssignedMaps:<\d> AssignedReds:0 CompletedMaps:<\d> CompletedReds:0 ContAlloc:<\d> ContRel:<\d> HostLocal:<\d> RackLocal:<\d>
0.071428571,"Retrying connect to server: msra-sa-41:8030. Already tried <\d> time(s); retry policy is RetryUpToMaximumCountWithFixedSleep(maxRetries=10, sleepTime=1000 MILLISECONDS)",Adding #0 tokens and #1 secret keys for NM use for launching container
0.071428571,Failed to renew lease for [DFSClient_NONMAPREDUCE_1537864556_1] for <\d> seconds. Will retry shortly ...,Before Scheduling: PendingReds:<\d> ScheduledMaps:<\d> ScheduledReds:<\d> AssignedMaps:<\d> AssignedReds:0 CompletedMaps:<\d> CompletedReds:0 ContAlloc:<\d> ContRel:<\d> HostLocal:<\d> RackLocal:<\d>
0.071428571,Failed to renew lease for [DFSClient_NONMAPREDUCE_1537864556_1] for <\d> seconds. Will retry shortly ...,After Scheduling: PendingReds:<\d> ScheduledMaps:<\d> ScheduledReds:<\d> AssignedMaps:<\d> AssignedReds:0 CompletedMaps:<\d> CompletedReds:0 ContAlloc:<\d> ContRel:<\d> HostLocal:<\d> RackLocal:<\d>
0.071428571,Failed to renew lease for [DFSClient_NONMAPREDUCE_1537864556_1] for <\d> seconds. Will retry shortly ...,Adding #0 tokens and #1 secret keys for NM use for launching container
