sim,T1,T2
0.4,BLOCK* NameSystem.allocateBlock: /user/root/<*>/_temporary/_task_<\d>_<\d>_<*>_<\d>_<\d>/part-<\d>. blk_<\d>,Verification succeeded for blk_<\d>
0.3,BLOCK* NameSystem.delete: blk_<\d> is added to invalidSet of <\d>.<\d>.<\d>.<\d>:<\d>,BLOCK* ask 10.250.14.38:50010 to replicate blk_-7571492020523929240 to datanode(s) 10.251.122.38:50010
0.245833333,Receiving block blk_<\d> src: /<\d>.<\d>.<\d>.<\d>:<\d> dest: /<\d>.<\d>.<\d>.<\d>:<\d>,<\d>.<\d>.<\d>.<\d>:<\d>:Got exception while serving blk_<\d> to /<\d>.<\d>.<\d>.<\d>:
0.245833333,<\d>.<\d>.<\d>.<\d>:<\d>:Got exception while serving blk_<\d> to /<\d>.<\d>.<\d>.<\d>:,Receiving block blk_<\d> src: /<\d>.<\d>.<\d>.<\d>:<\d> dest: /<\d>.<\d>.<\d>.<\d>:<\d>
0.2,BLOCK* NameSystem.delete: blk_<\d> is added to invalidSet of <\d>.<\d>.<\d>.<\d>:<\d>,10.250.15.198:50010 Starting thread to transfer block blk_4292382298896622412 to 10.250.15.240:50010
0.142857143,PacketResponder <\d> for block blk_<\d> terminating,<\d>.<\d>.<\d>.<\d>:<\d> Served block blk_<\d> to /<\d>.<\d>.<\d>.<\d>
0.142857143,<\d>.<\d>.<\d>.<\d>:<\d> Served block blk_<\d> to /<\d>.<\d>.<\d>.<\d>,PacketResponder <\d> for block blk_<\d> terminating
