sim,T1,T2
0.611111111,calculateCaloriesWithCache totalCalories=<\d>,onStandStepChanged <\d>
0.611111111,calculateCaloriesWithCache totalCalories=<\d>,theDayChanged <\d>
0.611111111,calculateAltitudeWithCache totalAltitude=<\d>,onStandStepChanged <\d>
0.611111111,calculateAltitudeWithCache totalAltitude=<\d>,theDayChanged <\d>
0.555555556,calculateCaloriesWithCache totalCalories=<\d>,getDiffTotalSteps= <\d>##<\d>
0.555555556,calculateAltitudeWithCache totalAltitude=<\d>,getDiffTotalSteps= <\d>##<\d>
0.444444444,processHandleBroadcastAction action:android.intent.action.TIME_TICK,next day:steps0mLastReport7214
0.444444444,calculateCaloriesWithCache totalCalories=<\d>,"upLoadOneMinuteDataToEngine time=<\d>,<\d>,<\d>,<\d>,<\d>"
0.444444444,calculateCaloriesWithCache totalCalories=<\d>,getTodaySportData mStepsRecordManager=com.huawei.health.g.c@8a2a501
0.444444444,calculateAltitudeWithCache totalAltitude=<\d>,"upLoadOneMinuteDataToEngine time=<\d>,<\d>,<\d>,<\d>,<\d>"
0.444444444,calculateAltitudeWithCache totalAltitude=<\d>,getTodaySportData mStepsRecordManager=com.huawei.health.g.c@8a2a501
0.428571429,REPORT : <\d> <\d> <\d> <\d>,insertHiHealthData() checkAppType <\d> appID = <\d>
0.428571429,REPORT : <\d> <\d> <\d> <\d>,"saveRealTimeHealthDatasStat() size = 1,totalTime = <\d>"
0.4,onExtend:<\d> <\d> <\d> <\d>,"saveHealthDetailData() deviceID = 2,clientID=1,id=1"
0.4,onExtend:<\d> <\d> <\d> <\d>,stepSyncOrNot appSynTimes is <\d>
0.333333333,processHandleBroadcastAction action:android.intent.action.TIME_TICK,onStandStepChanged <\d>
0.333333333,processHandleBroadcastAction action:android.intent.action.TIME_TICK,calculateCaloriesWithCache totalCalories=<\d>
0.333333333,processHandleBroadcastAction action:android.intent.action.TIME_TICK,calculateAltitudeWithCache totalAltitude=<\d>
0.333333333,processHandleBroadcastAction action:android.intent.action.TIME_TICK,isScreenOn true
0.333333333,processHandleBroadcastAction action:android.intent.action.TIME_TICK,"upLoadOneMinuteDataToEngine time=<\d>,<\d>,<\d>,<\d>,<\d>"
0.333333333,processHandleBroadcastAction action:android.intent.action.TIME_TICK,setWriteDBLastDataMinute success
0.333333333,processHandleBroadcastAction action:android.intent.action.TIME_TICK,"timeStamp back,extendReportTimeStamp=<\d>"
0.333333333,processHandleBroadcastAction action:android.intent.action.TIME_TICK,getTodaySportData mStepsRecordManager=com.huawei.health.g.c@8a2a501
0.333333333,processHandleBroadcastAction action:android.intent.action.TIME_TICK,theDayChanged <\d>
0.333333333,processHandleBroadcastAction action:android.intent.action.TIME_TICK,getStepCounterStatus= true
0.333333333,processHandleBroadcastAction action:android.intent.action.TIME_TICK,registersensorsuccess: true
0.333333333,processHandleBroadcastAction action:android.intent.action.TIME_TICK,getTodayBasicStandardSteps= <\d>##<\d>##<\d>
0.333333333,processHandleBroadcastAction action:android.intent.action.TIME_TICK,getDiffTotalSteps= <\d>##<\d>
0.333333333,setTodayTotalDetailSteps=<\d>##<\d>##<\d>##<\d>##<\d>##<\d>,setWriteDBLastDataMinute=25233979
0.333333333,setTodayTotalDetailSteps=<\d>##<\d>##<\d>##<\d>##<\d>##<\d>,setDiffTotalSteps=0
0.333333333,calculateCaloriesWithCache totalCalories=<\d>,processHandleBroadcastAction action:android.intent.action.SCREEN_ON
0.333333333,calculateCaloriesWithCache totalCalories=<\d>,isScreenOn true
0.333333333,calculateCaloriesWithCache totalCalories=<\d>,processHandleBroadcastAction action:android.intent.action.TIME_TICK
0.333333333,calculateCaloriesWithCache totalCalories=<\d>,setWriteDBLastDataMinute success
0.333333333,calculateCaloriesWithCache totalCalories=<\d>,getStepCounterStatus= true
0.333333333,calculateCaloriesWithCache totalCalories=<\d>,registersensorsuccess: true
0.333333333,calculateCaloriesWithCache totalCalories=<\d>,getTodayBasicStandardSteps= <\d>##<\d>##<\d>
0.333333333,calculateCaloriesWithCache totalCalories=<\d>,next day:steps0mLastReport7214
0.333333333,calculateAltitudeWithCache totalAltitude=<\d>,processHandleBroadcastAction action:android.intent.action.SCREEN_ON
0.333333333,calculateAltitudeWithCache totalAltitude=<\d>,isScreenOn true
0.333333333,calculateAltitudeWithCache totalAltitude=<\d>,processHandleBroadcastAction action:android.intent.action.TIME_TICK
0.333333333,calculateAltitudeWithCache totalAltitude=<\d>,setWriteDBLastDataMinute success
0.333333333,calculateAltitudeWithCache totalAltitude=<\d>,getStepCounterStatus= true
0.333333333,calculateAltitudeWithCache totalAltitude=<\d>,registersensorsuccess: true
0.333333333,calculateAltitudeWithCache totalAltitude=<\d>,getTodayBasicStandardSteps= <\d>##<\d>##<\d>
0.333333333,calculateAltitudeWithCache totalAltitude=<\d>,next day:steps0mLastReport7214
0.333333333,onStandStepChanged <\d>,processHandleBroadcastAction action:android.intent.action.SCREEN_ON
0.333333333,onStandStepChanged <\d>,calculateCaloriesWithCache totalCalories=<\d>
0.333333333,onStandStepChanged <\d>,calculateAltitudeWithCache totalAltitude=<\d>
0.333333333,onStandStepChanged <\d>,isScreenOn true
0.333333333,onStandStepChanged <\d>,processHandleBroadcastAction action:android.intent.action.TIME_TICK
0.333333333,onStandStepChanged <\d>,"upLoadOneMinuteDataToEngine time=<\d>,<\d>,<\d>,<\d>,<\d>"
0.333333333,onStandStepChanged <\d>,setWriteDBLastDataMinute success
0.333333333,onStandStepChanged <\d>,"timeStamp back,extendReportTimeStamp=<\d>"
0.333333333,onStandStepChanged <\d>,getTodaySportData mStepsRecordManager=com.huawei.health.g.c@8a2a501
0.333333333,onStandStepChanged <\d>,getStepCounterStatus= true
0.333333333,onStandStepChanged <\d>,registersensorsuccess: true
0.333333333,onStandStepChanged <\d>,getTodayBasicStandardSteps= <\d>##<\d>##<\d>
0.333333333,onStandStepChanged <\d>,getDiffTotalSteps= <\d>##<\d>
0.333333333,onStandStepChanged <\d>,next day:steps0mLastReport7214
0.285714286,REPORT : <\d> <\d> <\d> <\d>,"bulkSaveDetailHiHealthData() size = <\d>,totalTime = <\d>"
0.285714286,REPORT : <\d> <\d> <\d> <\d>,uploadStaticsToDB() onResult type = <\d> obj=true
0.285714286,REPORT : <\d> <\d> <\d> <\d>,"startInsertSportSync start auto sync,app is <\d>"
0.285714286,REPORT : <\d> <\d> <\d> <\d>,InsertCallBack() onSuccess type = <\d> data=true
0.25,getTodayTotalDetailSteps = <\d>##<\d>##<\d>##<\d>##<\d>##<\d>,onReceive action: android.intent.action.SCREEN_ON
0.25,getTodayTotalDetailSteps = <\d>##<\d>##<\d>##<\d>##<\d>##<\d>,flush sensor data
0.25,getTodayTotalDetailSteps = <\d>##<\d>##<\d>##<\d>##<\d>##<\d>,onReceive action: android.intent.action.SCREEN_OFF
0.25,getTodayTotalDetailSteps = <\d>##<\d>##<\d>##<\d>##<\d>##<\d>,flushTempCacheToDB by stand
0.25,getTodayTotalDetailSteps = <\d>##<\d>##<\d>##<\d>##<\d>##<\d>,Alarm uploadStaticsToDB totalSteps=7163Calories:153367Floor:240Distance:5112
0.25,getTodayTotalDetailSteps = <\d>##<\d>##<\d>##<\d>##<\d>##<\d>,writeDataToDB size <\d>
0.25,getTodayTotalDetailSteps = <\d>##<\d>##<\d>##<\d>##<\d>##<\d>,uploadStaticsToDB failed message=true
0.25,getTodayTotalDetailSteps = <\d>##<\d>##<\d>##<\d>##<\d>##<\d>,flush2DB result success
0.25,getTodayTotalDetailSteps = <\d>##<\d>##<\d>##<\d>##<\d>##<\d>,startTimer start autoSync
0.25,getTodayTotalDetailSteps = <\d>##<\d>##<\d>##<\d>##<\d>##<\d>,tryToRecordAsBasicStepData bWrite true
0.25,getTodayTotalDetailSteps = <\d>##<\d>##<\d>##<\d>##<\d>##<\d>,setBasicStandardSteps basicStandardStep=3786 restartSteps=0
0.25,getTodayTotalDetailSteps = <\d>##<\d>##<\d>##<\d>##<\d>##<\d>,setGoalNotifiShownRecord <\d> false
0.2,onExtend:<\d> <\d> <\d> <\d>,getBinderPackageName packageName = com.huawei.health
0.2,onExtend:<\d> <\d> <\d> <\d>,"new date =20171223, type=<\d>,<\d>.<\d>,old=<\d>.<\d>"
0.2,onExtend:<\d> <\d> <\d> <\d>,startListenerChange subscribeList = [1]
0.2,onExtend:<\d> <\d> <\d> <\d>,needAutoSync autoSyncSwitch is open
0.2,onExtend:<\d> <\d> <\d> <\d>,InsertEvent success begin:25233975 end:25233979
0.142857143,REPORT : <\d> <\d> <\d> <\d>,checkInsertStatus stepSum or calorieSum is enough
0.142857143,REPORT : <\d> <\d> <\d> <\d>,checkInsertStatus stepStatSum or calorieStatSum is enough
