sim,T1,T2
0.666666667,wait (command <\d>),clusterAddMember (command <\d>)
0.666666667,wait (command <\d>),risBoot (command 1903)
0.666666667,wait (command <\d>),bootGenvmunix (command <\d>)
0.666666667,wait (command <\d>),boot (command <\d>)
0.666666667,wait (command <\d>),halt (command <\d>)
0.666666667,boot (command <\d>),clusterAddMember (command <\d>)
0.666666667,boot (command <\d>),risBoot (command 1903)
0.666666667,boot (command <\d>),bootGenvmunix (command <\d>)
0.666666667,boot (command <\d>),wait (command <\d>)
0.666666667,boot (command <\d>),halt (command <\d>)
0.46875,Fan speeds ( <\d> <\d> <\d> **** <\d> <\d> ),Failed subcommands <\d>
0.375,Fan speeds ( <\d> <\d> <\d> **** <\d> <\d> ),psu failure\ ambient=<\d>
0.333333333,not responding,clusterAddMember (command <\d>)
0.333333333,not responding,risBoot (command 1903)
0.333333333,not responding,bootGenvmunix (command <\d>)
0.333333333,not responding,boot (command <\d>)
0.333333333,not responding,wait (command <\d>)
0.333333333,not responding,halt (command <\d>)
0.333333333,not responding,power/control problem
0.333333333,not responding,Link error
0.333333333,not responding,Link ok
0.333333333,not responding,configured out
0.333333333,wait (command <\d>),power/control problem
0.333333333,wait (command <\d>),Link error
0.333333333,wait (command <\d>),Link ok
0.333333333,wait (command <\d>),not responding
0.333333333,wait (command <\d>),configured out
0.333333333,boot (command <\d>),power/control problem
0.333333333,boot (command <\d>),Link error
0.333333333,boot (command <\d>),Link ok
0.333333333,boot (command <\d>),not responding
0.333333333,boot (command <\d>),configured out
0.333333333,configured out,clusterAddMember (command <\d>)
0.333333333,configured out,risBoot (command 1903)
0.333333333,configured out,bootGenvmunix (command <\d>)
0.333333333,configured out,boot (command <\d>)
0.333333333,configured out,wait (command <\d>)
0.333333333,configured out,halt (command <\d>)
0.333333333,configured out,power/control problem
0.333333333,configured out,Link error
0.333333333,configured out,Link ok
0.333333333,configured out,not responding
0.25,Fan speeds ( <\d> <\d> <\d> **** <\d> <\d> ),Link in reset
0.2,link errors remain current,Command has completed successfully
0.2,link errors remain current,Targeting domains:node-<*> and nodes:node-<*>
0.2,link errors remain current,Command has been aborted
0.2,link errors remain current,Linkerror event interval expired
0.2,Linkerror event interval expired,Command has completed successfully
0.2,Linkerror event interval expired,Targeting domains:node-<*> and nodes:node-<*>
0.2,Linkerror event interval expired,Command has been aborted
0.2,Linkerror event interval expired,link errors remain current
0.15,ClusterFileSystem: There is no server for ServerFileSystem domain <*>,ServerFileSystem: An ServerFileSystem domain panic has occurred on storage442
0.083333333,ClusterFileSystem: ServerFileSystem domain <*> is no longer served by node node-<\d>,Component State Change: Component \<*>\<\d> is in the unavailable state (HWID=<\d>)
