sim,T1,T2
0.851851852,authentication failure; logname= uid=0 euid=0 tty=NODEVssh ruser= rhost=<*>,authentication failure; logname= uid=0 euid=0 tty=:0 ruser= rhost=
0.75,session opened for user <*> by (uid=<\d>),session opened for user root by LOGIN(uid=0)
0.333333333,session closed for user <*>,Using tsc for high-res timesource
0.333333333,session closed for user <*>,isapnp: Scanning for PnP cards...
0.25,Kerberos authentication failed,cupsd shutdown succeeded
0.25,Kerberos authentication failed,cupsd startup succeeded
0.25,Kerberos authentication failed,*** info [mice.c(1766)]:
0.25,Kerberos authentication failed,Couldn't authenticate user
0.25,Kerberos authentication failed,syslogd startup succeeded
0.25,Kerberos authentication failed,0MB HIGHMEM available.
0.25,Kerberos authentication failed,126MB LOWMEM available.
0.25,Kerberos authentication failed,zapping low mappings.
0.25,Kerberos authentication failed,klogd startup succeeded
0.25,Kerberos authentication failed,irqbalance startup succeeded
0.25,Kerberos authentication failed,DMI 2.3 present.
0.25,Kerberos authentication failed,Built <\d> zonelists
0.25,Kerberos authentication failed,portmap startup succeeded
0.25,Kerberos authentication failed,Version 1.0.6 Starting
0.25,Kerberos authentication failed,rpc.statd startup succeeded
0.25,Kerberos authentication failed,Capability LSM initialized
0.25,Kerberos authentication failed,rpc.idmapd startup succeeded
0.25,Kerberos authentication failed,mtrr: v2.0 (20020519)
0.25,Kerberos authentication failed,ACPI: Interpreter disabled.
0.25,Kerberos authentication failed,Starting pcmcia: succeeded
0.25,Kerberos authentication failed,kernel.core_uses_pid = <\d>
0.25,Kerberos authentication failed,hcid startup succeeded
0.25,Kerberos authentication failed,sdpd startup succeeded
0.25,Kerberos authentication failed,sdpd v1.5 started
0.25,Kerberos authentication failed,Initializing Cryptographic API
0.234375,session opened for user <*> by (uid=<\d>),CPU: Intel Pentium III (Coppermine) stepping <\d>
0.2,check pass; user unknown,imps2: Auto-detected intellimouse PS/2
0.2,check pass; user unknown,ROOT LOGIN ON tty2
0.2,check pass; user unknown,removing device node '/udev/<*>'
0.2,check pass; user unknown,creating device node '/udev/<*>'
0.2,check pass; user unknown,BIOS-provided physical RAM map:
0.2,check pass; user unknown,Detected 731.219 MHz processor.
0.2,check pass; user unknown,Console: colour VGA+ 80x25
0.2,check pass; user unknown,"Memory: 125312k/129720k available (1540k kernel code, 3860k reserved, 599k data, 144k init, 0k highmem)"
0.2,check pass; user unknown,Security Scaffold v1.0.0 initialized
0.2,check pass; user unknown,CPU: L2 cache: 256K
0.2,check pass; user unknown,Checking 'hlt' instruction... OK.
0.2,check pass; user unknown,ACPI: Subsystem revision <\d>
0.2,check pass; user unknown,PCI: Probing PCI hardware
0.2,check pass; user unknown,Transparent bridge - 0000:00:1e.0
0.2,check pass; user unknown,Setting network parameters: succeeded
0.2,check pass; user unknown,VFS: Disk quotas dquot_6.5.1
0.2,check pass; user unknown,SELinux: Registering netfilter hooks
0.1875,session opened for user <*> by (uid=<\d>),"Dentry cache hash table entries: <\d> (order: 4, 65536 bytes)"
0.1875,session opened for user <*> by (uid=<\d>),apm: BIOS version 1.2 Flags 0x03 (Driver version 1.16ac)
0.181818182,connection from <\d>.<\d>.<\d>.<\d> (<*>) at <*> <*> <\d> <\d>:<\d>:<\d> <\d>,"PCI: PCI BIOS revision 2.10 entry at 0xfc0ce, last bus=1"
0.166666667,ALERT exited abnormally with [1],session closed for user <*>
0.166666667,ALERT exited abnormally with [1],Received SNMP packet(s) from 67.170.148.126
0.166666667,ALERT exited abnormally with [1],BIOS-e820: <\d> - <*> (usable)
0.166666667,ALERT exited abnormally with [1],BIOS-e820: <*> - <\d> (reserved)
0.166666667,ALERT exited abnormally with [1],On node <\d> totalpages: <\d>
0.166666667,ALERT exited abnormally with [1],mapped 4G/4G trampoline to ffff3000.
0.166666667,ALERT exited abnormally with [1],"CPU <\d> irqstacks, hard=02345000 soft=02344000"
0.166666667,ALERT exited abnormally with [1],Using tsc for high-res timesource
0.166666667,ALERT exited abnormally with [1],Calibrating delay loop... 1445.88 BogoMIPS
0.166666667,ALERT exited abnormally with [1],SELinux: Starting in permissive mode
0.166666667,ALERT exited abnormally with [1],selinux_register_security: Registering secondary module capability
0.166666667,ALERT exited abnormally with [1],Intel machine check architecture supported.
0.166666667,ALERT exited abnormally with [1],Initializing random number generator: succeeded
0.166666667,ALERT exited abnormally with [1],POSIX conformance testing by UNIFIX
0.166666667,ALERT exited abnormally with [1],NET: Registered protocol family <\d>
0.166666667,ALERT exited abnormally with [1],PCI: Using configuration type <\d>
0.166666667,ALERT exited abnormally with [1],usbcore: registered new driver usbfs
0.166666667,ALERT exited abnormally with [1],usbcore: registered new driver hub
0.166666667,ALERT exited abnormally with [1],PCI: Probing PCI hardware (bus 00)
0.166666667,ALERT exited abnormally with [1],audit: initializing netlink socket (disabled)
0.166666667,ALERT exited abnormally with [1],HCI daemon ver 2.4 started
0.166666667,ALERT exited abnormally with [1],"Total HugeTLB memory allocated, <\d>"
0.166666667,ALERT exited abnormally with [1],Bringing up loopback interface: succeeded
0.166666667,ALERT exited abnormally with [1],isapnp: Scanning for PnP cards...
0.166666667,ALERT exited abnormally with [1],Real Time Clock Driver v1.12
0.166666667,session closed for user <*>,ALERT exited abnormally with [1]
0.166666667,session closed for user <*>,Received SNMP packet(s) from 67.170.148.126
0.166666667,session closed for user <*>,BIOS-e820: <\d> - <*> (usable)
0.166666667,session closed for user <*>,BIOS-e820: <*> - <\d> (reserved)
0.166666667,session closed for user <*>,On node <\d> totalpages: <\d>
0.166666667,session closed for user <*>,mapped 4G/4G trampoline to ffff3000.
0.166666667,session closed for user <*>,"CPU <\d> irqstacks, hard=02345000 soft=02344000"
0.166666667,session closed for user <*>,Calibrating delay loop... 1445.88 BogoMIPS
0.166666667,session closed for user <*>,SELinux: Starting in permissive mode
0.166666667,session closed for user <*>,selinux_register_security: Registering secondary module capability
0.166666667,session closed for user <*>,Intel machine check architecture supported.
0.166666667,session closed for user <*>,Initializing random number generator: succeeded
0.166666667,session closed for user <*>,POSIX conformance testing by UNIFIX
0.166666667,session closed for user <*>,NET: Registered protocol family <\d>
0.166666667,session closed for user <*>,PCI: Using configuration type <\d>
0.166666667,session closed for user <*>,usbcore: registered new driver usbfs
0.166666667,session closed for user <*>,usbcore: registered new driver hub
0.166666667,session closed for user <*>,PCI: Probing PCI hardware (bus 00)
0.166666667,session closed for user <*>,audit: initializing netlink socket (disabled)
0.166666667,session closed for user <*>,HCI daemon ver 2.4 started
0.166666667,session closed for user <*>,"Total HugeTLB memory allocated, <\d>"
0.166666667,session closed for user <*>,Bringing up loopback interface: succeeded
0.166666667,session closed for user <*>,Real Time Clock Driver v1.12
0.125,session opened for user <*> by (uid=<\d>),getpeername (ftpd): Transport endpoint is not connected
0.125,session opened for user <*> by (uid=<\d>),"klogd 1.4.1, log source = /proc/kmsg started."
0.125,session opened for user <*> by (uid=<\d>),Kernel command line: ro root=LABEL=/ rhgb quiet
0.125,session opened for user <*> by (uid=<\d>),Intel machine check reporting enabled on CPU#0.
0.125,session opened for user <*> by (uid=<\d>),Enabling fast FPU save and restore... done.
0.125,session opened for user <*> by (uid=<\d>),Enabling unmasked SIMD FPU exception support... done.
0.125,session opened for user <*> by (uid=<\d>),isapnp: No Plug & Play device found
0.125,session opened for user <*> by (uid=<\d>),Linux agpgart interface v0.100 (c) Dave Jones
0.111111111,authentication failure; logname= uid=0 euid=0 tty=NODEVssh ruser= rhost=<*>,PCI: Using IRQ router PIIX/ICH [8086/2410] at 0000:00:1f.0
0.111111111,authentication failure; logname= uid=0 euid=0 tty=NODEVssh ruser= rhost=<*>,pci_hotplug: PCI Hot Plug PCI Core version: 0.5
0.1,authentication failure; logname= uid=0 euid=0 tty=NODEVssh ruser= rhost=<*> user=root,Authentication failed from 163.27.187.39 (163.27.187.39): Software caused connection abort
0.1,authentication failure; logname= uid=0 euid=0 tty=NODEVssh ruser= rhost=<*> user=root,warning: can't get client address: Connection reset by peer
0.1,authentication failure; logname= uid=0 euid=0 tty=NODEVssh ruser= rhost=<*> user=root,"There is already a security framework initialized, register_security failed."
0.1,authentication failure; logname= uid=0 euid=0 tty=NODEVssh ruser= rhost=<*> user=root,"CPU: L1 I cache: 16K, L1 D cache: 16K"
0.1,authentication failure; logname= uid=0 euid=0 tty=NODEVssh ruser= rhost=<*> user=root,Linux Plug and Play Support v0.97 (c) Adam Belay
0.1,authentication failure; logname= uid=0 euid=0 tty=NODEVssh ruser= rhost=<*> user=root,ACPI: ACPI tables contain no PCI IRQ routing entries
