sim,T1,T2
0.722222222,AppleCamIn::systemWakeCall - messageType = <*>,AppleThunderboltNHIType2::waitForOk2Go2Sx - retries = <\d>
0.694444444,Sandbox: com.apple.Addres(<\d>) deny(1) network-outbound /private/var/run/mDNSResponder,Sandbox: <*>(<\d>) deny(1) mach-lookup <*>
0.652777778,Sandbox: com.apple.Addres(<\d>) deny(1) network-outbound /private/var/run/mDNSResponder,Sandbox: com.apple.WebKit(9854) deny(1) file-read-data /private/etc/hosts
0.625,ARPT: <\d>.<\d>: wl0: MDNS: IPV6 Addr: <*>:<*>:<\d>:<*>:<*>:<*>:<*>:<*>,ARPT: <\d>.<\d>: wl0: setup_keepalive: Local IP: <\d>.<\d>.<\d>.<\d>
0.625,ARPT: <\d>.<\d>: wl0: MDNS: IPV6 Addr: <*>:<*>:<\d>:<*>:<*>:<*>:<*>:<*>,ARPT: <\d>.<\d>: wl0: setup_keepalive: Remote IP: <\d>.<\d>.<\d>.<\d>
0.611111111,Sandbox: com.apple.Addres(<\d>) deny(1) network-outbound /private/var/run/mDNSResponder,Sandbox: SpotlightNetHelp(352) deny(1) ipc-posix-shm-read-data CFPBS:186A7:
0.6,com.apple.Addres(<\d>) deny network-outbound /private/var/run/mDNSResponder,QQ(10018) deny mach-lookup com.apple.networking.captivenetworksupport
0.5,AppleCamIn::systemWakeCall - messageType = <*>,ChromeExistion main isUndetectWithCommand = <\d>
0.388888889,Thermal pressure state: <\d> Memory pressure state: <\d>,"USBMSC Identifier (non-unique): <\d> 0x5ac 0x8406 0x820, <\d>"
0.388888889,AppleCamIn::systemWakeCall - messageType = <*>,"CCLogTap::profileRemoved, Owner: com.apple.iokit.IO80211Family, Name: <*>"
0.388888889,AppleCamIn::systemWakeCall - messageType = <*>,"CCDataTap::profileRemoved, Owner: <*>, Name: <*>"
0.375,dnssd_clientstub ConnectToServer: connect()-> No of tries: <\d>,"hibernate_newruntime_map time: <\d> ms, IOPolledFilePollersOpen(), ml_get_interrupts_enabled <\d>"
0.333333333,CCFile::captureLogRun() Exiting CCFile::captureLogRun,IO80211AWDLPeerManager::setAwdlAutoMode Resuming AWDL
0.333333333,CCFile::captureLogRun() Exiting CCFile::captureLogRun,CCIOReporterFormatter::addRegistryChildToChannelDictionary streams <\d>
0.333333333,com.apple.Addres(<\d>) deny network-outbound /private/var/run/mDNSResponder,hibernate_setup(0) took <\d> ms
0.333333333,Sandbox: com.apple.Addres(<\d>) deny(1) network-outbound /private/var/run/mDNSResponder,<IMMacNotificationCenterManager: <*>>: NC Disabled: NO
0.333333333,Sandbox: com.apple.Addres(<\d>) deny(1) network-outbound /private/var/run/mDNSResponder,<IMMacNotificationCenterManager: <*>>: DND Enabled: NO
0.333333333,Thermal pressure state: <\d> Memory pressure state: <\d>,ARPT: <\d>.<\d>: framerdy 0x0 bmccmd <\d> framecnt <\d>
0.333333333,Thermal pressure state: <\d> Memory pressure state: <\d>,assertion failed: 15G1510: com.apple.telemetry + <\d> [10D2E324-788C-30CC-A749-55AE67AEC7BC]: 0x7fc235807b90
0.333333333,AppleCamIn::systemWakeCall - messageType = <*>,__73-[NetworkAnalyticsEngine observeValueForKeyPath:ofObject:change:context:]_block_invoke unexpected switch value <\d>
0.333333333,AppleCamIn::systemWakeCall - messageType = <*>,en0: channel changed to <*>
0.333333333,AppleCamIn::systemWakeCall - messageType = <*>,tcp_connection_tls_session_error_callback_imp <\d> __tcp_connection_tls_session_callback_write_block_invoke.434 error <\d>
0.333333333,AppleCamIn::systemWakeCall - messageType = <*>,Sandbox: <*>(<\d>) deny(1) mach-lookup <*>
0.333333333,AppleCamIn::systemWakeCall - messageType = <*>,"IOPMrootDomain: idle cancel, state <\d>"
0.333333333,AppleCamIn::systemWakeCall - messageType = <*>,tcp_connection_tls_session_error_callback_imp <\d> tcp_connection_tls_session_handle_read_error.790 error <\d>
0.333333333,AppleCamIn::systemWakeCall - messageType = <*>,hibernate_teardown completed - discarded <\d>
0.333333333,AppleCamIn::systemWakeCall - messageType = <*>,after trim url = https://www.google.com/_/chrome/newtab?rlz=1C5CHFA_enHK732HK732&espv=2&ie=UTF-8
0.333333333,AppleCamIn::systemWakeCall - messageType = <*>,"ChromeExistion main strSendMsg = {""websitekey"":false,""commandkey"":true,""browserkey"":true}"
0.333333333,AppleCamIn::systemWakeCall - messageType = <*>,CoreAnimation: timed out fence 5fe83
0.3125,Sandbox: com.apple.Addres(<\d>) deny(1) network-outbound /private/var/run/mDNSResponder,tcp_connection_tls_session_error_callback_imp <\d> __tcp_connection_tls_session_callback_write_block_invoke.434 error <\d>
0.3125,Sandbox: com.apple.Addres(<\d>) deny(1) network-outbound /private/var/run/mDNSResponder,tcp_connection_tls_session_error_callback_imp <\d> tcp_connection_tls_session_handle_read_error.790 error <\d>
0.277777778,Thermal pressure state: <\d> Memory pressure state: <\d>,tcp_connection_handle_connect_conditions_bad <\d> failed: <\d> - No network route
0.277777778,Thermal pressure state: <\d> Memory pressure state: <\d>,ASSERTION FAILED: dvcAddrRef != ((void *)0) -[DriverServices getDeviceAddress:] line: <\d>
0.270833333,ARPT: <\d>.<\d>: wl0: MDNS: IPV6 Addr: <*>:<*>:<\d>:<*>:<*>:<*>:<*>:<*>,en0: 802.11d country code set to '<*>'.
0.25,CCFile::captureLogRun() Exiting CCFile::captureLogRun,en0::IO80211Interface::postMessage bssid changed
0.25,CCFile::captureLogRun() Exiting CCFile::captureLogRun,button report: <*>
0.25,CCFile::captureLogRun() Exiting CCFile::captureLogRun,ASL Sender Statistics
0.25,CCFile::captureLogRun() Exiting CCFile::captureLogRun,KeychainGetICDPStatus: keychain: <\d>
0.25,CCFile::captureLogRun() Exiting CCFile::captureLogRun,Received Capture Event
0.25,CCFile::captureLogRun() Exiting CCFile::captureLogRun,Wake reason: ?
0.25,CCFile::captureLogRun() Exiting CCFile::captureLogRun,ARPT: <\d>.<\d>: wlc_dump_aggfifo:
0.25,CCFile::captureLogRun() Exiting CCFile::captureLogRun,KeychainGetICDPStatus: status: off
0.25,CCFile::captureLogRun() Exiting CCFile::captureLogRun,network changed: DNS*
0.25,CCFile::captureLogRun() Exiting CCFile::captureLogRun,Session <\d> created
0.25,CCFile::captureLogRun() Exiting CCFile::captureLogRun,Invalidating watch set.
0.25,CCFile::captureLogRun() Exiting CCFile::captureLogRun,Daemon connection invalidated!
0.25,CCFile::captureLogRun() Exiting CCFile::captureLogRun,IOPolledFilePollersOpen(0) <\d> ms
0.25,CCFile::captureLogRun() Exiting CCFile::captureLogRun,[IOBluetoothHostController::setConfigState] calling registerService
0.25,CCFile::captureLogRun() Exiting CCFile::captureLogRun,"Page bounds {{0, 0}, {400, 400}}"
0.25,CCFile::captureLogRun() Exiting CCFile::captureLogRun,(DiskStore.Normal:2382) 20cb04f 1.000086
0.25,CCFile::captureLogRun() Exiting CCFile::captureLogRun,Unrecognized XSSimpleTypeDefinition: OneOff
0.25,CCFile::captureLogRun() Exiting CCFile::captureLogRun,DB Path: /Users/xpc/Library/Containers/com.tencent.qq/Data/Documents/contents/916639562/QQ.db
0.25,CCFile::captureLogRun() Exiting CCFile::captureLogRun,Session <\d> destroyed
0.25,CCFile::captureLogRun() Exiting CCFile::captureLogRun,efi pagecount <\d>
0.25,CCFile::captureLogRun() Exiting CCFile::captureLogRun,Host controller terminated
0.25,AppleThunderboltGenericHAL::earlyWake - complete - took <\d> milliseconds,enabling pid=30298 for plug-in com.apple.ncplugin.weather(1.0) 131FE7ED-87F7-471D-8797-C11107688DF7 /System/Library/CoreServices/Weather.app/Contents/PlugIns/com.apple.ncplugin.weather.appex
0.25,AppleThunderboltGenericHAL::earlyWake - complete - took <\d> milliseconds,Checking iCDP status for DSID <\d> (checkWithServer=0)
0.25,ARPT: <\d>.<\d>: wl0: MDNS: IPV6 Addr: <*>:<*>:<\d>:<*>:<*>:<*>:<*>:<*>,dnssd_clientstub ConnectToServer: connect()-> No of tries: <\d>
0.25,ARPT: <\d>.<\d>: wl0: MDNS: IPV6 Addr: <*>:<*>:<\d>:<*>:<*>:<*>:<*>:<*>,"doSaveChannels@286: Will write to: /Library/Logs/CrashReporter/CoreCapture/IOReporters/[<\d>-<\d>-<\d>_<\d>,<\d>,<\d>.<\d>] - <*>:sts:<\d>_rsn:0.xml"
0.25,Sandbox: com.apple.Addres(<\d>) deny(1) network-outbound /private/var/run/mDNSResponder,AirPort: Link Up on en0
0.25,Sandbox: com.apple.Addres(<\d>) deny(1) network-outbound /private/var/run/mDNSResponder,AirPort: Link Up on awdl0
0.25,Sandbox: com.apple.Addres(<\d>) deny(1) network-outbound /private/var/run/mDNSResponder,en0: channel changed to <*>
0.25,Sandbox: com.apple.Addres(<\d>) deny(1) network-outbound /private/var/run/mDNSResponder,en0: BSSID changed to <*>:<*>:<*>:<*>:<*>:<*>
0.25,Sandbox: com.apple.Addres(<\d>) deny(1) network-outbound /private/var/run/mDNSResponder,handle_will_sleep_auth_and_shield_windows: Reordering authw 0x7fa823a04400(2004) (lock state: 3)
0.25,Sandbox: com.apple.Addres(<\d>) deny(1) network-outbound /private/var/run/mDNSResponder,"device_generate_desktop_screenshot: authw <*>(<\d>), shield <*>(<\d>)"
0.25,Sandbox: com.apple.Addres(<\d>) deny(1) network-outbound /private/var/run/mDNSResponder,"IOPMrootDomain: idle cancel, state <\d>"
0.25,Sandbox: com.apple.Addres(<\d>) deny(1) network-outbound /private/var/run/mDNSResponder,<IMMacNotificationCenterManager: 0x7ff1b2e00ba0>: DND Enabled: YES
0.25,Sandbox: com.apple.Addres(<\d>) deny(1) network-outbound /private/var/run/mDNSResponder,AppleActuatorHIDEventDriver: message service is terminated
0.25,Sandbox: com.apple.Addres(<\d>) deny(1) network-outbound /private/var/run/mDNSResponder,ARPT: <\d>.<\d>: AirPort_Brcm43xx::powerChange: System Sleep
0.25,Sandbox: com.apple.Addres(<\d>) deny(1) network-outbound /private/var/run/mDNSResponder,CoreAnimation: timed out fence 5fe83
0.25,IOThunderboltSwitch<0>(0x0)::listenerCallback - Thunderbolt HPD packet for route = 0x0 port = <\d> unplug = <\d>,ARPT: <\d>.<\d>: AQM agg results 0x8001 len hi/lo: 0x0 <*> BAbitmap(0-3) <\d> <\d> <\d> <\d>
0.25,dnssd_clientstub ConnectToServer: connect()-> No of tries: <\d>,ARPT: <\d>.<\d>: wl0: MDNS: IPV6 Addr: <*>:<*>:<\d>:<*>:<*>:<*>:<*>:<*>
0.25,dnssd_clientstub ConnectToServer: connect()-> No of tries: <\d>,ARPT: <\d>.<\d>: wl0: MDNS: IPV4 Addr: <\d>.<\d>.<\d>.<\d>
0.25,dnssd_clientstub ConnectToServer: connect()-> No of tries: <\d>,ARPT: <\d>.<\d>: wl0: setup_keepalive: Local IP: <\d>.<\d>.<\d>.<\d>
0.25,dnssd_clientstub ConnectToServer: connect()-> No of tries: <\d>,ARPT: <\d>.<\d>: wl0: setup_keepalive: Remote IP: <\d>.<\d>.<\d>.<\d>
0.25,dnssd_clientstub ConnectToServer: connect()-> No of tries: <\d>,<<<< MediaValidator >>>> mv_LookupCodecSupport: Unrecognized codec <\d>
0.222222222,Sandbox: com.apple.Addres(<\d>) deny(1) network-outbound /private/var/run/mDNSResponder,TBT W (2): 0x0040 [x]
0.222222222,Thermal pressure state: <\d> Memory pressure state: <\d>,AppleThunderboltNHIType2::waitForOk2Go2Sx - intel_rp = <\d> dlla_reporting_supported = <\d>
0.222222222,Thermal pressure state: <\d> Memory pressure state: <\d>,"Unexpected payload found for message 9, dataLen <\d>"
0.222222222,AppleCamIn::systemWakeCall - messageType = <*>,CCXPCService::setStreamEventHandler Registered for notification callback.
0.2,com.apple.Addres(<\d>) deny network-outbound /private/var/run/mDNSResponder,ARPT: <\d>.<\d>: AirPort_Brcm43xx::syncPowerState: WWEN[enabled]
0.2,com.apple.Addres(<\d>) deny network-outbound /private/var/run/mDNSResponder,ARPT: <\d>.<\d>: AirPort_Brcm43xx::platformWoWEnable: WWEN[disable]
0.2,com.apple.Addres(<\d>) deny network-outbound /private/var/run/mDNSResponder,"setting hostname to ""<*>"""
0.2,com.apple.Addres(<\d>) deny network-outbound /private/var/run/mDNSResponder,"IO80211AWDLPeerManager::setAwdlSuspendedMode() Suspending AWDL, enterQuietMode(true)"
0.2,com.apple.Addres(<\d>) deny network-outbound /private/var/run/mDNSResponder,ARPT: <\d>.<\d>: AirPort_Brcm43xx::platformWoWEnable: WWEN[enable]
0.2,com.apple.Addres(<\d>) deny network-outbound /private/var/run/mDNSResponder,Unrecognized attribute value: t:AbchPersonItemType
0.2,com.apple.Addres(<\d>) deny network-outbound /private/var/run/mDNSResponder,Captive: CNPluginHandler en0: Evaluating
0.2,com.apple.Addres(<\d>) deny network-outbound /private/var/run/mDNSResponder,RTC: PowerByCalendarDate setting ignored
0.2,com.apple.Addres(<\d>) deny network-outbound /private/var/run/mDNSResponder,[HID] [MT] AppleMultitouchDevice::willTerminate entered
0.2,com.apple.Addres(<\d>) deny network-outbound /private/var/run/mDNSResponder,Previous sleep cause: <\d>
0.2,com.apple.Addres(<\d>) deny network-outbound /private/var/run/mDNSResponder,Wake reason: RTC (Alarm)
0.2,com.apple.Addres(<\d>) deny network-outbound /private/var/run/mDNSResponder,hibernate_page_list_setall found pageCount <\d>
0.2,com.apple.Addres(<\d>) deny network-outbound /private/var/run/mDNSResponder,Captive: CNPluginHandler en0: Authenticated
0.2,com.apple.Addres(<\d>) deny network-outbound /private/var/run/mDNSResponder,network changed: DNS* Proxy
0.2,com.apple.Addres(<\d>) deny network-outbound /private/var/run/mDNSResponder,Error in CoreDragRemoveReceiveHandler: <\d>
0.2,com.apple.Addres(<\d>) deny network-outbound /private/var/run/mDNSResponder,Captive: CNPluginHandler en0: Inactive
0.2,com.apple.Addres(<\d>) deny network-outbound /private/var/run/mDNSResponder,sigio_handler: sigio_handler_active != <\d>
0.2,com.apple.Addres(<\d>) deny network-outbound /private/var/run/mDNSResponder,hibernate_teardown_pmap_structs done: last_valid_compact_indx <\d>
0.2,com.apple.Addres(<\d>) deny network-outbound /private/var/run/mDNSResponder,hibernate image path: /var/vm/sleepimage
0.2,com.apple.Addres(<\d>) deny network-outbound /private/var/run/mDNSResponder,hciControllerOnline; HID devices? <\d>
0.2,com.apple.Addres(<\d>) deny network-outbound /private/var/run/mDNSResponder,Wake reason: ARPT (Network)
0.2,com.apple.Addres(<\d>) deny network-outbound /private/var/run/mDNSResponder,payload Data <\d> <\d>
0.2,com.apple.Addres(<\d>) deny network-outbound /private/var/run/mDNSResponder,hibernate_rebuild_pmap_structs done: last_valid_compact_indx <\d>
0.2,com.apple.Addres(<\d>) deny network-outbound /private/var/run/mDNSResponder,extension com.apple.ncplugin.WorldClock -> (null)
0.2,com.apple.Addres(<\d>) deny network-outbound /private/var/run/mDNSResponder,kern_open_file_for_direct_io took <\d> ms
0.2,com.apple.Addres(<\d>) deny network-outbound /private/var/run/mDNSResponder,CGXDisplayDidWakeNotification [<\d>]: posting kCGSDisplayDidWake
0.2,com.apple.Addres(<\d>) deny network-outbound /private/var/run/mDNSResponder,[00:28:42.167] (Fig) signalled err=-12871
0.2,com.apple.Addres(<\d>) deny network-outbound /private/var/run/mDNSResponder,Wake reason: EC.SleepTimer (SleepTimer)
0.2,com.apple.Addres(<\d>) deny network-outbound /private/var/run/mDNSResponder,vm_compressor_fastwake_warmup (581519 - 591525) - starting
0.2,com.apple.Addres(<\d>) deny network-outbound /private/var/run/mDNSResponder,en0: manual intervention required!
0.2,com.apple.Addres(<\d>) deny network-outbound /private/var/run/mDNSResponder,"DB Error: <\d> ""no such table: tb_c2cMsg_<\d>"""
0.2,com.apple.Addres(<\d>) deny network-outbound /private/var/run/mDNSResponder,hibernate_page_list_setall time: <\d> ms
0.2,com.apple.Addres(<\d>) deny network-outbound /private/var/run/mDNSResponder,[HID] [MT] AppleMultitouchDevice::start entered
0.2,com.apple.Addres(<\d>) deny network-outbound /private/var/run/mDNSResponder,url host = www.baidu.com
0.2,com.apple.Addres(<\d>) deny network-outbound /private/var/run/mDNSResponder,the url = http://baike.baidu.com/item/%E8%93%9D%E9%87%87%E5%92%8C/462624?fr=aladdin
0.2,com.apple.Addres(<\d>) deny network-outbound /private/var/run/mDNSResponder,CFNetwork SSLHandshake failed (-9802)
0.2,com.apple.Addres(<\d>) deny network-outbound /private/var/run/mDNSResponder,Error in CoreDragRemoveTrackingHandler: <\d>
0.2,com.apple.Addres(<\d>) deny network-outbound /private/var/run/mDNSResponder,[HID] [MT] AppleActuatorHIDEventDriver::start entered
0.2,com.apple.Addres(<\d>) deny network-outbound /private/var/run/mDNSResponder,"Arranged view frame: {{0, 0}, {260, 877}}"
0.1875,ARPT: <\d>.<\d>: wl0: MDNS: IPV6 Addr: <*>:<*>:<\d>:<*>:<*>:<*>:<*>:<*>,mDNS_DeregisterInterface: Frequent transitions for interface awdl0 (FE80:0000:0000:0000:D8A5:90FF:FEF5:7FFF)
0.1875,ARPT: <\d>.<\d>: wl0: MDNS: IPV6 Addr: <*>:<*>:<\d>:<*>:<*>:<*>:<*>:<*>,mDNS_DeregisterInterface: Frequent transitions for interface en0 (<*>)
0.1875,ARPT: <\d>.<\d>: wl0: MDNS: IPV6 Addr: <*>:<*>:<\d>:<*>:<*>:<*>:<*>:<*>,mDNS_RegisterInterface: Frequent transitions for interface en0 (FE80:0000:0000:0000:C6B3:01FF:FECD:467F)
0.1875,ARPT: <\d>.<\d>: wl0: MDNS: IPV6 Addr: <*>:<*>:<\d>:<*>:<*>:<*>:<*>:<*>,"Setting BTCoex Config: enable_2G:1, profile_2g:0, enable_5G:1, profile_5G:0"
0.1875,ARPT: <\d>.<\d>: wl0: MDNS: IPV6 Addr: <*>:<*>:<\d>:<*>:<*>:<*>:<*>:<*>,"RTC: Maintenance <\d>/<\d>/<\d> <\d>:<\d>:<\d>, sleep <\d>/<\d>/<\d> <\d>:<\d>:<\d>"
0.1875,ARPT: <\d>.<\d>: wl0: MDNS: IPV6 Addr: <*>:<*>:<\d>:<*>:<*>:<*>:<*>:<*>,network changed: v4(<*>:<\d>.<\d>.<\d>.<\d>) v6(<*>:<\d>:f140:<\d>:<\d>:c6b3:1ff:fecd:467f) DNS! Proxy SMB
0.1875,ARPT: <\d>.<\d>: wl0: MDNS: IPV6 Addr: <*>:<*>:<\d>:<*>:<*>:<*>:<*>:<*>,mDNS_RegisterInterface: Frequent transitions for interface awdl0 (FE80:0000:0000:0000:D8A5:90FF:FEF5:7FFF)
0.1875,ARPT: <\d>.<\d>: wl0: MDNS: IPV6 Addr: <*>:<*>:<\d>:<*>:<*>:<*>:<*>:<*>,in6_unlink_ifa: IPv6 address <*> has no prefix
0.1875,ARPT: <\d>.<\d>: wl0: MDNS: IPV6 Addr: <*>:<*>:<\d>:<*>:<*>:<*>:<*>:<*>,"device_generate_lock_screen_screenshot: authw <*>(<\d>)[0, 0, <\d>, <\d>] shield <*>(<\d>), dev [1440,900]"
0.1875,ARPT: <\d>.<\d>: wl0: MDNS: IPV6 Addr: <*>:<*>:<\d>:<*>:<*>:<*>:<*>:<*>,network changed: v4(en0:10.105.160.237) v6(en0!:2607:f140:6000:8:f1dc:a608:863:19ad) DNS Proxy SMB
0.1875,ARPT: <\d>.<\d>: wl0: MDNS: IPV6 Addr: <*>:<*>:<\d>:<*>:<*>:<*>:<*>:<*>,hibernate_flush_memory: buffer_cache_gc freed up <\d> wired pages
0.1875,ARPT: <\d>.<\d>: wl0: MDNS: IPV6 Addr: <*>:<*>:<\d>:<*>:<*>:<*>:<*>:<*>,"hibernate_newruntime_map time: <\d> ms, IOPolledFilePollersOpen(), ml_get_interrupts_enabled <\d>"
0.1875,ARPT: <\d>.<\d>: wl0: MDNS: IPV6 Addr: <*>:<*>:<\d>:<*>:<*>:<*>:<*>:<*>,<<<< MediaValidator >>>> mv_LookupCodecSupport: Unrecognized codec <\d>
0.1875,ARPT: <\d>.<\d>: wl0: MDNS: IPV6 Addr: <*>:<*>:<\d>:<*>:<*>:<*>:<*>:<*>,[BluetoothHIDDeviceController]ERROR: Could not find the disconnected object
0.1875,IOThunderboltSwitch<0>(0x0)::listenerCallback - Thunderbolt HPD packet for route = 0x0 port = <\d> unplug = <\d>,"hibernate_alloc_pages act <\d>, inact <\d>, anon <\d>, throt 0, spec <\d>, wire <\d>, wireinit <\d>"
0.1875,IOThunderboltSwitch<0>(0x0)::listenerCallback - Thunderbolt HPD packet for route = 0x0 port = <\d> unplug = <\d>,"hibernate_teardown: wired_pages 544767, free_pages 3578340, active_pages 40000, inactive_pages 0, speculative_pages 0, cleaned_pages 0, compressor_pages <\d>"
0.1875,dnssd_clientstub ConnectToServer: connect()-> No of tries: <\d>,network changed: v4(<*>:<\d>.<\d>.<\d>.<\d>) v6(<*>:<\d>:f140:<\d>:<\d>:c6b3:1ff:fecd:467f) DNS! Proxy SMB
0.1875,dnssd_clientstub ConnectToServer: connect()-> No of tries: <\d>,network changed: v4(en0:10.105.160.237) v6(en0!:2607:f140:6000:8:f1dc:a608:863:19ad) DNS Proxy SMB
0.166666667,[<\d>:<\d>:<\d>.<\d>] <<<< Boss >>>> figPlaybackBossPrerollCompleted: unexpected preroll-complete notification,AirPort: Link Down on awdl0. Reason <\d> (Unspecified).
0.166666667,[<\d>:<\d>:<\d>.<\d>] <<<< Boss >>>> figPlaybackBossPrerollCompleted: unexpected preroll-complete notification,AirPort: Link Down on en0. Reason <\d> (Disassociated because station leaving).
0.166666667,[<\d>:<\d>:<\d>.<\d>] <<<< Boss >>>> figPlaybackBossPrerollCompleted: unexpected preroll-complete notification,ARPT: <\d>.<\d>: wl0: leaveModulePoweredForOffloads: Wi-Fi will stay on.
0.166666667,[<\d>:<\d>:<\d>.<\d>] <<<< Boss >>>> figPlaybackBossPrerollCompleted: unexpected preroll-complete notification,[HID] [MT] MTActuatorManagement::getActuatorRef Calling MTActuatorOpen() outside of MTTrackpadHIDManager.
0.166666667,[<\d>:<\d>:<\d>.<\d>] <<<< Boss >>>> figPlaybackBossPrerollCompleted: unexpected preroll-complete notification,ARPT: <\d>.<\d>: framerdy 0x0 bmccmd <\d> framecnt <\d>
0.166666667,Sandbox: com.apple.Addres(<\d>) deny(1) network-outbound /private/var/run/mDNSResponder,__73-[NetworkAnalyticsEngine observeValueForKeyPath:ofObject:change:context:]_block_invoke unexpected switch value <\d>
0.166666667,Sandbox: com.apple.Addres(<\d>) deny(1) network-outbound /private/var/run/mDNSResponder,AppleCamIn::systemWakeCall - messageType = <*>
0.166666667,Sandbox: com.apple.Addres(<\d>) deny(1) network-outbound /private/var/run/mDNSResponder,AppleThunderboltNHIType2::waitForOk2Go2Sx - retries = <\d>
0.166666667,Sandbox: com.apple.Addres(<\d>) deny(1) network-outbound /private/var/run/mDNSResponder,11:46:19.229 : Finished generating hashes
0.166666667,Sandbox: com.apple.Addres(<\d>) deny(1) network-outbound /private/var/run/mDNSResponder,CCXPCService::setStreamEventHandler Registered for notification callback.
0.166666667,Sandbox: com.apple.Addres(<\d>) deny(1) network-outbound /private/var/run/mDNSResponder,[<\d>/<\d>:WARNING:dns_config_service_posix.cc(306)] Failed to read DnsConfig.
0.166666667,Sandbox: com.apple.Addres(<\d>) deny(1) network-outbound /private/var/run/mDNSResponder,Error returned from iconservicesagent: (null)
0.166666667,Sandbox: com.apple.Addres(<\d>) deny(1) network-outbound /private/var/run/mDNSResponder,<\d>:<\d>:<\d>.<\d> : BTLE scanning stopped
0.166666667,Sandbox: com.apple.Addres(<\d>) deny(1) network-outbound /private/var/run/mDNSResponder,wake time set <*>.<\d> s
0.166666667,Sandbox: com.apple.Addres(<\d>) deny(1) network-outbound /private/var/run/mDNSResponder,<\d>:<\d>:<\d>.<\d> : Purged contact hashes
0.166666667,Sandbox: com.apple.Addres(<\d>) deny(1) network-outbound /private/var/run/mDNSResponder,<\d>:<\d>:<\d>.<\d> : BTLE scanning started
0.166666667,Sandbox: com.apple.Addres(<\d>) deny(1) network-outbound /private/var/run/mDNSResponder,"CCLogTap::profileRemoved, Owner: com.apple.iokit.IO80211Family, Name: <*>"
0.166666667,Sandbox: com.apple.Addres(<\d>) deny(1) network-outbound /private/var/run/mDNSResponder,00:03:06.178 : Started generating hashes
0.166666667,Sandbox: com.apple.Addres(<\d>) deny(1) network-outbound /private/var/run/mDNSResponder,hibernate_teardown completed - discarded <\d>
0.166666667,Sandbox: com.apple.Addres(<\d>) deny(1) network-outbound /private/var/run/mDNSResponder,no sleep images for WillPowerOffWithImages
0.166666667,Sandbox: com.apple.Addres(<\d>) deny(1) network-outbound /private/var/run/mDNSResponder,ChromeExistion main isUndetectWithCommand = <\d>
0.166666667,Sandbox: com.apple.Addres(<\d>) deny(1) network-outbound /private/var/run/mDNSResponder,after trim url = https://www.google.com/_/chrome/newtab?rlz=1C5CHFA_enHK732HK732&espv=2&ie=UTF-8
0.166666667,Sandbox: com.apple.Addres(<\d>) deny(1) network-outbound /private/var/run/mDNSResponder,"ChromeExistion main strSendMsg = {""websitekey"":false,""commandkey"":true,""browserkey"":true}"
0.166666667,Sandbox: com.apple.Addres(<\d>) deny(1) network-outbound /private/var/run/mDNSResponder,"CCDataTap::profileRemoved, Owner: <*>, Name: <*>"
0.166666667,Sandbox: com.apple.Addres(<\d>) deny(1) network-outbound /private/var/run/mDNSResponder,"NSURLSession/NSURLConnection HTTP load failed (kCFStreamErrorDomainSSL, -9806)"
0.166666667,Thermal pressure state: <\d> Memory pressure state: <\d>,ARPT: <\d>.<\d>: wl0: leaveModulePoweredForOffloads: Wi-Fi will stay on.
0.166666667,Thermal pressure state: <\d> Memory pressure state: <\d>,<\d>-<\d>-<\d> <\d>:<\d>:<\d>.<\d> GoogleSoftwareUpdateAgent[<\d>/0x7000002a0000] [lvl=2] -[KSAgentApp(KeystoneDelegate) updateEngineFinishedWithErrors:] Keystone finished: errors=0
0.166666667,dnssd_clientstub ConnectToServer: connect()-> No of tries: <\d>,mDNS_DeregisterInterface: Frequent transitions for interface awdl0 (FE80:0000:0000:0000:D8A5:90FF:FEF5:7FFF)
0.166666667,dnssd_clientstub ConnectToServer: connect()-> No of tries: <\d>,mDNS_DeregisterInterface: Frequent transitions for interface en0 (<*>)
0.166666667,dnssd_clientstub ConnectToServer: connect()-> No of tries: <\d>,mDNS_RegisterInterface: Frequent transitions for interface en0 (FE80:0000:0000:0000:C6B3:01FF:FECD:467F)
0.166666667,dnssd_clientstub ConnectToServer: connect()-> No of tries: <\d>,mDNS_RegisterInterface: Frequent transitions for interface awdl0 (FE80:0000:0000:0000:D8A5:90FF:FEF5:7FFF)
0.166666667,AppleCamIn::systemWakeCall - messageType = <*>,AirPort: Link Up on en0
0.166666667,AppleCamIn::systemWakeCall - messageType = <*>,Sandbox: com.apple.Addres(<\d>) deny(1) network-outbound /private/var/run/mDNSResponder
0.166666667,AppleCamIn::systemWakeCall - messageType = <*>,AirPort: Link Up on awdl0
0.166666667,AppleCamIn::systemWakeCall - messageType = <*>,11:46:19.229 : Finished generating hashes
0.166666667,AppleCamIn::systemWakeCall - messageType = <*>,[<\d>/<\d>:WARNING:dns_config_service_posix.cc(306)] Failed to read DnsConfig.
0.166666667,AppleCamIn::systemWakeCall - messageType = <*>,en0: BSSID changed to <*>:<*>:<*>:<*>:<*>:<*>
0.166666667,AppleCamIn::systemWakeCall - messageType = <*>,handle_will_sleep_auth_and_shield_windows: Reordering authw 0x7fa823a04400(2004) (lock state: 3)
0.166666667,AppleCamIn::systemWakeCall - messageType = <*>,Error returned from iconservicesagent: (null)
0.166666667,AppleCamIn::systemWakeCall - messageType = <*>,"device_generate_desktop_screenshot: authw <*>(<\d>), shield <*>(<\d>)"
0.166666667,AppleCamIn::systemWakeCall - messageType = <*>,TBT W (2): 0x0040 [x]
0.166666667,AppleCamIn::systemWakeCall - messageType = <*>,<\d>:<\d>:<\d>.<\d> : BTLE scanning stopped
0.166666667,AppleCamIn::systemWakeCall - messageType = <*>,wake time set <*>.<\d> s
0.166666667,AppleCamIn::systemWakeCall - messageType = <*>,<\d>:<\d>:<\d>.<\d> : Purged contact hashes
0.166666667,AppleCamIn::systemWakeCall - messageType = <*>,<\d>:<\d>:<\d>.<\d> : BTLE scanning started
0.166666667,AppleCamIn::systemWakeCall - messageType = <*>,<IMMacNotificationCenterManager: 0x7ff1b2e00ba0>: DND Enabled: YES
0.166666667,AppleCamIn::systemWakeCall - messageType = <*>,AppleActuatorHIDEventDriver: message service is terminated
0.166666667,AppleCamIn::systemWakeCall - messageType = <*>,ARPT: <\d>.<\d>: AirPort_Brcm43xx::powerChange: System Sleep
0.166666667,AppleCamIn::systemWakeCall - messageType = <*>,00:03:06.178 : Started generating hashes
0.166666667,AppleCamIn::systemWakeCall - messageType = <*>,<IMMacNotificationCenterManager: <*>>: NC Disabled: NO
0.166666667,AppleCamIn::systemWakeCall - messageType = <*>,<IMMacNotificationCenterManager: <*>>: DND Enabled: NO
0.166666667,AppleCamIn::systemWakeCall - messageType = <*>,no sleep images for WillPowerOffWithImages
0.166666667,AppleCamIn::systemWakeCall - messageType = <*>,Sandbox: com.apple.WebKit(9854) deny(1) file-read-data /private/etc/hosts
0.166666667,AppleCamIn::systemWakeCall - messageType = <*>,Sandbox: SpotlightNetHelp(352) deny(1) ipc-posix-shm-read-data CFPBS:186A7:
0.166666667,AppleCamIn::systemWakeCall - messageType = <*>,"NSURLSession/NSURLConnection HTTP load failed (kCFStreamErrorDomainSSL, -9806)"
0.148148148,"CCFile::copyFile fileName is [<\d>-<\d>-<\d>_<\d>,<\d>,<\d>.<\d>]-<*>-<\d>.<*>, source path:/var/log/CoreCapture/<*>/<*>//[<\d>-<\d>-<\d>_<\d>,<\d>,<\d>.<\d>]-<*>-<\d>.<*>, dest path:/Library/Logs/CrashReporter/CoreCapture/<*>/[<\d>-<\d>-<\d>_<\d>,<\d>,<\d>.<\d>]=<*>:sts:<\d>_rsn:<\d>/<*>//[<\d>-<\d>-<\d>_<\d>,<\d>,<\d>.<\d>]-<*>-<\d>.<*>",AppleThunderboltNHIType2::waitForOk2Go2Sx - intel_rp = <\d> dlla_reporting_supported = <\d>
0.136363636,"CCFile::captureLogRun Skipping current file Dir file [<\d>-<\d>-<\d>_<\d>,<\d>,<\d>.<\d>]-<*>-<\d>.<*>, Current File [<\d>-<\d>-<\d>_<\d>,<\d>,<\d>.<\d>]-<*>-<\d>.<*>","ARPT: <\d>.<\d>: wl0: MDNS: <\d> SRV Recs, <\d> TXT Recs"
0.136363636,"CCFile::captureLogRun Skipping current file Dir file [<\d>-<\d>-<\d>_<\d>,<\d>,<\d>.<\d>]-<*>-<\d>.<*>, Current File [<\d>-<\d>-<\d>_<\d>,<\d>,<\d>.<\d>]-<*>-<\d>.<*>","ARPT: <\d>.<\d>: wl0: setup_keepalive: Local port: <\d>, Remote port: <\d>"
0.133333333,send_datagram_available_ping: pid <\d> failed to act on a ping it dequeued before timing out.,[HID] [ATC] [Error] AppleDeviceManagementHIDEventService::start Could not make a string from out connection notification key
0.133333333,send_datagram_available_ping: pid <\d> failed to act on a ping it dequeued before timing out.,"CoreAnimation: warning, deleted thread with uncommitted CATransaction; set CA_DEBUG_TRANSACTIONS=1 in environment to log backtraces."
0.125,AppleThunderboltGenericHAL::earlyWake - complete - took <\d> milliseconds,mDNS_DeregisterInterface: Frequent transitions for interface awdl0 (FE80:0000:0000:0000:D8A5:90FF:FEF5:7FFF)
0.125,AppleThunderboltGenericHAL::earlyWake - complete - took <\d> milliseconds,ARPT: <\d>.<\d>: wl0: MDNS: IPV6 Addr: <*>:<*>:<\d>:<*>:<*>:<*>:<*>:<*>
0.125,AppleThunderboltGenericHAL::earlyWake - complete - took <\d> milliseconds,mDNS_DeregisterInterface: Frequent transitions for interface en0 (<*>)
0.125,AppleThunderboltGenericHAL::earlyWake - complete - took <\d> milliseconds,mDNS_RegisterInterface: Frequent transitions for interface en0 (FE80:0000:0000:0000:C6B3:01FF:FECD:467F)
0.125,AppleThunderboltGenericHAL::earlyWake - complete - took <\d> milliseconds,ARPT: <\d>.<\d>: wl0: MDNS: IPV4 Addr: <\d>.<\d>.<\d>.<\d>
0.125,AppleThunderboltGenericHAL::earlyWake - complete - took <\d> milliseconds,"Setting BTCoex Config: enable_2G:1, profile_2g:0, enable_5G:1, profile_5G:0"
0.125,AppleThunderboltGenericHAL::earlyWake - complete - took <\d> milliseconds,[HID] [ATC] AppleDeviceManagementHIDEventService::processWakeReason Wake reason: Host (0x01)
0.125,AppleThunderboltGenericHAL::earlyWake - complete - took <\d> milliseconds,dnssd_clientstub ConnectToServer: connect()-> No of tries: <\d>
0.125,AppleThunderboltGenericHAL::earlyWake - complete - took <\d> milliseconds,"RTC: Maintenance <\d>/<\d>/<\d> <\d>:<\d>:<\d>, sleep <\d>/<\d>/<\d> <\d>:<\d>:<\d>"
0.125,AppleThunderboltGenericHAL::earlyWake - complete - took <\d> milliseconds,en0: 802.11d country code set to '<*>'.
0.125,AppleThunderboltGenericHAL::earlyWake - complete - took <\d> milliseconds,network changed: v4(<*>:<\d>.<\d>.<\d>.<\d>) v6(<*>:<\d>:f140:<\d>:<\d>:c6b3:1ff:fecd:467f) DNS! Proxy SMB
0.125,AppleThunderboltGenericHAL::earlyWake - complete - took <\d> milliseconds,<\d>:<\d>:<\d>.<\d> : Discoverable mode changed to Off
0.125,AppleThunderboltGenericHAL::earlyWake - complete - took <\d> milliseconds,ARPT: <\d>.<\d>: wl0: setup_keepalive: Local IP: <\d>.<\d>.<\d>.<\d>
0.125,AppleThunderboltGenericHAL::earlyWake - complete - took <\d> milliseconds,mDNS_RegisterInterface: Frequent transitions for interface awdl0 (FE80:0000:0000:0000:D8A5:90FF:FEF5:7FFF)
0.125,AppleThunderboltGenericHAL::earlyWake - complete - took <\d> milliseconds,in6_unlink_ifa: IPv6 address <*> has no prefix
0.125,AppleThunderboltGenericHAL::earlyWake - complete - took <\d> milliseconds,"device_generate_lock_screen_screenshot: authw <*>(<\d>)[0, 0, <\d>, <\d>] shield <*>(<\d>), dev [1440,900]"
0.125,AppleThunderboltGenericHAL::earlyWake - complete - took <\d> milliseconds,ARPT: <\d>.<\d>: wl0: setup_keepalive: Remote IP: <\d>.<\d>.<\d>.<\d>
0.125,AppleThunderboltGenericHAL::earlyWake - complete - took <\d> milliseconds,network changed: v4(en0:10.105.160.237) v6(en0!:2607:f140:6000:8:f1dc:a608:863:19ad) DNS Proxy SMB
0.125,AppleThunderboltGenericHAL::earlyWake - complete - took <\d> milliseconds,"doSaveChannels@286: Will write to: /Library/Logs/CrashReporter/CoreCapture/IOReporters/[<\d>-<\d>-<\d>_<\d>,<\d>,<\d>.<\d>] - <*>:sts:<\d>_rsn:0.xml"
0.125,AppleThunderboltGenericHAL::earlyWake - complete - took <\d> milliseconds,"[CardDAVPlugin-ERROR] -getPrincipalInfo:[_controller supportsRequestCompressionAtURL:https://13957525385%40163.com@p28-contacts.icloud.com/874161398/principal/] Error Domain=NSURLErrorDomain Code=-1001 ""The request timed out."" UserInfo={NSUnderlyingError=0x7f9af3646900 {Error Domain=kCFErrorDomainCFNetwork Code=-1001 ""The request timed out."" UserInfo={NSErrorFailingURLStringKey=https://13957525385%40163.com@p28-contacts.icloud.com/874161398/principal/, NSErrorFailingURLKey=https://13957525385%40163.com@p28-contacts.icloud.com/874161398/principal/, _kCFStreamErrorCodeKey=-2102, _kCFStreamErrorDomainKey=4, NSLocalizedDescription=The request timed out.}}, NSErrorFailingURLStringKey=https://13957525385%40163.com@p28-contacts.icloud.com/874161398/principal/, NSErrorFailingURLKey=https://13957525385%40163.com@p28-contacts.icloud.com/874161398/principal/, _kCFStreamErrorDomainKey=4, _kCFStreamErrorCodeKey=-2102, NSLocalizedDescription=The request timed out.}"
0.125,AppleThunderboltGenericHAL::earlyWake - complete - took <\d> milliseconds,hibernate_flush_memory: buffer_cache_gc freed up <\d> wired pages
0.125,AppleThunderboltGenericHAL::earlyWake - complete - took <\d> milliseconds,"hibernate_newruntime_map time: <\d> ms, IOPolledFilePollersOpen(), ml_get_interrupts_enabled <\d>"
0.125,AppleThunderboltGenericHAL::earlyWake - complete - took <\d> milliseconds,"[CardDAVPlugin-ERROR] -getPrincipalInfo:[_controller supportsRequestCompressionAtURL:https://13957525385%40163.com@p28-contacts.icloud.com/874161398/principal/] Error Domain=NSURLErrorDomain Code=-1009 ""The Internet connection appears to be offline."" UserInfo={NSUnderlyingError=0x7f8de0c0dc70 {Error Domain=kCFErrorDomainCFNetwork Code=-1009 ""The Internet connection appears to be offline."" UserInfo={NSErrorFailingURLStringKey=https://13957525385%40163.com@p28-contacts.icloud.com/874161398/principal/, NSErrorFailingURLKey=https://13957525385%40163.com@p28-contacts.icloud.com/874161398/principal/, _kCFStreamErrorCodeKey=8, _kCFStreamErrorDomainKey=12, NSLocalizedDescription=The Internet connection appears to be offline.}}, NSErrorFailingURLStringKey=https://13957525385%40163.com@p28-contacts.icloud.com/874161398/principal/, NSErrorFailingURLKey=https://13957525385%40163.com@p28-contacts.icloud.com/874161398/principal/, _kCFStreamErrorDomainKey=12, _kCFStreamErrorCodeKey=8, NSLocalizedDescription=The Internet connection appears to be offline.}"
0.125,AppleThunderboltGenericHAL::earlyWake - complete - took <\d> milliseconds,<<<< MediaValidator >>>> mv_LookupCodecSupport: Unrecognized codec <\d>
0.125,AppleThunderboltGenericHAL::earlyWake - complete - took <\d> milliseconds,[BluetoothHIDDeviceController]ERROR: Could not find the disconnected object
0.125,ARPT: <\d>.<\d>: wl0: MDNS: IPV6 Addr: <*>:<*>:<\d>:<*>:<*>:<*>:<*>:<*>,AppleThunderboltGenericHAL::earlyWake - complete - took <\d> milliseconds
0.125,ARPT: <\d>.<\d>: wl0: MDNS: IPV6 Addr: <*>:<*>:<\d>:<*>:<*>:<*>:<*>:<*>,[HID] [ATC] AppleDeviceManagementHIDEventService::processWakeReason Wake reason: Host (0x01)
0.125,ARPT: <\d>.<\d>: wl0: MDNS: IPV6 Addr: <*>:<*>:<\d>:<*>:<*>:<*>:<*>:<*>,<\d>:<\d>:<\d>.<\d> : Discoverable mode changed to Off
0.125,ARPT: <\d>.<\d>: wl0: MDNS: IPV6 Addr: <*>:<*>:<\d>:<*>:<*>:<*>:<*>:<*>,enabling pid=30298 for plug-in com.apple.ncplugin.weather(1.0) 131FE7ED-87F7-471D-8797-C11107688DF7 /System/Library/CoreServices/Weather.app/Contents/PlugIns/com.apple.ncplugin.weather.appex
0.125,ARPT: <\d>.<\d>: wl0: MDNS: IPV6 Addr: <*>:<*>:<\d>:<*>:<*>:<*>:<*>:<*>,"[CardDAVPlugin-ERROR] -getPrincipalInfo:[_controller supportsRequestCompressionAtURL:https://13957525385%40163.com@p28-contacts.icloud.com/874161398/principal/] Error Domain=NSURLErrorDomain Code=-1001 ""The request timed out."" UserInfo={NSUnderlyingError=0x7f9af3646900 {Error Domain=kCFErrorDomainCFNetwork Code=-1001 ""The request timed out."" UserInfo={NSErrorFailingURLStringKey=https://13957525385%40163.com@p28-contacts.icloud.com/874161398/principal/, NSErrorFailingURLKey=https://13957525385%40163.com@p28-contacts.icloud.com/874161398/principal/, _kCFStreamErrorCodeKey=-2102, _kCFStreamErrorDomainKey=4, NSLocalizedDescription=The request timed out.}}, NSErrorFailingURLStringKey=https://13957525385%40163.com@p28-contacts.icloud.com/874161398/principal/, NSErrorFailingURLKey=https://13957525385%40163.com@p28-contacts.icloud.com/874161398/principal/, _kCFStreamErrorDomainKey=4, _kCFStreamErrorCodeKey=-2102, NSLocalizedDescription=The request timed out.}"
0.125,ARPT: <\d>.<\d>: wl0: MDNS: IPV6 Addr: <*>:<*>:<\d>:<*>:<*>:<*>:<*>:<*>,Checking iCDP status for DSID <\d> (checkWithServer=0)
0.125,ARPT: <\d>.<\d>: wl0: MDNS: IPV6 Addr: <*>:<*>:<\d>:<*>:<*>:<*>:<*>:<*>,"[CardDAVPlugin-ERROR] -getPrincipalInfo:[_controller supportsRequestCompressionAtURL:https://13957525385%40163.com@p28-contacts.icloud.com/874161398/principal/] Error Domain=NSURLErrorDomain Code=-1009 ""The Internet connection appears to be offline."" UserInfo={NSUnderlyingError=0x7f8de0c0dc70 {Error Domain=kCFErrorDomainCFNetwork Code=-1009 ""The Internet connection appears to be offline."" UserInfo={NSErrorFailingURLStringKey=https://13957525385%40163.com@p28-contacts.icloud.com/874161398/principal/, NSErrorFailingURLKey=https://13957525385%40163.com@p28-contacts.icloud.com/874161398/principal/, _kCFStreamErrorCodeKey=8, _kCFStreamErrorDomainKey=12, NSLocalizedDescription=The Internet connection appears to be offline.}}, NSErrorFailingURLStringKey=https://13957525385%40163.com@p28-contacts.icloud.com/874161398/principal/, NSErrorFailingURLKey=https://13957525385%40163.com@p28-contacts.icloud.com/874161398/principal/, _kCFStreamErrorDomainKey=12, _kCFStreamErrorCodeKey=8, NSLocalizedDescription=The Internet connection appears to be offline.}"
0.125,IOThunderboltSwitch<0>(0x0)::listenerCallback - Thunderbolt HPD packet for route = 0x0 port = <\d> unplug = <\d>,"ARPT: <\d>.<\d>: wl0: wl_update_tcpkeep_seq: Updated seq/ack/win from UserClient Seq <\d>, Ack <\d>, Win size <\d>"
0.125,IOThunderboltSwitch<0>(0x0)::listenerCallback - Thunderbolt HPD packet for route = 0x0 port = <\d> unplug = <\d>,<\d>/<\d>/<\d> <\d>:<\d>:<\d>.<\d> | I | VoipWrapper | DAVEngineImpl.cpp:1400:Close | close video chat. llFriendUIN = <*>.
0.125,IOThunderboltSwitch<0>(0x0)::listenerCallback - Thunderbolt HPD packet for route = 0x0 port = <\d> unplug = <\d>,**** [IOBluetoothFamily][ProcessBluetoothTransportShowsUpActionWL] -- Connected to the transport successfully -- 0x5fd0 -- 0x9a00 -- 0x6800 ****
0.125,dnssd_clientstub ConnectToServer: connect()-> No of tries: <\d>,AppleThunderboltGenericHAL::earlyWake - complete - took <\d> milliseconds
0.125,dnssd_clientstub ConnectToServer: connect()-> No of tries: <\d>,"Setting BTCoex Config: enable_2G:1, profile_2g:0, enable_5G:1, profile_5G:0"
0.125,dnssd_clientstub ConnectToServer: connect()-> No of tries: <\d>,[HID] [ATC] AppleDeviceManagementHIDEventService::processWakeReason Wake reason: Host (0x01)
0.125,dnssd_clientstub ConnectToServer: connect()-> No of tries: <\d>,"RTC: Maintenance <\d>/<\d>/<\d> <\d>:<\d>:<\d>, sleep <\d>/<\d>/<\d> <\d>:<\d>:<\d>"
0.125,dnssd_clientstub ConnectToServer: connect()-> No of tries: <\d>,en0: 802.11d country code set to '<*>'.
0.125,dnssd_clientstub ConnectToServer: connect()-> No of tries: <\d>,<\d>:<\d>:<\d>.<\d> : Discoverable mode changed to Off
0.125,dnssd_clientstub ConnectToServer: connect()-> No of tries: <\d>,in6_unlink_ifa: IPv6 address <*> has no prefix
0.125,dnssd_clientstub ConnectToServer: connect()-> No of tries: <\d>,"device_generate_lock_screen_screenshot: authw <*>(<\d>)[0, 0, <\d>, <\d>] shield <*>(<\d>), dev [1440,900]"
0.125,dnssd_clientstub ConnectToServer: connect()-> No of tries: <\d>,enabling pid=30298 for plug-in com.apple.ncplugin.weather(1.0) 131FE7ED-87F7-471D-8797-C11107688DF7 /System/Library/CoreServices/Weather.app/Contents/PlugIns/com.apple.ncplugin.weather.appex
0.125,dnssd_clientstub ConnectToServer: connect()-> No of tries: <\d>,"doSaveChannels@286: Will write to: /Library/Logs/CrashReporter/CoreCapture/IOReporters/[<\d>-<\d>-<\d>_<\d>,<\d>,<\d>.<\d>] - <*>:sts:<\d>_rsn:0.xml"
0.125,dnssd_clientstub ConnectToServer: connect()-> No of tries: <\d>,"[CardDAVPlugin-ERROR] -getPrincipalInfo:[_controller supportsRequestCompressionAtURL:https://13957525385%40163.com@p28-contacts.icloud.com/874161398/principal/] Error Domain=NSURLErrorDomain Code=-1001 ""The request timed out."" UserInfo={NSUnderlyingError=0x7f9af3646900 {Error Domain=kCFErrorDomainCFNetwork Code=-1001 ""The request timed out."" UserInfo={NSErrorFailingURLStringKey=https://13957525385%40163.com@p28-contacts.icloud.com/874161398/principal/, NSErrorFailingURLKey=https://13957525385%40163.com@p28-contacts.icloud.com/874161398/principal/, _kCFStreamErrorCodeKey=-2102, _kCFStreamErrorDomainKey=4, NSLocalizedDescription=The request timed out.}}, NSErrorFailingURLStringKey=https://13957525385%40163.com@p28-contacts.icloud.com/874161398/principal/, NSErrorFailingURLKey=https://13957525385%40163.com@p28-contacts.icloud.com/874161398/principal/, _kCFStreamErrorDomainKey=4, _kCFStreamErrorCodeKey=-2102, NSLocalizedDescription=The request timed out.}"
0.125,dnssd_clientstub ConnectToServer: connect()-> No of tries: <\d>,hibernate_flush_memory: buffer_cache_gc freed up <\d> wired pages
0.125,dnssd_clientstub ConnectToServer: connect()-> No of tries: <\d>,Checking iCDP status for DSID <\d> (checkWithServer=0)
0.125,dnssd_clientstub ConnectToServer: connect()-> No of tries: <\d>,"[CardDAVPlugin-ERROR] -getPrincipalInfo:[_controller supportsRequestCompressionAtURL:https://13957525385%40163.com@p28-contacts.icloud.com/874161398/principal/] Error Domain=NSURLErrorDomain Code=-1009 ""The Internet connection appears to be offline."" UserInfo={NSUnderlyingError=0x7f8de0c0dc70 {Error Domain=kCFErrorDomainCFNetwork Code=-1009 ""The Internet connection appears to be offline."" UserInfo={NSErrorFailingURLStringKey=https://13957525385%40163.com@p28-contacts.icloud.com/874161398/principal/, NSErrorFailingURLKey=https://13957525385%40163.com@p28-contacts.icloud.com/874161398/principal/, _kCFStreamErrorCodeKey=8, _kCFStreamErrorDomainKey=12, NSLocalizedDescription=The Internet connection appears to be offline.}}, NSErrorFailingURLStringKey=https://13957525385%40163.com@p28-contacts.icloud.com/874161398/principal/, NSErrorFailingURLKey=https://13957525385%40163.com@p28-contacts.icloud.com/874161398/principal/, _kCFStreamErrorDomainKey=12, _kCFStreamErrorCodeKey=8, NSLocalizedDescription=The Internet connection appears to be offline.}"
0.125,dnssd_clientstub ConnectToServer: connect()-> No of tries: <\d>,[BluetoothHIDDeviceController]ERROR: Could not find the disconnected object
0.121212121,"CCFile::captureLogRun Skipping current file Dir file [<\d>-<\d>-<\d>_<\d>,<\d>,<\d>.<\d>]-<*>-<\d>.<*>, Current File [<\d>-<\d>-<\d>_<\d>,<\d>,<\d>.<\d>]-<*>-<\d>.<*>",IO80211AWDLPeerManager::setAwdlOperatingMode Setting the AWDL operation mode from AUTO to SUSPENDED
0.121212121,"CCFile::captureLogRun Skipping current file Dir file [<\d>-<\d>-<\d>_<\d>,<\d>,<\d>.<\d>]-<*>-<\d>.<*>, Current File [<\d>-<\d>-<\d>_<\d>,<\d>,<\d>.<\d>]-<*>-<\d>.<*>",IO80211AWDLPeerManager::setAwdlOperatingMode Setting the AWDL operation mode from SUSPENDED to AUTO
0.111111111,"CCFile::copyFile fileName is [<\d>-<\d>-<\d>_<\d>,<\d>,<\d>.<\d>]-<*>-<\d>.<*>, source path:/var/log/CoreCapture/<*>/<*>//[<\d>-<\d>-<\d>_<\d>,<\d>,<\d>.<\d>]-<*>-<\d>.<*>, dest path:/Library/Logs/CrashReporter/CoreCapture/<*>/[<\d>-<\d>-<\d>_<\d>,<\d>,<\d>.<\d>]=<*>:sts:<\d>_rsn:<\d>/<*>//[<\d>-<\d>-<\d>_<\d>,<\d>,<\d>.<\d>]-<*>-<\d>.<*>",Thermal pressure state: <\d> Memory pressure state: <\d>
0.111111111,"CCFile::copyFile fileName is [<\d>-<\d>-<\d>_<\d>,<\d>,<\d>.<\d>]-<*>-<\d>.<*>, source path:/var/log/CoreCapture/<*>/<*>//[<\d>-<\d>-<\d>_<\d>,<\d>,<\d>.<\d>]-<*>-<\d>.<*>, dest path:/Library/Logs/CrashReporter/CoreCapture/<*>/[<\d>-<\d>-<\d>_<\d>,<\d>,<\d>.<\d>]=<*>:sts:<\d>_rsn:<\d>/<*>//[<\d>-<\d>-<\d>_<\d>,<\d>,<\d>.<\d>]-<*>-<\d>.<*>",AirPort: Link Down on awdl0. Reason <\d> (Unspecified).
0.111111111,"CCFile::copyFile fileName is [<\d>-<\d>-<\d>_<\d>,<\d>,<\d>.<\d>]-<*>-<\d>.<*>, source path:/var/log/CoreCapture/<*>/<*>//[<\d>-<\d>-<\d>_<\d>,<\d>,<\d>.<\d>]-<*>-<\d>.<*>, dest path:/Library/Logs/CrashReporter/CoreCapture/<*>/[<\d>-<\d>-<\d>_<\d>,<\d>,<\d>.<\d>]=<*>:sts:<\d>_rsn:<\d>/<*>//[<\d>-<\d>-<\d>_<\d>,<\d>,<\d>.<\d>]-<*>-<\d>.<*>","CFPasteboardRef CFPasteboardCreate(CFAllocatorRef, CFStringRef) : failed to create global data"
0.111111111,"CCFile::copyFile fileName is [<\d>-<\d>-<\d>_<\d>,<\d>,<\d>.<\d>]-<*>-<\d>.<*>, source path:/var/log/CoreCapture/<*>/<*>//[<\d>-<\d>-<\d>_<\d>,<\d>,<\d>.<\d>]-<*>-<\d>.<*>, dest path:/Library/Logs/CrashReporter/CoreCapture/<*>/[<\d>-<\d>-<\d>_<\d>,<\d>,<\d>.<\d>]=<*>:sts:<\d>_rsn:<\d>/<*>//[<\d>-<\d>-<\d>_<\d>,<\d>,<\d>.<\d>]-<*>-<\d>.<*>",Location icon should now be in state 'Inactive'
0.111111111,"CCFile::copyFile fileName is [<\d>-<\d>-<\d>_<\d>,<\d>,<\d>.<\d>]-<*>-<\d>.<*>, source path:/var/log/CoreCapture/<*>/<*>//[<\d>-<\d>-<\d>_<\d>,<\d>,<\d>.<\d>]-<*>-<\d>.<*>, dest path:/Library/Logs/CrashReporter/CoreCapture/<*>/[<\d>-<\d>-<\d>_<\d>,<\d>,<\d>.<\d>]=<*>:sts:<\d>_rsn:<\d>/<*>//[<\d>-<\d>-<\d>_<\d>,<\d>,<\d>.<\d>]-<*>-<\d>.<*>",AirPort: Link Down on en0. Reason <\d> (Disassociated because station leaving).
0.111111111,"CCFile::copyFile fileName is [<\d>-<\d>-<\d>_<\d>,<\d>,<\d>.<\d>]-<*>-<\d>.<*>, source path:/var/log/CoreCapture/<*>/<*>//[<\d>-<\d>-<\d>_<\d>,<\d>,<\d>.<\d>]-<*>-<\d>.<*>, dest path:/Library/Logs/CrashReporter/CoreCapture/<*>/[<\d>-<\d>-<\d>_<\d>,<\d>,<\d>.<\d>]=<*>:sts:<\d>_rsn:<\d>/<*>//[<\d>-<\d>-<\d>_<\d>,<\d>,<\d>.<\d>]-<*>-<\d>.<*>","USBMSC Identifier (non-unique): <\d> 0x5ac 0x8406 0x820, <\d>"
0.111111111,"CCFile::copyFile fileName is [<\d>-<\d>-<\d>_<\d>,<\d>,<\d>.<\d>]-<*>-<\d>.<*>, source path:/var/log/CoreCapture/<*>/<*>//[<\d>-<\d>-<\d>_<\d>,<\d>,<\d>.<\d>]-<*>-<\d>.<*>, dest path:/Library/Logs/CrashReporter/CoreCapture/<*>/[<\d>-<\d>-<\d>_<\d>,<\d>,<\d>.<\d>]=<*>:sts:<\d>_rsn:<\d>/<*>//[<\d>-<\d>-<\d>_<\d>,<\d>,<\d>.<\d>]-<*>-<\d>.<*>",Location icon should now be in state 'Active'
0.111111111,"CCFile::copyFile fileName is [<\d>-<\d>-<\d>_<\d>,<\d>,<\d>.<\d>]-<*>-<\d>.<*>, source path:/var/log/CoreCapture/<*>/<*>//[<\d>-<\d>-<\d>_<\d>,<\d>,<\d>.<\d>]-<*>-<\d>.<*>, dest path:/Library/Logs/CrashReporter/CoreCapture/<*>/[<\d>-<\d>-<\d>_<\d>,<\d>,<\d>.<\d>]=<*>:sts:<\d>_rsn:<\d>/<*>//[<\d>-<\d>-<\d>_<\d>,<\d>,<\d>.<\d>]-<*>-<\d>.<*>","SecOSStatusWith error:[-50] Error Domain=NSOSStatusErrorDomain Code=-50 ""query missing class name"" (paramErr: error in user parameter list) UserInfo={NSDescription=query missing class name}"
0.111111111,"CCFile::copyFile fileName is [<\d>-<\d>-<\d>_<\d>,<\d>,<\d>.<\d>]-<*>-<\d>.<*>, source path:/var/log/CoreCapture/<*>/<*>//[<\d>-<\d>-<\d>_<\d>,<\d>,<\d>.<\d>]-<*>-<\d>.<*>, dest path:/Library/Logs/CrashReporter/CoreCapture/<*>/[<\d>-<\d>-<\d>_<\d>,<\d>,<\d>.<\d>]=<*>:sts:<\d>_rsn:<\d>/<*>//[<\d>-<\d>-<\d>_<\d>,<\d>,<\d>.<\d>]-<*>-<\d>.<*>",tcp_connection_handle_connect_conditions_bad <\d> failed: <\d> - No network route
0.111111111,"CCFile::copyFile fileName is [<\d>-<\d>-<\d>_<\d>,<\d>,<\d>.<\d>]-<*>-<\d>.<*>, source path:/var/log/CoreCapture/<*>/<*>//[<\d>-<\d>-<\d>_<\d>,<\d>,<\d>.<\d>]-<*>-<\d>.<*>, dest path:/Library/Logs/CrashReporter/CoreCapture/<*>/[<\d>-<\d>-<\d>_<\d>,<\d>,<\d>.<\d>]=<*>:sts:<\d>_rsn:<\d>/<*>//[<\d>-<\d>-<\d>_<\d>,<\d>,<\d>.<\d>]-<*>-<\d>.<*>",ARPT: <\d>.<\d>: wl0: leaveModulePoweredForOffloads: Wi-Fi will stay on.
0.111111111,"CCFile::copyFile fileName is [<\d>-<\d>-<\d>_<\d>,<\d>,<\d>.<\d>]-<*>-<\d>.<*>, source path:/var/log/CoreCapture/<*>/<*>//[<\d>-<\d>-<\d>_<\d>,<\d>,<\d>.<\d>]-<*>-<\d>.<*>, dest path:/Library/Logs/CrashReporter/CoreCapture/<*>/[<\d>-<\d>-<\d>_<\d>,<\d>,<\d>.<\d>]=<*>:sts:<\d>_rsn:<\d>/<*>//[<\d>-<\d>-<\d>_<\d>,<\d>,<\d>.<\d>]-<*>-<\d>.<*>",[<\d>:<\d>:<\d>.<\d>] <<<< Boss >>>> figPlaybackBossPrerollCompleted: unexpected preroll-complete notification
0.111111111,"CCFile::copyFile fileName is [<\d>-<\d>-<\d>_<\d>,<\d>,<\d>.<\d>]-<*>-<\d>.<*>, source path:/var/log/CoreCapture/<*>/<*>//[<\d>-<\d>-<\d>_<\d>,<\d>,<\d>.<\d>]-<*>-<\d>.<*>, dest path:/Library/Logs/CrashReporter/CoreCapture/<*>/[<\d>-<\d>-<\d>_<\d>,<\d>,<\d>.<\d>]=<*>:sts:<\d>_rsn:<\d>/<*>//[<\d>-<\d>-<\d>_<\d>,<\d>,<\d>.<\d>]-<*>-<\d>.<*>",[HID] [MT] MTActuatorManagement::getActuatorRef Calling MTActuatorOpen() outside of MTTrackpadHIDManager.
0.111111111,"CCFile::copyFile fileName is [<\d>-<\d>-<\d>_<\d>,<\d>,<\d>.<\d>]-<*>-<\d>.<*>, source path:/var/log/CoreCapture/<*>/<*>//[<\d>-<\d>-<\d>_<\d>,<\d>,<\d>.<\d>]-<*>-<\d>.<*>, dest path:/Library/Logs/CrashReporter/CoreCapture/<*>/[<\d>-<\d>-<\d>_<\d>,<\d>,<\d>.<\d>]=<*>:sts:<\d>_rsn:<\d>/<*>//[<\d>-<\d>-<\d>_<\d>,<\d>,<\d>.<\d>]-<*>-<\d>.<*>","Unexpected payload found for message 9, dataLen <\d>"
0.111111111,"CCFile::copyFile fileName is [<\d>-<\d>-<\d>_<\d>,<\d>,<\d>.<\d>]-<*>-<\d>.<*>, source path:/var/log/CoreCapture/<*>/<*>//[<\d>-<\d>-<\d>_<\d>,<\d>,<\d>.<\d>]-<*>-<\d>.<*>, dest path:/Library/Logs/CrashReporter/CoreCapture/<*>/[<\d>-<\d>-<\d>_<\d>,<\d>,<\d>.<\d>]=<*>:sts:<\d>_rsn:<\d>/<*>//[<\d>-<\d>-<\d>_<\d>,<\d>,<\d>.<\d>]-<*>-<\d>.<*>",Internal name did not resolve to internal address!
0.111111111,"CCFile::copyFile fileName is [<\d>-<\d>-<\d>_<\d>,<\d>,<\d>.<\d>]-<*>-<\d>.<*>, source path:/var/log/CoreCapture/<*>/<*>//[<\d>-<\d>-<\d>_<\d>,<\d>,<\d>.<\d>]-<*>-<\d>.<*>, dest path:/Library/Logs/CrashReporter/CoreCapture/<*>/[<\d>-<\d>-<\d>_<\d>,<\d>,<\d>.<\d>]=<*>:sts:<\d>_rsn:<\d>/<*>//[<\d>-<\d>-<\d>_<\d>,<\d>,<\d>.<\d>]-<*>-<\d>.<*>",ARPT: <\d>.<\d>: framerdy 0x0 bmccmd <\d> framecnt <\d>
0.111111111,"CCFile::copyFile fileName is [<\d>-<\d>-<\d>_<\d>,<\d>,<\d>.<\d>]-<*>-<\d>.<*>, source path:/var/log/CoreCapture/<*>/<*>//[<\d>-<\d>-<\d>_<\d>,<\d>,<\d>.<\d>]-<*>-<\d>.<*>, dest path:/Library/Logs/CrashReporter/CoreCapture/<*>/[<\d>-<\d>-<\d>_<\d>,<\d>,<\d>.<\d>]=<*>:sts:<\d>_rsn:<\d>/<*>//[<\d>-<\d>-<\d>_<\d>,<\d>,<\d>.<\d>]-<*>-<\d>.<*>",ASSERTION FAILED: dvcAddrRef != ((void *)0) -[DriverServices getDeviceAddress:] line: <\d>
0.111111111,"CCFile::copyFile fileName is [<\d>-<\d>-<\d>_<\d>,<\d>,<\d>.<\d>]-<*>-<\d>.<*>, source path:/var/log/CoreCapture/<*>/<*>//[<\d>-<\d>-<\d>_<\d>,<\d>,<\d>.<\d>]-<*>-<\d>.<*>, dest path:/Library/Logs/CrashReporter/CoreCapture/<*>/[<\d>-<\d>-<\d>_<\d>,<\d>,<\d>.<\d>]=<*>:sts:<\d>_rsn:<\d>/<*>//[<\d>-<\d>-<\d>_<\d>,<\d>,<\d>.<\d>]-<*>-<\d>.<*>",assertion failed: 15G1510: com.apple.telemetry + <\d> [10D2E324-788C-30CC-A749-55AE67AEC7BC]: 0x7fc235807b90
0.111111111,"CCFile::copyFile fileName is [<\d>-<\d>-<\d>_<\d>,<\d>,<\d>.<\d>]-<*>-<\d>.<*>, source path:/var/log/CoreCapture/<*>/<*>//[<\d>-<\d>-<\d>_<\d>,<\d>,<\d>.<\d>]-<*>-<\d>.<*>, dest path:/Library/Logs/CrashReporter/CoreCapture/<*>/[<\d>-<\d>-<\d>_<\d>,<\d>,<\d>.<\d>]=<*>:sts:<\d>_rsn:<\d>/<*>//[<\d>-<\d>-<\d>_<\d>,<\d>,<\d>.<\d>]-<*>-<\d>.<*>",2017-07-04 09:42:58.121 ksfetch[34604/0x7fff79824000] [lvl=2] main() ksfetch done fetching.
0.111111111,"CCFile::copyFile fileName is [<\d>-<\d>-<\d>_<\d>,<\d>,<\d>.<\d>]-<*>-<\d>.<*>, source path:/var/log/CoreCapture/<*>/<*>//[<\d>-<\d>-<\d>_<\d>,<\d>,<\d>.<\d>]-<*>-<\d>.<*>, dest path:/Library/Logs/CrashReporter/CoreCapture/<*>/[<\d>-<\d>-<\d>_<\d>,<\d>,<\d>.<\d>]=<*>:sts:<\d>_rsn:<\d>/<*>//[<\d>-<\d>-<\d>_<\d>,<\d>,<\d>.<\d>]-<*>-<\d>.<*>",#NAME?
0.111111111,"CCFile::copyFile fileName is [<\d>-<\d>-<\d>_<\d>,<\d>,<\d>.<\d>]-<*>-<\d>.<*>, source path:/var/log/CoreCapture/<*>/<*>//[<\d>-<\d>-<\d>_<\d>,<\d>,<\d>.<\d>]-<*>-<\d>.<*>, dest path:/Library/Logs/CrashReporter/CoreCapture/<*>/[<\d>-<\d>-<\d>_<\d>,<\d>,<\d>.<\d>]=<*>:sts:<\d>_rsn:<\d>/<*>//[<\d>-<\d>-<\d>_<\d>,<\d>,<\d>.<\d>]-<*>-<\d>.<*>",#NAME?
0.111111111,"CCFile::copyFile fileName is [<\d>-<\d>-<\d>_<\d>,<\d>,<\d>.<\d>]-<*>-<\d>.<*>, source path:/var/log/CoreCapture/<*>/<*>//[<\d>-<\d>-<\d>_<\d>,<\d>,<\d>.<\d>]-<*>-<\d>.<*>, dest path:/Library/Logs/CrashReporter/CoreCapture/<*>/[<\d>-<\d>-<\d>_<\d>,<\d>,<\d>.<\d>]=<*>:sts:<\d>_rsn:<\d>/<*>//[<\d>-<\d>-<\d>_<\d>,<\d>,<\d>.<\d>]-<*>-<\d>.<*>",**** [BroadcomBluetoothHostControllerUSBTransport][start] -- Completed (matched on Device) -- <*> ****
0.111111111,"CCFile::copyFile fileName is [<\d>-<\d>-<\d>_<\d>,<\d>,<\d>.<\d>]-<*>-<\d>.<*>, source path:/var/log/CoreCapture/<*>/<*>//[<\d>-<\d>-<\d>_<\d>,<\d>,<\d>.<\d>]-<*>-<\d>.<*>, dest path:/Library/Logs/CrashReporter/CoreCapture/<*>/[<\d>-<\d>-<\d>_<\d>,<\d>,<\d>.<\d>]=<*>:sts:<\d>_rsn:<\d>/<*>//[<\d>-<\d>-<\d>_<\d>,<\d>,<\d>.<\d>]-<*>-<\d>.<*>",-[NETClientConnection evaluateCrazyIvan46] CI46 - Perform CrazyIvan46! <*>.<\d> <*> <\d>.<\d>.<\d>.<\d>:<\d>
0.111111111,"CCFile::copyFile fileName is [<\d>-<\d>-<\d>_<\d>,<\d>,<\d>.<\d>]-<*>-<\d>.<*>, source path:/var/log/CoreCapture/<*>/<*>//[<\d>-<\d>-<\d>_<\d>,<\d>,<\d>.<\d>]-<*>-<\d>.<*>, dest path:/Library/Logs/CrashReporter/CoreCapture/<*>/[<\d>-<\d>-<\d>_<\d>,<\d>,<\d>.<\d>]=<*>:sts:<\d>_rsn:<\d>/<*>//[<\d>-<\d>-<\d>_<\d>,<\d>,<\d>.<\d>]-<*>-<\d>.<*>",2017-07-06 00:30:37.064 ksfetch[36439/0x7fff79824000] [lvl=2] main() Fetcher is exiting.
0.111111111,"CCFile::copyFile fileName is [<\d>-<\d>-<\d>_<\d>,<\d>,<\d>.<\d>]-<*>-<\d>.<*>, source path:/var/log/CoreCapture/<*>/<*>//[<\d>-<\d>-<\d>_<\d>,<\d>,<\d>.<\d>]-<*>-<\d>.<*>, dest path:/Library/Logs/CrashReporter/CoreCapture/<*>/[<\d>-<\d>-<\d>_<\d>,<\d>,<\d>.<\d>]=<*>:sts:<\d>_rsn:<\d>/<*>//[<\d>-<\d>-<\d>_<\d>,<\d>,<\d>.<\d>]-<*>-<\d>.<*>",<\d>-<\d>-<\d> <\d>:<\d>:<\d>.<\d> GoogleSoftwareUpdateAgent[<\d>/0x7000002a0000] [lvl=2] -[KSAgentApp(KeystoneDelegate) updateEngineFinishedWithErrors:] Keystone finished: errors=0
0.111111111,[<\d>:<\d>:<\d>.<\d>] <<<< Boss >>>> figPlaybackBossPrerollCompleted: unexpected preroll-complete notification,Thermal pressure state: <\d> Memory pressure state: <\d>
0.111111111,[<\d>:<\d>:<\d>.<\d>] <<<< Boss >>>> figPlaybackBossPrerollCompleted: unexpected preroll-complete notification,AppleThunderboltNHIType2::waitForOk2Go2Sx - intel_rp = <\d> dlla_reporting_supported = <\d>
0.111111111,[<\d>:<\d>:<\d>.<\d>] <<<< Boss >>>> figPlaybackBossPrerollCompleted: unexpected preroll-complete notification,"CFPasteboardRef CFPasteboardCreate(CFAllocatorRef, CFStringRef) : failed to create global data"
0.111111111,[<\d>:<\d>:<\d>.<\d>] <<<< Boss >>>> figPlaybackBossPrerollCompleted: unexpected preroll-complete notification,Location icon should now be in state 'Inactive'
0.111111111,[<\d>:<\d>:<\d>.<\d>] <<<< Boss >>>> figPlaybackBossPrerollCompleted: unexpected preroll-complete notification,"USBMSC Identifier (non-unique): <\d> 0x5ac 0x8406 0x820, <\d>"
0.111111111,[<\d>:<\d>:<\d>.<\d>] <<<< Boss >>>> figPlaybackBossPrerollCompleted: unexpected preroll-complete notification,Location icon should now be in state 'Active'
0.111111111,[<\d>:<\d>:<\d>.<\d>] <<<< Boss >>>> figPlaybackBossPrerollCompleted: unexpected preroll-complete notification,"SecOSStatusWith error:[-50] Error Domain=NSOSStatusErrorDomain Code=-50 ""query missing class name"" (paramErr: error in user parameter list) UserInfo={NSDescription=query missing class name}"
0.111111111,[<\d>:<\d>:<\d>.<\d>] <<<< Boss >>>> figPlaybackBossPrerollCompleted: unexpected preroll-complete notification,tcp_connection_handle_connect_conditions_bad <\d> failed: <\d> - No network route
0.111111111,[<\d>:<\d>:<\d>.<\d>] <<<< Boss >>>> figPlaybackBossPrerollCompleted: unexpected preroll-complete notification,"Unexpected payload found for message 9, dataLen <\d>"
0.111111111,[<\d>:<\d>:<\d>.<\d>] <<<< Boss >>>> figPlaybackBossPrerollCompleted: unexpected preroll-complete notification,Internal name did not resolve to internal address!
0.111111111,[<\d>:<\d>:<\d>.<\d>] <<<< Boss >>>> figPlaybackBossPrerollCompleted: unexpected preroll-complete notification,"CCFile::copyFile fileName is [<\d>-<\d>-<\d>_<\d>,<\d>,<\d>.<\d>]-<*>-<\d>.<*>, source path:/var/log/CoreCapture/<*>/<*>//[<\d>-<\d>-<\d>_<\d>,<\d>,<\d>.<\d>]-<*>-<\d>.<*>, dest path:/Library/Logs/CrashReporter/CoreCapture/<*>/[<\d>-<\d>-<\d>_<\d>,<\d>,<\d>.<\d>]=<*>:sts:<\d>_rsn:<\d>/<*>//[<\d>-<\d>-<\d>_<\d>,<\d>,<\d>.<\d>]-<*>-<\d>.<*>"
0.111111111,[<\d>:<\d>:<\d>.<\d>] <<<< Boss >>>> figPlaybackBossPrerollCompleted: unexpected preroll-complete notification,ASSERTION FAILED: dvcAddrRef != ((void *)0) -[DriverServices getDeviceAddress:] line: <\d>
0.111111111,[<\d>:<\d>:<\d>.<\d>] <<<< Boss >>>> figPlaybackBossPrerollCompleted: unexpected preroll-complete notification,assertion failed: 15G1510: com.apple.telemetry + <\d> [10D2E324-788C-30CC-A749-55AE67AEC7BC]: 0x7fc235807b90
0.111111111,[<\d>:<\d>:<\d>.<\d>] <<<< Boss >>>> figPlaybackBossPrerollCompleted: unexpected preroll-complete notification,2017-07-04 09:42:58.121 ksfetch[34604/0x7fff79824000] [lvl=2] main() ksfetch done fetching.
0.111111111,[<\d>:<\d>:<\d>.<\d>] <<<< Boss >>>> figPlaybackBossPrerollCompleted: unexpected preroll-complete notification,#NAME?
0.111111111,[<\d>:<\d>:<\d>.<\d>] <<<< Boss >>>> figPlaybackBossPrerollCompleted: unexpected preroll-complete notification,#NAME?
0.111111111,[<\d>:<\d>:<\d>.<\d>] <<<< Boss >>>> figPlaybackBossPrerollCompleted: unexpected preroll-complete notification,**** [BroadcomBluetoothHostControllerUSBTransport][start] -- Completed (matched on Device) -- <*> ****
0.111111111,[<\d>:<\d>:<\d>.<\d>] <<<< Boss >>>> figPlaybackBossPrerollCompleted: unexpected preroll-complete notification,-[NETClientConnection evaluateCrazyIvan46] CI46 - Perform CrazyIvan46! <*>.<\d> <*> <\d>.<\d>.<\d>.<\d>:<\d>
0.111111111,[<\d>:<\d>:<\d>.<\d>] <<<< Boss >>>> figPlaybackBossPrerollCompleted: unexpected preroll-complete notification,2017-07-06 00:30:37.064 ksfetch[36439/0x7fff79824000] [lvl=2] main() Fetcher is exiting.
0.111111111,[<\d>:<\d>:<\d>.<\d>] <<<< Boss >>>> figPlaybackBossPrerollCompleted: unexpected preroll-complete notification,<\d>-<\d>-<\d> <\d>:<\d>:<\d>.<\d> GoogleSoftwareUpdateAgent[<\d>/0x7000002a0000] [lvl=2] -[KSAgentApp(KeystoneDelegate) updateEngineFinishedWithErrors:] Keystone finished: errors=0
0.111111111,Thermal pressure state: <\d> Memory pressure state: <\d>,AirPort: Link Down on awdl0. Reason <\d> (Unspecified).
0.111111111,Thermal pressure state: <\d> Memory pressure state: <\d>,"CFPasteboardRef CFPasteboardCreate(CFAllocatorRef, CFStringRef) : failed to create global data"
0.111111111,Thermal pressure state: <\d> Memory pressure state: <\d>,Location icon should now be in state 'Inactive'
0.111111111,Thermal pressure state: <\d> Memory pressure state: <\d>,AirPort: Link Down on en0. Reason <\d> (Disassociated because station leaving).
0.111111111,Thermal pressure state: <\d> Memory pressure state: <\d>,Location icon should now be in state 'Active'
0.111111111,Thermal pressure state: <\d> Memory pressure state: <\d>,"SecOSStatusWith error:[-50] Error Domain=NSOSStatusErrorDomain Code=-50 ""query missing class name"" (paramErr: error in user parameter list) UserInfo={NSDescription=query missing class name}"
0.111111111,Thermal pressure state: <\d> Memory pressure state: <\d>,[<\d>:<\d>:<\d>.<\d>] <<<< Boss >>>> figPlaybackBossPrerollCompleted: unexpected preroll-complete notification
0.111111111,Thermal pressure state: <\d> Memory pressure state: <\d>,[HID] [MT] MTActuatorManagement::getActuatorRef Calling MTActuatorOpen() outside of MTTrackpadHIDManager.
0.111111111,Thermal pressure state: <\d> Memory pressure state: <\d>,Internal name did not resolve to internal address!
0.111111111,Thermal pressure state: <\d> Memory pressure state: <\d>,"CCFile::copyFile fileName is [<\d>-<\d>-<\d>_<\d>,<\d>,<\d>.<\d>]-<*>-<\d>.<*>, source path:/var/log/CoreCapture/<*>/<*>//[<\d>-<\d>-<\d>_<\d>,<\d>,<\d>.<\d>]-<*>-<\d>.<*>, dest path:/Library/Logs/CrashReporter/CoreCapture/<*>/[<\d>-<\d>-<\d>_<\d>,<\d>,<\d>.<\d>]=<*>:sts:<\d>_rsn:<\d>/<*>//[<\d>-<\d>-<\d>_<\d>,<\d>,<\d>.<\d>]-<*>-<\d>.<*>"
0.111111111,Thermal pressure state: <\d> Memory pressure state: <\d>,2017-07-04 09:42:58.121 ksfetch[34604/0x7fff79824000] [lvl=2] main() ksfetch done fetching.
0.111111111,Thermal pressure state: <\d> Memory pressure state: <\d>,#NAME?
0.111111111,Thermal pressure state: <\d> Memory pressure state: <\d>,#NAME?
0.111111111,Thermal pressure state: <\d> Memory pressure state: <\d>,**** [BroadcomBluetoothHostControllerUSBTransport][start] -- Completed (matched on Device) -- <*> ****
0.111111111,Thermal pressure state: <\d> Memory pressure state: <\d>,-[NETClientConnection evaluateCrazyIvan46] CI46 - Perform CrazyIvan46! <*>.<\d> <*> <\d>.<\d>.<\d>.<\d>:<\d>
0.111111111,Thermal pressure state: <\d> Memory pressure state: <\d>,2017-07-06 00:30:37.064 ksfetch[36439/0x7fff79824000] [lvl=2] main() Fetcher is exiting.
0.107142857,Cocoa scripting error for '<*>': four character codes must be four characters long.,"[Accounts] Current connection, <NSXPCConnection: <*>> connection from pid <\d>, doesn't have account access."
0.107142857,Cocoa scripting error for '<*>': four character codes must be four characters long.,2017-07-08 06:26:32.365 GoogleSoftwareUpdateAgent[39159/0x7000002a0000] [lvl=2] -[KSAgentApp(KeystoneThread) runKeystonesInThreadWithArg:] About to run checks for any other apps.
0.1,send_datagram_available_ping: pid <\d> failed to act on a ping it dequeued before timing out.,"ARPT: <\d>.<\d>: wl0: Roamed or switched channel, reason #<\d>, bssid <*>:<*>:<*>:<*>:<*>:<*>, last RSSI <\d>"
0.1,send_datagram_available_ping: pid <\d> failed to act on a ping it dequeued before timing out.,ARPT: <\d>.<\d>: AQM agg params 0xfc0 maxlen hi/lo 0x0 0xffff minlen 0x0 adjlen 0x0
0.095238095,Cocoa scripting error for '<*>': four character codes must be four characters long.,**** [IOBluetoothFamily][ProcessBluetoothTransportShowsUpActionWL] -- calling IOBluetoothFamily's registerService() -- 0x5fd0 -- 0x9a00 -- <*> ****
0.090909091,"CCFile::captureLogRun Skipping current file Dir file [<\d>-<\d>-<\d>_<\d>,<\d>,<\d>.<\d>]-<*>-<\d>.<*>, Current File [<\d>-<\d>-<\d>_<\d>,<\d>,<\d>.<\d>]-<*>-<\d>.<*>","network_reachability_changed : network is not reachable, netbiosd is shutting down"
0.090909091,"CCFile::captureLogRun Skipping current file Dir file [<\d>-<\d>-<\d>_<\d>,<\d>,<\d>.<\d>]-<*>-<\d>.<*>, Current File [<\d>-<\d>-<\d>_<\d>,<\d>,<\d>.<\d>]-<*>-<\d>.<*>","SOSAccountThisDeviceCanSyncWithCircle sync with device failure: Error Domain=com.apple.security.sos.error Code=1035 ""Account identity not set"" UserInfo={NSDescription=Account identity not set}"
0.090909091,"CCFile::captureLogRun Skipping current file Dir file [<\d>-<\d>-<\d>_<\d>,<\d>,<\d>.<\d>]-<*>-<\d>.<*>, Current File [<\d>-<\d>-<\d>_<\d>,<\d>,<\d>.<\d>]-<*>-<\d>.<*>",11:20:51.293 : BTLE discovered device with hash <01faa200 <\d> 0000>
0.090909091,"CCFile::captureLogRun Skipping current file Dir file [<\d>-<\d>-<\d>_<\d>,<\d>,<\d>.<\d>]-<*>-<\d>.<*>, Current File [<\d>-<\d>-<\d>_<\d>,<\d>,<\d>.<\d>]-<*>-<\d>.<*>","ARPT: <\d>.<\d>: wl0: setup_keepalive: interval <\d>, retry_interval 30, retry_count <\d>"
0.090909091,"CCFile::captureLogRun Skipping current file Dir file [<\d>-<\d>-<\d>_<\d>,<\d>,<\d>.<\d>]-<*>-<\d>.<*>, Current File [<\d>-<\d>-<\d>_<\d>,<\d>,<\d>.<\d>]-<*>-<\d>.<*>",tcp_connection_destination_perform_socket_connect <\d> connectx to <\d>.<\d>.<\d>.<\d>:<\d>@<\d> failed: [50] Network is down
0.090909091,"CCFile::captureLogRun Skipping current file Dir file [<\d>-<\d>-<\d>_<\d>,<\d>,<\d>.<\d>]-<*>-<\d>.<*>, Current File [<\d>-<\d>-<\d>_<\d>,<\d>,<\d>.<\d>]-<*>-<\d>.<*>",[IOBluetoothFamily][staticBluetoothTransportShowsUp] -- Received Bluetooth Controller register service notification -- 0x7000
0.090909091,"CCFile::captureLogRun Skipping current file Dir file [<\d>-<\d>-<\d>_<\d>,<\d>,<\d>.<\d>]-<*>-<\d>.<*>, Current File [<\d>-<\d>-<\d>_<\d>,<\d>,<\d>.<\d>]-<*>-<\d>.<*>",Bluetooth -- LE is supported - Disable LE meta event
0.090909091,"CCFile::captureLogRun Skipping current file Dir file [<\d>-<\d>-<\d>_<\d>,<\d>,<\d>.<\d>]-<*>-<\d>.<*>, Current File [<\d>-<\d>-<\d>_<\d>,<\d>,<\d>.<\d>]-<*>-<\d>.<*>",[<\d>:<\d>:<\d>.<\d>] itemasync_SetProperty signalled err=-12785 (kFigBaseObjectError_Invalidated) (invalidated) at /Library/Caches/com.apple.xbs/Sources/CoreMedia/CoreMedia-1731.15.207/Prototypes/Player/FigPlayer_Async.c line <\d>
0.090909091,"CCFile::captureLogRun Skipping current file Dir file [<\d>-<\d>-<\d>_<\d>,<\d>,<\d>.<\d>]-<*>-<\d>.<*>, Current File [<\d>-<\d>-<\d>_<\d>,<\d>,<\d>.<\d>]-<*>-<\d>.<*>",[<\d>:<\d>:<\d>.<\d>] FigAgglomeratorSetObjectForKey signalled err=-16020 (kFigStringConformerError_ParamErr) (NULL key) at /Library/Caches/com.apple.xbs/Sources/CoreMedia/CoreMedia-1731.15.207/Prototypes/LegibleOutput/FigAgglomerator.c line <\d>
0.090909091,"CCFile::captureLogRun Skipping current file Dir file [<\d>-<\d>-<\d>_<\d>,<\d>,<\d>.<\d>]-<*>-<\d>.<*>, Current File [<\d>-<\d>-<\d>_<\d>,<\d>,<\d>.<\d>]-<*>-<\d>.<*>",[<\d>:<\d>:<\d>.<\d>] itemasync_CopyProperty signalled err=-12785 (kFigBaseObjectError_Invalidated) (invalidated) at /Library/Caches/com.apple.xbs/Sources/CoreMedia/CoreMedia-1731.15.207/Prototypes/Player/FigPlayer_Async.c line <\d>
0.090909091,"CCFile::captureLogRun Skipping current file Dir file [<\d>-<\d>-<\d>_<\d>,<\d>,<\d>.<\d>]-<*>-<\d>.<*>, Current File [<\d>-<\d>-<\d>_<\d>,<\d>,<\d>.<\d>]-<*>-<\d>.<*>",<\d>:<\d>:<\d>.<\d> : Starting AirDrop server for user <\d> on wake
0.090909091,"CCFile::captureLogRun Skipping current file Dir file [<\d>-<\d>-<\d>_<\d>,<\d>,<\d>.<\d>]-<*>-<\d>.<*>, Current File [<\d>-<\d>-<\d>_<\d>,<\d>,<\d>.<\d>]-<*>-<\d>.<*>",tcp_connection_destination_perform_socket_connect <\d> connectx to 203.205.147.206:8080@0 failed: [51] Network is unreachable
0.090909091,"CCFile::captureLogRun Skipping current file Dir file [<\d>-<\d>-<\d>_<\d>,<\d>,<\d>.<\d>]-<*>-<\d>.<*>, Current File [<\d>-<\d>-<\d>_<\d>,<\d>,<\d>.<\d>]-<*>-<\d>.<*>","polled file major 1, minor 0, blocksize 4096, pollers <\d>"
0.090909091,"CCFile::captureLogRun Skipping current file Dir file [<\d>-<\d>-<\d>_<\d>,<\d>,<\d>.<\d>]-<*>-<\d>.<*>, Current File [<\d>-<\d>-<\d>_<\d>,<\d>,<\d>.<\d>]-<*>-<\d>.<*>",2017-07-05 10:52:16.977 GoogleSoftwareUpdateAgent[35861/0x700000323000] [lvl=2] -[KSPrefetchAction performAction] KSPrefetchAction no updates to prefetch.
0.090909091,"CCFile::captureLogRun Skipping current file Dir file [<\d>-<\d>-<\d>_<\d>,<\d>,<\d>.<\d>]-<*>-<\d>.<*>, Current File [<\d>-<\d>-<\d>_<\d>,<\d>,<\d>.<\d>]-<*>-<\d>.<*>","2017-07-05 16:18:06.450 GoogleSoftwareUpdateAgent[36128/0x7000002a0000] [lvl=2] -[KSOutOfProcessFetcher beginFetchWithDelegate:] KSOutOfProcessFetcher fetching from URL: ""https://tools.google.com/service/update2?cup2hreq=ac844e04cbb398fcef4cf81b4ffc44a3ebc863e89d19c0b5d39d02d78d26675b&cup2key=7:677488741"""
0.090909091,"CCFile::captureLogRun Skipping current file Dir file [<\d>-<\d>-<\d>_<\d>,<\d>,<\d>.<\d>]-<*>-<\d>.<*>, Current File [<\d>-<\d>-<\d>_<\d>,<\d>,<\d>.<\d>]-<*>-<\d>.<*>",-[SFLListManager(ServiceReplyProtocol) notifyChanges:toListWithIdentifier:] Notified of item changes to list with identifier com.apple.LSSharedFileList.RecentApplications
0.090909091,"CCFile::captureLogRun Skipping current file Dir file [<\d>-<\d>-<\d>_<\d>,<\d>,<\d>.<\d>]-<*>-<\d>.<*>, Current File [<\d>-<\d>-<\d>_<\d>,<\d>,<\d>.<\d>]-<*>-<\d>.<*>","Service ""com.apple.xpc.launchd.unmanaged.loginwindow.94"" tried to hijack endpoint ""com.apple.tsm.uiserver"" from owner: com.apple.SystemUIServer.agent"
0.078947368,"<*> scheduler_evaluate_activity told me to run this job; however, but the start time isn't for <\d> seconds. Ignoring.",WARNING: Type1 font data isn't in the correct format required by the Adobe Type <\d> Font Format specification.
0.071428571,Cocoa scripting error for '<*>': four character codes must be four characters long.,ARPT: <\d>.<\d>: AirPort_Brcm43xx::powerChange: System Wake - Full Wake/ Dark Wake / Maintenance wake
0.071428571,Cocoa scripting error for '<*>': four character codes must be four characters long.,"[Accounts] Failed to update account with identifier 76FE6715-3D27-4F21-AA35-C88C1EA820E8, error: Error Domain=ABAddressBookErrorDomain Code=1002 ""(null)"""
0.071428571,Cocoa scripting error for '<*>': four character codes must be four characters long.,Could not get event name for stream/token: com.apple.xpc.activity/4505: 132: Request for stale data
0.066666667,send_datagram_available_ping: pid <\d> failed to act on a ping it dequeued before timing out.,"hostControllerOnline - Number of Paired devices = 1, List of Paired devices = ( ""84-41-67-32-db-e1"" )"
0.066666667,send_datagram_available_ping: pid <\d> failed to act on a ping it dequeued before timing out.,Failed to connect (titleField) outlet from (MMSessionPickerChoosenRowView) to (NSTextField): missing setter or instance variable
0.066666667,send_datagram_available_ping: pid <\d> failed to act on a ping it dequeued before timing out.,Failed to connect (view) outlet from (NSApplication) to (NSColorPickerGridView): missing setter or instance variable
0.0625,IOThunderboltSwitch<0>(0x0)::listenerCallback - Thunderbolt HPD packet for route = 0x0 port = <\d> unplug = <\d>,"VDCAssistant: Found a camera (0x1430000005ac8290) , but was not able to start it up (0x0 -- (os/kern) successful)"
