sim,T1,T2
0.777777778,"[instance: <*>-<*>-<*>-<*>-<*>] Total memory: <\d> MB, used: 512.00 MB","[instance: <*>-<*>-<*>-<*>-<*>] memory limit: 96258.00 MB, free: 95746.00 MB"
0.777777778,"[instance: <*>-<*>-<*>-<*>-<*>] Total memory: <\d> MB, used: 512.00 MB","[instance: <*>-<*>-<*>-<*>-<*>] Total disk: <\d> GB, used: 0.00 GB"
0.777777778,"[instance: <*>-<*>-<*>-<*>-<*>] Total memory: <\d> MB, used: 512.00 MB","[instance: <*>-<*>-<*>-<*>-<*>] Total vcpu: <\d> VCPU, used: 0.00 VCPU"
0.777777778,"[instance: <*>-<*>-<*>-<*>-<*>] Total disk: <\d> GB, used: 0.00 GB","[instance: <*>-<*>-<*>-<*>-<*>] Total memory: <\d> MB, used: 512.00 MB"
0.777777778,"[instance: <*>-<*>-<*>-<*>-<*>] Total disk: <\d> GB, used: 0.00 GB","[instance: <*>-<*>-<*>-<*>-<*>] Total vcpu: <\d> VCPU, used: 0.00 VCPU"
0.777777778,"[instance: <*>-<*>-<*>-<*>-<*>] Total vcpu: <\d> VCPU, used: 0.00 VCPU","[instance: <*>-<*>-<*>-<*>-<*>] Total memory: <\d> MB, used: 512.00 MB"
0.777777778,"[instance: <*>-<*>-<*>-<*>-<*>] Total vcpu: <\d> VCPU, used: 0.00 VCPU","[instance: <*>-<*>-<*>-<*>-<*>] Total disk: <\d> GB, used: 0.00 GB"
0.7,Unknown base file: /var/lib/nova/instances/_base/a489c868f0c37da93b76227c91bb03908ac0e742,Active base files: /var/lib/nova/instances/_base/a489c868f0c37da93b76227c91bb03908ac0e742
0.7,Unknown base file: /var/lib/nova/instances/_base/a489c868f0c37da93b76227c91bb03908ac0e742,Removable base files: /var/lib/nova/instances/_base/a489c868f0c37da93b76227c91bb03908ac0e742
0.7,Removable base files: /var/lib/nova/instances/_base/a489c868f0c37da93b76227c91bb03908ac0e742,Unknown base file: /var/lib/nova/instances/_base/a489c868f0c37da93b76227c91bb03908ac0e742
0.7,Active base files: /var/lib/nova/instances/_base/a489c868f0c37da93b76227c91bb03908ac0e742,Unknown base file: /var/lib/nova/instances/_base/a489c868f0c37da93b76227c91bb03908ac0e742
0.666666667,"[instance: <*>-<*>-<*>-<*>-<*>] memory limit: 96258.00 MB, free: 95746.00 MB","[instance: <*>-<*>-<*>-<*>-<*>] Total memory: <\d> MB, used: 512.00 MB"
0.611111111,"[instance: <*>-<*>-<*>-<*>-<*>] Total disk: <\d> GB, used: 0.00 GB","[instance: <*>-<*>-<*>-<*>-<*>] memory limit: 96258.00 MB, free: 95746.00 MB"
0.611111111,"[instance: <*>-<*>-<*>-<*>-<*>] Total vcpu: <\d> VCPU, used: 0.00 VCPU","[instance: <*>-<*>-<*>-<*>-<*>] memory limit: 96258.00 MB, free: 95746.00 MB"
0.5,"[instance: <*>-<*>-<*>-<*>-<*>] memory limit: 96258.00 MB, free: 95746.00 MB","[instance: <*>-<*>-<*>-<*>-<*>] Total disk: <\d> GB, used: 0.00 GB"
0.5,"[instance: <*>-<*>-<*>-<*>-<*>] memory limit: 96258.00 MB, free: 95746.00 MB","[instance: <*>-<*>-<*>-<*>-<*>] Total vcpu: <\d> VCPU, used: 0.00 VCPU"
0.5,[instance: <*>-<*>-<*>-<*>-<*>] Claim successful,[instance: <*>-<*>-<*>-<*>-<*>] Terminating instance
0.5,[instance: <*>-<*>-<*>-<*>-<*>] Claim successful,[instance: <*>-<*>-<*>-<*>-<*>] Creating image
0.5,[instance: <*>-<*>-<*>-<*>-<*>] Creating image,[instance: <*>-<*>-<*>-<*>-<*>] Terminating instance
0.5,[instance: <*>-<*>-<*>-<*>-<*>] Creating image,[instance: <*>-<*>-<*>-<*>-<*>] Claim successful
0.5,[instance: <*>-<*>-<*>-<*>-<*>] Terminating instance,[instance: <*>-<*>-<*>-<*>-<*>] Claim successful
0.5,[instance: <*>-<*>-<*>-<*>-<*>] Terminating instance,[instance: <*>-<*>-<*>-<*>-<*>] Creating image
0.4,[instance: <*>-<*>-<*>-<*>-<*>] VM Stopped (Lifecycle Event),[instance: <*>-<*>-<*>-<*>-<*>] Instance spawned successfully.
0.4,[instance: <*>-<*>-<*>-<*>-<*>] VM Stopped (Lifecycle Event),[instance: <*>-<*>-<*>-<*>-<*>] Instance destroyed successfully.
0.4,[instance: <*>-<*>-<*>-<*>-<*>] VM Started (Lifecycle Event),[instance: <*>-<*>-<*>-<*>-<*>] Instance spawned successfully.
0.4,[instance: <*>-<*>-<*>-<*>-<*>] VM Started (Lifecycle Event),[instance: <*>-<*>-<*>-<*>-<*>] Instance destroyed successfully.
0.4,[instance: <*>-<*>-<*>-<*>-<*>] VM Paused (Lifecycle Event),[instance: <*>-<*>-<*>-<*>-<*>] Instance spawned successfully.
0.4,[instance: <*>-<*>-<*>-<*>-<*>] VM Paused (Lifecycle Event),[instance: <*>-<*>-<*>-<*>-<*>] Instance destroyed successfully.
0.4,[instance: <*>-<*>-<*>-<*>-<*>] Instance spawned successfully.,[instance: <*>-<*>-<*>-<*>-<*>] VM Started (Lifecycle Event)
0.4,[instance: <*>-<*>-<*>-<*>-<*>] Instance spawned successfully.,[instance: <*>-<*>-<*>-<*>-<*>] VM Paused (Lifecycle Event)
0.4,[instance: <*>-<*>-<*>-<*>-<*>] Instance spawned successfully.,[instance: <*>-<*>-<*>-<*>-<*>] VM Resumed (Lifecycle Event)
0.4,[instance: <*>-<*>-<*>-<*>-<*>] Instance spawned successfully.,[instance: <*>-<*>-<*>-<*>-<*>] VM Stopped (Lifecycle Event)
0.4,[instance: <*>-<*>-<*>-<*>-<*>] Instance destroyed successfully.,[instance: <*>-<*>-<*>-<*>-<*>] VM Started (Lifecycle Event)
0.4,[instance: <*>-<*>-<*>-<*>-<*>] Instance destroyed successfully.,[instance: <*>-<*>-<*>-<*>-<*>] VM Paused (Lifecycle Event)
0.4,[instance: <*>-<*>-<*>-<*>-<*>] Instance destroyed successfully.,[instance: <*>-<*>-<*>-<*>-<*>] VM Resumed (Lifecycle Event)
0.4,[instance: <*>-<*>-<*>-<*>-<*>] Instance destroyed successfully.,[instance: <*>-<*>-<*>-<*>-<*>] VM Stopped (Lifecycle Event)
0.4,[instance: <*>-<*>-<*>-<*>-<*>] VM Resumed (Lifecycle Event),[instance: <*>-<*>-<*>-<*>-<*>] Instance spawned successfully.
0.4,[instance: <*>-<*>-<*>-<*>-<*>] VM Resumed (Lifecycle Event),[instance: <*>-<*>-<*>-<*>-<*>] Instance destroyed successfully.
0.388888889,"[instance: <*>-<*>-<*>-<*>-<*>] Total memory: <\d> MB, used: 512.00 MB","<*> ""GET <*> HTTP/1.1"" status: <\d> len: <\d> time: <\d>.<\d>"
0.388888889,"[instance: <*>-<*>-<*>-<*>-<*>] Total disk: <\d> GB, used: 0.00 GB","<*> ""GET <*> HTTP/1.1"" status: <\d> len: <\d> time: <\d>.<\d>"
0.388888889,"[instance: <*>-<*>-<*>-<*>-<*>] Total vcpu: <\d> VCPU, used: 0.00 VCPU","<*> ""GET <*> HTTP/1.1"" status: <\d> len: <\d> time: <\d>.<\d>"
0.333333333,[instance: <*>-<*>-<*>-<*>-<*>] Deleting instance files /var/lib/nova/instances/<*>-<*>-<*>-<*>-<*>_del,[instance: <*>-<*>-<*>-<*>-<*>] Deletion of /var/lib/nova/instances/<*>-<*>-<*>-<*>-<*>_del complete
0.333333333,[instance: <*>-<*>-<*>-<*>-<*>] Deletion of /var/lib/nova/instances/<*>-<*>-<*>-<*>-<*>_del complete,[instance: <*>-<*>-<*>-<*>-<*>] Deleting instance files /var/lib/nova/instances/<*>-<*>-<*>-<*>-<*>_del
0.333333333,"[instance: <*>-<*>-<*>-<*>-<*>] Total memory: <\d> MB, used: 512.00 MB","10.11.10.1 ""POST /v2/<*>/<*> HTTP/1.1"" status: <\d> len: <\d> time: <\d>.<\d>"
0.333333333,"[instance: <*>-<*>-<*>-<*>-<*>] Total memory: <\d> MB, used: 512.00 MB","10.11.10.1 ""DELETE /v2/54fadb412c4e40cdbaed9335e4c35a9e/servers/<*>-<*>-<*>-<*>-<*> HTTP/1.1"" status: <\d> len: <\d> time: <\d>.<\d>"
0.333333333,"[instance: <*>-<*>-<*>-<*>-<*>] Total disk: <\d> GB, used: 0.00 GB","10.11.10.1 ""POST /v2/<*>/<*> HTTP/1.1"" status: <\d> len: <\d> time: <\d>.<\d>"
0.333333333,"[instance: <*>-<*>-<*>-<*>-<*>] Total disk: <\d> GB, used: 0.00 GB","10.11.10.1 ""DELETE /v2/54fadb412c4e40cdbaed9335e4c35a9e/servers/<*>-<*>-<*>-<*>-<*> HTTP/1.1"" status: <\d> len: <\d> time: <\d>.<\d>"
0.333333333,"[instance: <*>-<*>-<*>-<*>-<*>] Total vcpu: <\d> VCPU, used: 0.00 VCPU","10.11.10.1 ""POST /v2/<*>/<*> HTTP/1.1"" status: <\d> len: <\d> time: <\d>.<\d>"
0.333333333,"[instance: <*>-<*>-<*>-<*>-<*>] Total vcpu: <\d> VCPU, used: 0.00 VCPU","10.11.10.1 ""DELETE /v2/54fadb412c4e40cdbaed9335e4c35a9e/servers/<*>-<*>-<*>-<*>-<*> HTTP/1.1"" status: <\d> len: <\d> time: <\d>.<\d>"
0.333333333,"10.11.10.1 ""DELETE /v2/54fadb412c4e40cdbaed9335e4c35a9e/servers/<*>-<*>-<*>-<*>-<*> HTTP/1.1"" status: <\d> len: <\d> time: <\d>.<\d>","Total usable vcpus: 16, total allocated vcpus: <\d>"
0.333333333,"10.11.10.1 ""POST /v2/<*>/<*> HTTP/1.1"" status: <\d> len: <\d> time: <\d>.<\d>","Total usable vcpus: 16, total allocated vcpus: <\d>"
0.333333333,"<*> ""GET <*> HTTP/1.1"" status: <\d> len: <\d> time: <\d>.<\d>","Total usable vcpus: 16, total allocated vcpus: <\d>"
0.277777778,"[instance: <*>-<*>-<*>-<*>-<*>] Total memory: <\d> MB, used: 512.00 MB","Total usable vcpus: 16, total allocated vcpus: <\d>"
0.277777778,"[instance: <*>-<*>-<*>-<*>-<*>] Total memory: <\d> MB, used: 512.00 MB","[instance: <*>-<*>-<*>-<*>-<*>] disk limit not specified, defaulting to unlimited"
0.277777778,"[instance: <*>-<*>-<*>-<*>-<*>] Total memory: <\d> MB, used: 512.00 MB","[instance: <*>-<*>-<*>-<*>-<*>] vcpu limit not specified, defaulting to unlimited"
0.277777778,"[instance: <*>-<*>-<*>-<*>-<*>] memory limit: 96258.00 MB, free: 95746.00 MB","<*> ""GET <*> HTTP/1.1"" status: <\d> len: <\d> time: <\d>.<\d>"
0.277777778,"[instance: <*>-<*>-<*>-<*>-<*>] memory limit: 96258.00 MB, free: 95746.00 MB","[instance: <*>-<*>-<*>-<*>-<*>] disk limit not specified, defaulting to unlimited"
0.277777778,"[instance: <*>-<*>-<*>-<*>-<*>] memory limit: 96258.00 MB, free: 95746.00 MB","[instance: <*>-<*>-<*>-<*>-<*>] vcpu limit not specified, defaulting to unlimited"
0.277777778,"[instance: <*>-<*>-<*>-<*>-<*>] Total disk: <\d> GB, used: 0.00 GB","Total usable vcpus: 16, total allocated vcpus: <\d>"
0.277777778,"[instance: <*>-<*>-<*>-<*>-<*>] Total disk: <\d> GB, used: 0.00 GB","[instance: <*>-<*>-<*>-<*>-<*>] disk limit not specified, defaulting to unlimited"
0.277777778,"[instance: <*>-<*>-<*>-<*>-<*>] Total disk: <\d> GB, used: 0.00 GB","[instance: <*>-<*>-<*>-<*>-<*>] vcpu limit not specified, defaulting to unlimited"
0.277777778,"[instance: <*>-<*>-<*>-<*>-<*>] disk limit not specified, defaulting to unlimited","[instance: <*>-<*>-<*>-<*>-<*>] Total memory: <\d> MB, used: 512.00 MB"
0.277777778,"[instance: <*>-<*>-<*>-<*>-<*>] disk limit not specified, defaulting to unlimited","[instance: <*>-<*>-<*>-<*>-<*>] memory limit: 96258.00 MB, free: 95746.00 MB"
0.277777778,"[instance: <*>-<*>-<*>-<*>-<*>] disk limit not specified, defaulting to unlimited","[instance: <*>-<*>-<*>-<*>-<*>] Total disk: <\d> GB, used: 0.00 GB"
0.277777778,"[instance: <*>-<*>-<*>-<*>-<*>] disk limit not specified, defaulting to unlimited","[instance: <*>-<*>-<*>-<*>-<*>] Total vcpu: <\d> VCPU, used: 0.00 VCPU"
0.277777778,"[instance: <*>-<*>-<*>-<*>-<*>] Total vcpu: <\d> VCPU, used: 0.00 VCPU","Total usable vcpus: 16, total allocated vcpus: <\d>"
0.277777778,"[instance: <*>-<*>-<*>-<*>-<*>] Total vcpu: <\d> VCPU, used: 0.00 VCPU","[instance: <*>-<*>-<*>-<*>-<*>] disk limit not specified, defaulting to unlimited"
0.277777778,"[instance: <*>-<*>-<*>-<*>-<*>] Total vcpu: <\d> VCPU, used: 0.00 VCPU","[instance: <*>-<*>-<*>-<*>-<*>] vcpu limit not specified, defaulting to unlimited"
0.277777778,"[instance: <*>-<*>-<*>-<*>-<*>] vcpu limit not specified, defaulting to unlimited","[instance: <*>-<*>-<*>-<*>-<*>] Total memory: <\d> MB, used: 512.00 MB"
0.277777778,"[instance: <*>-<*>-<*>-<*>-<*>] vcpu limit not specified, defaulting to unlimited","[instance: <*>-<*>-<*>-<*>-<*>] memory limit: 96258.00 MB, free: 95746.00 MB"
0.277777778,"[instance: <*>-<*>-<*>-<*>-<*>] vcpu limit not specified, defaulting to unlimited","[instance: <*>-<*>-<*>-<*>-<*>] Total disk: <\d> GB, used: 0.00 GB"
0.277777778,"[instance: <*>-<*>-<*>-<*>-<*>] vcpu limit not specified, defaulting to unlimited","[instance: <*>-<*>-<*>-<*>-<*>] Total vcpu: <\d> VCPU, used: 0.00 VCPU"
0.277777778,"10.11.10.1 ""DELETE /v2/54fadb412c4e40cdbaed9335e4c35a9e/servers/<*>-<*>-<*>-<*>-<*> HTTP/1.1"" status: <\d> len: <\d> time: <\d>.<\d>","[instance: <*>-<*>-<*>-<*>-<*>] Total memory: <\d> MB, used: 512.00 MB"
0.277777778,"10.11.10.1 ""DELETE /v2/54fadb412c4e40cdbaed9335e4c35a9e/servers/<*>-<*>-<*>-<*>-<*> HTTP/1.1"" status: <\d> len: <\d> time: <\d>.<\d>","[instance: <*>-<*>-<*>-<*>-<*>] memory limit: 96258.00 MB, free: 95746.00 MB"
0.277777778,"10.11.10.1 ""DELETE /v2/54fadb412c4e40cdbaed9335e4c35a9e/servers/<*>-<*>-<*>-<*>-<*> HTTP/1.1"" status: <\d> len: <\d> time: <\d>.<\d>","[instance: <*>-<*>-<*>-<*>-<*>] Total disk: <\d> GB, used: 0.00 GB"
0.277777778,"10.11.10.1 ""DELETE /v2/54fadb412c4e40cdbaed9335e4c35a9e/servers/<*>-<*>-<*>-<*>-<*> HTTP/1.1"" status: <\d> len: <\d> time: <\d>.<\d>","[instance: <*>-<*>-<*>-<*>-<*>] Total vcpu: <\d> VCPU, used: 0.00 VCPU"
0.277777778,"10.11.10.1 ""POST /v2/<*>/<*> HTTP/1.1"" status: <\d> len: <\d> time: <\d>.<\d>","[instance: <*>-<*>-<*>-<*>-<*>] Total memory: <\d> MB, used: 512.00 MB"
0.277777778,"10.11.10.1 ""POST /v2/<*>/<*> HTTP/1.1"" status: <\d> len: <\d> time: <\d>.<\d>","[instance: <*>-<*>-<*>-<*>-<*>] memory limit: 96258.00 MB, free: 95746.00 MB"
0.277777778,"10.11.10.1 ""POST /v2/<*>/<*> HTTP/1.1"" status: <\d> len: <\d> time: <\d>.<\d>","[instance: <*>-<*>-<*>-<*>-<*>] Total disk: <\d> GB, used: 0.00 GB"
0.277777778,"10.11.10.1 ""POST /v2/<*>/<*> HTTP/1.1"" status: <\d> len: <\d> time: <\d>.<\d>","[instance: <*>-<*>-<*>-<*>-<*>] Total vcpu: <\d> VCPU, used: 0.00 VCPU"
0.277777778,"<*> ""GET <*> HTTP/1.1"" status: <\d> len: <\d> time: <\d>.<\d>","[instance: <*>-<*>-<*>-<*>-<*>] Total memory: <\d> MB, used: 512.00 MB"
0.277777778,"<*> ""GET <*> HTTP/1.1"" status: <\d> len: <\d> time: <\d>.<\d>","[instance: <*>-<*>-<*>-<*>-<*>] memory limit: 96258.00 MB, free: 95746.00 MB"
0.277777778,"<*> ""GET <*> HTTP/1.1"" status: <\d> len: <\d> time: <\d>.<\d>","[instance: <*>-<*>-<*>-<*>-<*>] Total disk: <\d> GB, used: 0.00 GB"
0.277777778,"<*> ""GET <*> HTTP/1.1"" status: <\d> len: <\d> time: <\d>.<\d>","[instance: <*>-<*>-<*>-<*>-<*>] Total vcpu: <\d> VCPU, used: 0.00 VCPU"
0.25,[instance: <*>-<*>-<*>-<*>-<*>] Deleting instance files /var/lib/nova/instances/<*>-<*>-<*>-<*>-<*>_del,Compute_service record updated for cp-1.slowvm1.tcloud-pg0.utah.cloudlab.us:cp-1.slowvm1.tcloud-pg0.utah.cloudlab.us
0.25,[instance: <*>-<*>-<*>-<*>-<*>] Deletion of /var/lib/nova/instances/<*>-<*>-<*>-<*>-<*>_del complete,Compute_service record updated for cp-1.slowvm1.tcloud-pg0.utah.cloudlab.us:cp-1.slowvm1.tcloud-pg0.utah.cloudlab.us
0.222222222,"[instance: <*>-<*>-<*>-<*>-<*>] memory limit: 96258.00 MB, free: 95746.00 MB","10.11.10.1 ""POST /v2/<*>/<*> HTTP/1.1"" status: <\d> len: <\d> time: <\d>.<\d>"
0.222222222,"[instance: <*>-<*>-<*>-<*>-<*>] memory limit: 96258.00 MB, free: 95746.00 MB","10.11.10.1 ""DELETE /v2/54fadb412c4e40cdbaed9335e4c35a9e/servers/<*>-<*>-<*>-<*>-<*> HTTP/1.1"" status: <\d> len: <\d> time: <\d>.<\d>"
0.222222222,"[instance: <*>-<*>-<*>-<*>-<*>] disk limit not specified, defaulting to unlimited","<*> ""GET <*> HTTP/1.1"" status: <\d> len: <\d> time: <\d>.<\d>"
0.222222222,"[instance: <*>-<*>-<*>-<*>-<*>] vcpu limit not specified, defaulting to unlimited","<*> ""GET <*> HTTP/1.1"" status: <\d> len: <\d> time: <\d>.<\d>"
0.208333333,[instance: <*>-<*>-<*>-<*>-<*>] Took <\d>.<\d> seconds to destroy the instance on the hypervisor.,[instance: <*>-<*>-<*>-<*>-<*>] During sync_power_state the instance has a pending task (spawning). Skip.
0.208333333,[instance: <*>-<*>-<*>-<*>-<*>] Took <\d>.<\d> seconds to spawn the instance on the hypervisor.,[instance: <*>-<*>-<*>-<*>-<*>] During sync_power_state the instance has a pending task (spawning). Skip.
0.208333333,[instance: <*>-<*>-<*>-<*>-<*>] During sync_power_state the instance has a pending task (spawning). Skip.,[instance: <*>-<*>-<*>-<*>-<*>] Took <\d>.<\d> seconds to spawn the instance on the hypervisor.
0.208333333,[instance: <*>-<*>-<*>-<*>-<*>] During sync_power_state the instance has a pending task (spawning). Skip.,[instance: <*>-<*>-<*>-<*>-<*>] Took <\d>.<\d> seconds to destroy the instance on the hypervisor.
0.2,[instance: <*>-<*>-<*>-<*>-<*>] VM Stopped (Lifecycle Event),Active base files: /var/lib/nova/instances/_base/a489c868f0c37da93b76227c91bb03908ac0e742
0.2,[instance: <*>-<*>-<*>-<*>-<*>] VM Stopped (Lifecycle Event),Unknown base file: /var/lib/nova/instances/_base/a489c868f0c37da93b76227c91bb03908ac0e742
0.2,[instance: <*>-<*>-<*>-<*>-<*>] VM Stopped (Lifecycle Event),Removable base files: /var/lib/nova/instances/_base/a489c868f0c37da93b76227c91bb03908ac0e742
0.2,[instance: <*>-<*>-<*>-<*>-<*>] VM Started (Lifecycle Event),Active base files: /var/lib/nova/instances/_base/a489c868f0c37da93b76227c91bb03908ac0e742
0.2,[instance: <*>-<*>-<*>-<*>-<*>] VM Started (Lifecycle Event),Unknown base file: /var/lib/nova/instances/_base/a489c868f0c37da93b76227c91bb03908ac0e742
0.2,[instance: <*>-<*>-<*>-<*>-<*>] VM Started (Lifecycle Event),Removable base files: /var/lib/nova/instances/_base/a489c868f0c37da93b76227c91bb03908ac0e742
0.2,[instance: <*>-<*>-<*>-<*>-<*>] VM Paused (Lifecycle Event),Active base files: /var/lib/nova/instances/_base/a489c868f0c37da93b76227c91bb03908ac0e742
0.2,[instance: <*>-<*>-<*>-<*>-<*>] VM Paused (Lifecycle Event),Unknown base file: /var/lib/nova/instances/_base/a489c868f0c37da93b76227c91bb03908ac0e742
0.2,[instance: <*>-<*>-<*>-<*>-<*>] VM Paused (Lifecycle Event),Removable base files: /var/lib/nova/instances/_base/a489c868f0c37da93b76227c91bb03908ac0e742
0.2,[instance: <*>-<*>-<*>-<*>-<*>] Instance spawned successfully.,Active base files: /var/lib/nova/instances/_base/a489c868f0c37da93b76227c91bb03908ac0e742
0.2,[instance: <*>-<*>-<*>-<*>-<*>] Instance spawned successfully.,Unknown base file: /var/lib/nova/instances/_base/a489c868f0c37da93b76227c91bb03908ac0e742
0.2,[instance: <*>-<*>-<*>-<*>-<*>] Instance spawned successfully.,Removable base files: /var/lib/nova/instances/_base/a489c868f0c37da93b76227c91bb03908ac0e742
0.2,[instance: <*>-<*>-<*>-<*>-<*>] Instance destroyed successfully.,Active base files: /var/lib/nova/instances/_base/a489c868f0c37da93b76227c91bb03908ac0e742
0.2,[instance: <*>-<*>-<*>-<*>-<*>] Instance destroyed successfully.,Unknown base file: /var/lib/nova/instances/_base/a489c868f0c37da93b76227c91bb03908ac0e742
0.2,[instance: <*>-<*>-<*>-<*>-<*>] Instance destroyed successfully.,Removable base files: /var/lib/nova/instances/_base/a489c868f0c37da93b76227c91bb03908ac0e742
0.2,Unknown base file: /var/lib/nova/instances/_base/a489c868f0c37da93b76227c91bb03908ac0e742,[instance: <*>-<*>-<*>-<*>-<*>] VM Started (Lifecycle Event)
0.2,Unknown base file: /var/lib/nova/instances/_base/a489c868f0c37da93b76227c91bb03908ac0e742,[instance: <*>-<*>-<*>-<*>-<*>] VM Paused (Lifecycle Event)
0.2,Unknown base file: /var/lib/nova/instances/_base/a489c868f0c37da93b76227c91bb03908ac0e742,[instance: <*>-<*>-<*>-<*>-<*>] VM Resumed (Lifecycle Event)
0.2,Unknown base file: /var/lib/nova/instances/_base/a489c868f0c37da93b76227c91bb03908ac0e742,[instance: <*>-<*>-<*>-<*>-<*>] Instance spawned successfully.
0.2,Unknown base file: /var/lib/nova/instances/_base/a489c868f0c37da93b76227c91bb03908ac0e742,[instance: <*>-<*>-<*>-<*>-<*>] Instance destroyed successfully.
0.2,Unknown base file: /var/lib/nova/instances/_base/a489c868f0c37da93b76227c91bb03908ac0e742,[instance: <*>-<*>-<*>-<*>-<*>] VM Stopped (Lifecycle Event)
0.2,Removable base files: /var/lib/nova/instances/_base/a489c868f0c37da93b76227c91bb03908ac0e742,[instance: <*>-<*>-<*>-<*>-<*>] VM Started (Lifecycle Event)
0.2,Removable base files: /var/lib/nova/instances/_base/a489c868f0c37da93b76227c91bb03908ac0e742,[instance: <*>-<*>-<*>-<*>-<*>] VM Paused (Lifecycle Event)
0.2,Removable base files: /var/lib/nova/instances/_base/a489c868f0c37da93b76227c91bb03908ac0e742,[instance: <*>-<*>-<*>-<*>-<*>] VM Resumed (Lifecycle Event)
0.2,Removable base files: /var/lib/nova/instances/_base/a489c868f0c37da93b76227c91bb03908ac0e742,[instance: <*>-<*>-<*>-<*>-<*>] Instance spawned successfully.
0.2,Removable base files: /var/lib/nova/instances/_base/a489c868f0c37da93b76227c91bb03908ac0e742,[instance: <*>-<*>-<*>-<*>-<*>] Instance destroyed successfully.
0.2,Removable base files: /var/lib/nova/instances/_base/a489c868f0c37da93b76227c91bb03908ac0e742,[instance: <*>-<*>-<*>-<*>-<*>] VM Stopped (Lifecycle Event)
0.2,[instance: <*>-<*>-<*>-<*>-<*>] VM Resumed (Lifecycle Event),Active base files: /var/lib/nova/instances/_base/a489c868f0c37da93b76227c91bb03908ac0e742
0.2,[instance: <*>-<*>-<*>-<*>-<*>] VM Resumed (Lifecycle Event),Unknown base file: /var/lib/nova/instances/_base/a489c868f0c37da93b76227c91bb03908ac0e742
0.2,[instance: <*>-<*>-<*>-<*>-<*>] VM Resumed (Lifecycle Event),Removable base files: /var/lib/nova/instances/_base/a489c868f0c37da93b76227c91bb03908ac0e742
0.2,Active base files: /var/lib/nova/instances/_base/a489c868f0c37da93b76227c91bb03908ac0e742,[instance: <*>-<*>-<*>-<*>-<*>] VM Started (Lifecycle Event)
0.2,Active base files: /var/lib/nova/instances/_base/a489c868f0c37da93b76227c91bb03908ac0e742,[instance: <*>-<*>-<*>-<*>-<*>] VM Paused (Lifecycle Event)
0.2,Active base files: /var/lib/nova/instances/_base/a489c868f0c37da93b76227c91bb03908ac0e742,[instance: <*>-<*>-<*>-<*>-<*>] VM Resumed (Lifecycle Event)
0.2,Active base files: /var/lib/nova/instances/_base/a489c868f0c37da93b76227c91bb03908ac0e742,[instance: <*>-<*>-<*>-<*>-<*>] Instance spawned successfully.
0.2,Active base files: /var/lib/nova/instances/_base/a489c868f0c37da93b76227c91bb03908ac0e742,[instance: <*>-<*>-<*>-<*>-<*>] Instance destroyed successfully.
0.2,Active base files: /var/lib/nova/instances/_base/a489c868f0c37da93b76227c91bb03908ac0e742,[instance: <*>-<*>-<*>-<*>-<*>] VM Stopped (Lifecycle Event)
0.166666667,[instance: <*>-<*>-<*>-<*>-<*>] Deleting instance files /var/lib/nova/instances/<*>-<*>-<*>-<*>-<*>_del,image 0673dd71-34c5-4fbb-86c4-40623fbe45b4 at (/var/lib/nova/instances/_base/a489c868f0c37da93b76227c91bb03908ac0e742): checking
0.166666667,[instance: <*>-<*>-<*>-<*>-<*>] Deletion of /var/lib/nova/instances/<*>-<*>-<*>-<*>-<*>_del complete,image 0673dd71-34c5-4fbb-86c4-40623fbe45b4 at (/var/lib/nova/instances/_base/a489c868f0c37da93b76227c91bb03908ac0e742): checking
0.166666667,"[instance: <*>-<*>-<*>-<*>-<*>] memory limit: 96258.00 MB, free: 95746.00 MB","Total usable vcpus: 16, total allocated vcpus: <\d>"
0.166666667,"[instance: <*>-<*>-<*>-<*>-<*>] disk limit not specified, defaulting to unlimited","10.11.10.1 ""POST /v2/<*>/<*> HTTP/1.1"" status: <\d> len: <\d> time: <\d>.<\d>"
0.166666667,"[instance: <*>-<*>-<*>-<*>-<*>] disk limit not specified, defaulting to unlimited","10.11.10.1 ""DELETE /v2/54fadb412c4e40cdbaed9335e4c35a9e/servers/<*>-<*>-<*>-<*>-<*> HTTP/1.1"" status: <\d> len: <\d> time: <\d>.<\d>"
0.166666667,"[instance: <*>-<*>-<*>-<*>-<*>] vcpu limit not specified, defaulting to unlimited","10.11.10.1 ""POST /v2/<*>/<*> HTTP/1.1"" status: <\d> len: <\d> time: <\d>.<\d>"
0.166666667,"[instance: <*>-<*>-<*>-<*>-<*>] vcpu limit not specified, defaulting to unlimited","10.11.10.1 ""DELETE /v2/54fadb412c4e40cdbaed9335e4c35a9e/servers/<*>-<*>-<*>-<*>-<*> HTTP/1.1"" status: <\d> len: <\d> time: <\d>.<\d>"
0.166666667,image 0673dd71-34c5-4fbb-86c4-40623fbe45b4 at (/var/lib/nova/instances/_base/a489c868f0c37da93b76227c91bb03908ac0e742): checking,Compute_service record updated for cp-1.slowvm1.tcloud-pg0.utah.cloudlab.us:cp-1.slowvm1.tcloud-pg0.utah.cloudlab.us
0.166666667,image 0673dd71-34c5-4fbb-86c4-40623fbe45b4 at (/var/lib/nova/instances/_base/a489c868f0c37da93b76227c91bb03908ac0e742): checking,[instance: <*>-<*>-<*>-<*>-<*>] Deleting instance files /var/lib/nova/instances/<*>-<*>-<*>-<*>-<*>_del
0.166666667,image 0673dd71-34c5-4fbb-86c4-40623fbe45b4 at (/var/lib/nova/instances/_base/a489c868f0c37da93b76227c91bb03908ac0e742): checking,[instance: <*>-<*>-<*>-<*>-<*>] Deletion of /var/lib/nova/instances/<*>-<*>-<*>-<*>-<*>_del complete
0.142857143,Removing base or swap file: /var/lib/nova/instances/_base/a489c868f0c37da93b76227c91bb03908ac0e742,Creating event network-vif-plugged:<*>-<*>-<*>-<*>-<*> for instance <*>-<*>-<*>-<*>-<*>
0.142857143,Removing base or swap file: /var/lib/nova/instances/_base/a489c868f0c37da93b76227c91bb03908ac0e742,Successfully synced instances from host 'cp-1.slowvm1.tcloud-pg0.utah.cloudlab.us'.
0.142857143,Creating event network-vif-plugged:<*>-<*>-<*>-<*>-<*> for instance <*>-<*>-<*>-<*>-<*>,Removing base or swap file: /var/lib/nova/instances/_base/a489c868f0c37da93b76227c91bb03908ac0e742
0.142857143,Creating event network-vif-plugged:<*>-<*>-<*>-<*>-<*> for instance <*>-<*>-<*>-<*>-<*>,Successfully synced instances from host 'cp-1.slowvm1.tcloud-pg0.utah.cloudlab.us'.
0.111111111,"[instance: <*>-<*>-<*>-<*>-<*>] Total memory: <\d> MB, used: 512.00 MB",Auditing locally available compute resources for node cp-1.slowvm1.tcloud-pg0.utah.cloudlab.us
0.111111111,"[instance: <*>-<*>-<*>-<*>-<*>] memory limit: 96258.00 MB, free: 95746.00 MB",Auditing locally available compute resources for node cp-1.slowvm1.tcloud-pg0.utah.cloudlab.us
0.111111111,"[instance: <*>-<*>-<*>-<*>-<*>] Total disk: <\d> GB, used: 0.00 GB",Auditing locally available compute resources for node cp-1.slowvm1.tcloud-pg0.utah.cloudlab.us
0.111111111,"[instance: <*>-<*>-<*>-<*>-<*>] disk limit not specified, defaulting to unlimited",Auditing locally available compute resources for node cp-1.slowvm1.tcloud-pg0.utah.cloudlab.us
0.111111111,"[instance: <*>-<*>-<*>-<*>-<*>] disk limit not specified, defaulting to unlimited","Total usable vcpus: 16, total allocated vcpus: <\d>"
0.111111111,"[instance: <*>-<*>-<*>-<*>-<*>] Total vcpu: <\d> VCPU, used: 0.00 VCPU",Auditing locally available compute resources for node cp-1.slowvm1.tcloud-pg0.utah.cloudlab.us
0.111111111,"[instance: <*>-<*>-<*>-<*>-<*>] vcpu limit not specified, defaulting to unlimited",Auditing locally available compute resources for node cp-1.slowvm1.tcloud-pg0.utah.cloudlab.us
0.111111111,"[instance: <*>-<*>-<*>-<*>-<*>] vcpu limit not specified, defaulting to unlimited","Total usable vcpus: 16, total allocated vcpus: <\d>"
0.111111111,"10.11.10.1 ""DELETE /v2/54fadb412c4e40cdbaed9335e4c35a9e/servers/<*>-<*>-<*>-<*>-<*> HTTP/1.1"" status: <\d> len: <\d> time: <\d>.<\d>",Auditing locally available compute resources for node cp-1.slowvm1.tcloud-pg0.utah.cloudlab.us
0.111111111,"10.11.10.1 ""DELETE /v2/54fadb412c4e40cdbaed9335e4c35a9e/servers/<*>-<*>-<*>-<*>-<*> HTTP/1.1"" status: <\d> len: <\d> time: <\d>.<\d>","[instance: <*>-<*>-<*>-<*>-<*>] disk limit not specified, defaulting to unlimited"
0.111111111,"10.11.10.1 ""DELETE /v2/54fadb412c4e40cdbaed9335e4c35a9e/servers/<*>-<*>-<*>-<*>-<*> HTTP/1.1"" status: <\d> len: <\d> time: <\d>.<\d>","[instance: <*>-<*>-<*>-<*>-<*>] vcpu limit not specified, defaulting to unlimited"
0.111111111,"10.11.10.1 ""POST /v2/<*>/<*> HTTP/1.1"" status: <\d> len: <\d> time: <\d>.<\d>",Auditing locally available compute resources for node cp-1.slowvm1.tcloud-pg0.utah.cloudlab.us
0.111111111,"10.11.10.1 ""POST /v2/<*>/<*> HTTP/1.1"" status: <\d> len: <\d> time: <\d>.<\d>","[instance: <*>-<*>-<*>-<*>-<*>] disk limit not specified, defaulting to unlimited"
0.111111111,"10.11.10.1 ""POST /v2/<*>/<*> HTTP/1.1"" status: <\d> len: <\d> time: <\d>.<\d>","[instance: <*>-<*>-<*>-<*>-<*>] vcpu limit not specified, defaulting to unlimited"
0.111111111,"<*> ""GET <*> HTTP/1.1"" status: <\d> len: <\d> time: <\d>.<\d>",Auditing locally available compute resources for node cp-1.slowvm1.tcloud-pg0.utah.cloudlab.us
0.111111111,"<*> ""GET <*> HTTP/1.1"" status: <\d> len: <\d> time: <\d>.<\d>","[instance: <*>-<*>-<*>-<*>-<*>] disk limit not specified, defaulting to unlimited"
0.111111111,"<*> ""GET <*> HTTP/1.1"" status: <\d> len: <\d> time: <\d>.<\d>","[instance: <*>-<*>-<*>-<*>-<*>] vcpu limit not specified, defaulting to unlimited"
0.1,[instance: <*>-<*>-<*>-<*>-<*>] Took <\d>.<\d> seconds to deallocate network for instance.,HTTP exception thrown: No instances found for any event
0.1,[instance: <*>-<*>-<*>-<*>-<*>] Took <\d>.<\d> seconds to deallocate network for instance.,Base or swap file too young to remove: /var/lib/nova/instances/_base/a489c868f0c37da93b76227c91bb03908ac0e742
0.1,HTTP exception thrown: No instances found for any event,[instance: <*>-<*>-<*>-<*>-<*>] Took <\d>.<\d> seconds to deallocate network for instance.
0.1,HTTP exception thrown: No instances found for any event,Base or swap file too young to remove: /var/lib/nova/instances/_base/a489c868f0c37da93b76227c91bb03908ac0e742
0.083333333,[instance: <*>-<*>-<*>-<*>-<*>] Took <\d>.<\d> seconds to destroy the instance on the hypervisor.,Final resource view: name=cp-1.slowvm1.tcloud-pg0.utah.cloudlab.us phys_ram=64172MB used_ram=<*> phys_disk=15GB used_disk=<*> total_vcpus=16 used_vcpus=<\d> pci_stats=[]
0.083333333,[instance: <*>-<*>-<*>-<*>-<*>] Took <\d>.<\d> seconds to spawn the instance on the hypervisor.,Final resource view: name=cp-1.slowvm1.tcloud-pg0.utah.cloudlab.us phys_ram=64172MB used_ram=<*> phys_disk=15GB used_disk=<*> total_vcpus=16 used_vcpus=<\d> pci_stats=[]
0.083333333,[instance: <*>-<*>-<*>-<*>-<*>] During sync_power_state the instance has a pending task (spawning). Skip.,Final resource view: name=cp-1.slowvm1.tcloud-pg0.utah.cloudlab.us phys_ram=64172MB used_ram=<*> phys_disk=15GB used_disk=<*> total_vcpus=16 used_vcpus=<\d> pci_stats=[]
0.076923077,"[instance: <*>-<*>-<*>-<*>-<*>] Attempting claim: memory <\d> MB, disk <\d> GB, vcpus <\d> CPU",The instance sync for host 'cp-1.slowvm1.tcloud-pg0.utah.cloudlab.us' did not match. Re-created its InstanceList.
