sim,T1,T2
0.666666667,Received disconnect from <\d>.<\d>.<\d>.<\d>: 11: Bye Bye [preauth],Received disconnect from 119.137.62.142: 11: disconnected by user
0.333333333,Connection closed by <\d>.<\d>.<\d>.<\d> [preauth],input_userauth_request: invalid user <*> [preauth]
0.333333333,input_userauth_request: invalid user <*> [preauth],Connection closed by <\d>.<\d>.<\d>.<\d> [preauth]
0.25,Connection closed by <\d>.<\d>.<\d>.<\d> [preauth],message repeated <\d> times: [ Failed password for root from <\d>.<\d>.<\d>.<\d> port <\d> ssh2]
0.25,input_userauth_request: invalid user <*> [preauth],pam_unix(sshd:auth): check pass; user unknown
0.25,input_userauth_request: invalid user <*> [preauth],message repeated <\d> times: [ Failed password for root from <\d>.<\d>.<\d>.<\d> port <\d> ssh2]
0.25,pam_unix(sshd:auth): check pass; user unknown,input_userauth_request: invalid user <*> [preauth]
0.222222222,Received disconnect from <\d>.<\d>.<\d>.<\d>: 11: Bye Bye [preauth],Disconnecting: Too many authentication failures for root [preauth]
0.222222222,Received disconnect from <\d>.<\d>.<\d>.<\d>: 11: Bye Bye [preauth],Disconnecting: Too many authentication failures for admin [preauth]
0.222222222,Received disconnect from <\d>.<\d>.<\d>.<\d>: 11: Bye Bye [preauth],fatal: Write failed: Connection reset by peer [preauth]
0.166666667,Connection closed by <\d>.<\d>.<\d>.<\d> [preauth],Invalid user <*> from <\d>.<\d>.<\d>.<\d>
0.166666667,Connection closed by <\d>.<\d>.<\d>.<\d> [preauth],pam_unix(sshd:auth): check pass; user unknown
0.166666667,Invalid user <*> from <\d>.<\d>.<\d>.<\d>,input_userauth_request: invalid user <*> [preauth]
0.166666667,Invalid user <*> from <\d>.<\d>.<\d>.<\d>,pam_unix(sshd:auth): check pass; user unknown
0.166666667,Invalid user <*> from <\d>.<\d>.<\d>.<\d>,Connection closed by <\d>.<\d>.<\d>.<\d> [preauth]
0.166666667,Invalid user <*> from <\d>.<\d>.<\d>.<\d>,message repeated <\d> times: [ Failed password for root from <\d>.<\d>.<\d>.<\d> port <\d> ssh2]
0.166666667,input_userauth_request: invalid user <*> [preauth],Invalid user <*> from <\d>.<\d>.<\d>.<\d>
0.166666667,pam_unix(sshd:auth): check pass; user unknown,Invalid user <*> from <\d>.<\d>.<\d>.<\d>
0.166666667,pam_unix(sshd:auth): check pass; user unknown,Connection closed by <\d>.<\d>.<\d>.<\d> [preauth]
0.166666667,pam_unix(sshd:auth): check pass; user unknown,message repeated <\d> times: [ Failed password for root from <\d>.<\d>.<\d>.<\d> port <\d> ssh2]
0.136363636,pam_unix(sshd:auth): authentication failure; logname= uid=0 euid=0 tty=ssh ruser= rhost=<*> user=<*>,error: Received disconnect from 195.154.37.122: 3: com.jcraft.jsch.JSchException: Auth fail [preauth]
0.111111111,Received disconnect from <\d>.<\d>.<\d>.<\d>: 11: Bye Bye [preauth],PAM service(sshd) ignoring max retries; <\d> > <\d>
0.111111111,Received disconnect from <\d>.<\d>.<\d>.<\d>: 11: Bye Bye [preauth],pam_unix(sshd:session): session opened for user fztu by (uid=0)
0.1,pam_unix(sshd:auth): authentication failure; logname= uid=0 euid=0 tty=ssh ruser= rhost=<*>,Failed password for <*> from <\d>.<\d>.<\d>.<\d> port <\d> ssh2
0.1,pam_unix(sshd:auth): authentication failure; logname= uid=0 euid=0 tty=ssh ruser= rhost=<*>,Accepted password for fztu from 119.137.62.142 port <\d> ssh2
0.1,Failed password for <*> from <\d>.<\d>.<\d>.<\d> port <\d> ssh2,pam_unix(sshd:auth): authentication failure; logname= uid=0 euid=0 tty=ssh ruser= rhost=<*>
0.083333333,Failed password for invalid user <*> from <\d>.<\d>.<\d>.<\d> port <\d> ssh2,Received disconnect from <\d>.<\d>.<\d>.<\d>: 11: Closed due to user request. [preauth]
0.083333333,Failed password for invalid user <*> from <\d>.<\d>.<\d>.<\d> port <\d> ssh2,PAM <\d> more authentication failures; logname= uid=0 euid=0 tty=ssh ruser= rhost=<\d>.<\d>.<\d>.<\d>
0.083333333,Failed password for invalid user <*> from <\d>.<\d>.<\d>.<\d> port <\d> ssh2,PAM <\d> more authentication failure; logname= uid=0 euid=0 tty=ssh ruser= rhost=<\d>.<\d>.<\d>.<\d>
0.076923077,reverse mapping checking getaddrinfo for <*> [<\d>.<\d>.<\d>.<\d>] failed - POSSIBLE BREAK-IN ATTEMPT!,PAM <\d> more authentication failures; logname= uid=0 euid=0 tty=ssh ruser= rhost=<*> user=root
