sim,T1,T2
0.4,Got assigned task <\d>,Server created on <\d>
0.333333333,attempt_<\d>_<\d>_m_<\d>_<\d>: Committed,Slf4jLogger started
0.333333333,attempt_<\d>_<\d>_m_<\d>_<\d>: Committed,Starting remoting
0.333333333,attempt_<\d>_<\d>_m_<\d>_<\d>: Committed,Registered BlockManager
0.25,File Output Committer Algorithm version is <\d>,Successfully started service 'sparkExecutorActorSystem' on port 55904.
0.25,File Output Committer Algorithm version is <\d>,Successfully started service 'org.apache.spark.network.netty.NettyBlockTransferService' on port 40984.
0.25,Reading broadcast variable <\d> took <\d> ms,Starting executor ID <\d> on host mesos-slave-07
0.234375,Running task <\d>.<\d> in stage <\d>.<\d> (TID <\d>),File Output Committer Algorithm version is <\d>
0.214285714,"Partition rdd_<\d>_<\d> not found, computing it","mapred.tip.id is deprecated. Instead, use mapreduce.task.id"
0.214285714,"Partition rdd_<\d>_<\d> not found, computing it","mapred.task.id is deprecated. Instead, use mapreduce.task.attempt.id"
0.214285714,"Partition rdd_<\d>_<\d> not found, computing it","mapred.task.is.map is deprecated. Instead, use mapreduce.task.ismap"
0.214285714,"Partition rdd_<\d>_<\d> not found, computing it","mapred.job.id is deprecated. Instead, use mapreduce.job.id"
0.214285714,"Partition rdd_<\d>_<\d> not found, computing it","mapred.task.partition is deprecated. Instead, use mapreduce.task.partition"
0.2,Found block rdd_<\d>_<\d> locally,Connecting to driver: spark://CoarseGrainedScheduler@10.10.34.11:48069
0.2,Found block rdd_<\d>_<\d> locally,Successfully registered with driver
0.2,Found block rdd_<\d>_<\d> locally,Server created on <\d>
0.2,Found block rdd_<\d>_<\d> locally,Trying to register BlockManager
0.2,Found block rdd_<\d>_<\d> locally,Got assigned task <\d>
0.2,Got assigned task <\d>,Connecting to driver: spark://CoarseGrainedScheduler@10.10.34.11:48069
0.2,Got assigned task <\d>,Successfully registered with driver
0.2,Got assigned task <\d>,Trying to register BlockManager
0.2,Got assigned task <\d>,Found block rdd_<\d>_<\d> locally
0.166666667,Started reading broadcast variable <\d>,"Registered signal handlers for [TERM, HUP, INT]"
0.166666667,Started reading broadcast variable <\d>,"Changing view acls to: yarn,curi"
0.166666667,Started reading broadcast variable <\d>,"Changing modify acls to: yarn,curi"
0.166666667,Started reading broadcast variable <\d>,Created local directory at /opt/hdfs/nodemanager/usercache/curi/appcache/application_1485248649253_0147/blockmgr-70293f72-844a-4b39-9ad6-fb0ad7e364e4
0.142857143,"Partition rdd_<\d>_<\d> not found, computing it",Remoting started; listening on addresses :[akka.tcp://sparkExecutorActorSystem@mesos-slave-07:55904]
0.142857143,"Partition rdd_<\d>_<\d> not found, computing it",MemoryStore started with capacity 17.7 GB
0.125,File Output Committer Algorithm version is <\d>,Starting executor ID <\d> on host mesos-slave-07
0.125,File Output Committer Algorithm version is <\d>,Running task <\d>.<\d> in stage <\d>.<\d> (TID <\d>)
0.125,File Output Committer Algorithm version is <\d>,Reading broadcast variable <\d> took <\d> ms
0.125,File Output Committer Algorithm version is <\d>,Saved output of task 'attempt_<\d>_<\d>_m_<\d>_<\d>' to hdfs://10.10.34.11:9000/pjhe/test/<\d>/_temporary/<\d>/task_<\d>_<\d>_m_<\d>
0.125,Saved output of task 'attempt_<\d>_<\d>_m_<\d>_<\d>' to hdfs://10.10.34.11:9000/pjhe/test/<\d>/_temporary/<\d>/task_<\d>_<\d>_m_<\d>,Successfully started service 'sparkExecutorActorSystem' on port 55904.
0.125,Saved output of task 'attempt_<\d>_<\d>_m_<\d>_<\d>' to hdfs://10.10.34.11:9000/pjhe/test/<\d>/_temporary/<\d>/task_<\d>_<\d>_m_<\d>,Starting executor ID <\d> on host mesos-slave-07
0.125,Saved output of task 'attempt_<\d>_<\d>_m_<\d>_<\d>' to hdfs://10.10.34.11:9000/pjhe/test/<\d>/_temporary/<\d>/task_<\d>_<\d>_m_<\d>,Successfully started service 'org.apache.spark.network.netty.NettyBlockTransferService' on port 40984.
0.125,Saved output of task 'attempt_<\d>_<\d>_m_<\d>_<\d>' to hdfs://10.10.34.11:9000/pjhe/test/<\d>/_temporary/<\d>/task_<\d>_<\d>_m_<\d>,Running task <\d>.<\d> in stage <\d>.<\d> (TID <\d>)
0.125,Saved output of task 'attempt_<\d>_<\d>_m_<\d>_<\d>' to hdfs://10.10.34.11:9000/pjhe/test/<\d>/_temporary/<\d>/task_<\d>_<\d>_m_<\d>,Reading broadcast variable <\d> took <\d> ms
0.125,Saved output of task 'attempt_<\d>_<\d>_m_<\d>_<\d>' to hdfs://10.10.34.11:9000/pjhe/test/<\d>/_temporary/<\d>/task_<\d>_<\d>_m_<\d>,File Output Committer Algorithm version is <\d>
0.125,Reading broadcast variable <\d> took <\d> ms,Successfully started service 'sparkExecutorActorSystem' on port 55904.
0.125,Reading broadcast variable <\d> took <\d> ms,Successfully started service 'org.apache.spark.network.netty.NettyBlockTransferService' on port 40984.
0.125,Reading broadcast variable <\d> took <\d> ms,Running task <\d>.<\d> in stage <\d>.<\d> (TID <\d>)
0.125,Reading broadcast variable <\d> took <\d> ms,File Output Committer Algorithm version is <\d>
0.125,Reading broadcast variable <\d> took <\d> ms,Saved output of task 'attempt_<\d>_<\d>_m_<\d>_<\d>' to hdfs://10.10.34.11:9000/pjhe/test/<\d>/_temporary/<\d>/task_<\d>_<\d>_m_<\d>
0.125,Finished task <\d>.<\d> in stage <\d>.<\d> (TID <\d>). <\d> bytes result sent to driver,"Times: total = <\d>, boot = <\d>, init = <\d>, finish = <\d>"
0.125,Running task <\d>.<\d> in stage <\d>.<\d> (TID <\d>),Successfully started service 'sparkExecutorActorSystem' on port 55904.
0.125,Running task <\d>.<\d> in stage <\d>.<\d> (TID <\d>),Starting executor ID <\d> on host mesos-slave-07
0.125,Running task <\d>.<\d> in stage <\d>.<\d> (TID <\d>),Successfully started service 'org.apache.spark.network.netty.NettyBlockTransferService' on port 40984.
0.125,Running task <\d>.<\d> in stage <\d>.<\d> (TID <\d>),Reading broadcast variable <\d> took <\d> ms
0.125,Running task <\d>.<\d> in stage <\d>.<\d> (TID <\d>),Saved output of task 'attempt_<\d>_<\d>_m_<\d>_<\d>' to hdfs://10.10.34.11:9000/pjhe/test/<\d>/_temporary/<\d>/task_<\d>_<\d>_m_<\d>
0.071428571,"Times: total = <\d>, boot = <\d>, init = <\d>, finish = <\d>",Finished task <\d>.<\d> in stage <\d>.<\d> (TID <\d>). <\d> bytes result sent to driver
