sim,T1,T2
0.333333333,session closed for user root,Using IOAPIC for interrupt routing
0.333333333,session closed for user root,Using ACPI for IRQ routing
0.333333333,[ib_sm_sweep.c:1831]: ********************** NEW SWEEP ********************,[ib_sm_sweep.c:1482]: No configuration change required
0.333333333,[ib_sm_sweep.c:1482]: No configuration change required,[ib_sm_sweep.c:1831]: ********************** NEW SWEEP ********************
0.333333333,"synchronized to <*>, stratum <\d>",kernel time sync disabled <\d>
0.333333333,"synchronized to <*>, stratum <\d>",kernel time sync enabled <\d>
0.333333333,"synchronized to <*>, stratum <\d>",HPET id: 0xffffffff base: 0xfed00000
0.333333333,"synchronized to <*>, stratum <\d>",Direct-Access ANSI SCSI revision: <\d>
0.333333333,"synchronized to <*>, stratum <\d>",Processor ANSI SCSI revision: <\d>
0.3,[ib_sm_sweep.c:1455]: No topology change,START: tftp pid=16563 from=10.100.4.251
0.222222222,data_thread() got not answer from any [Thunderbird_<*>] datasource,DHCPREQUEST for 10.100.4.251 (10.100.0.250) from 00:11:43:e3:ba:c3 via eth1
0.2,[ib_sm_sweep.c:1455]: No topology change,Local disconnected: Connection closed.
0.2,[ib_sm_sweep.c:1455]: No topology change,connection lost: 'Connection closed.'
0.2,[ib_sm_sweep.c:1455]: No topology change,time reset +0.182379 s
0.2,[ib_sm_sweep.c:1455]: No topology change,<*> (v001 DELL PE BKC 0x00000001 MSFT <*>) @ <*>
0.2,[ib_sm_sweep.c:1455]: No topology change,<*> used by override.
0.2,[ib_sm_sweep.c:1455]: No topology change,Local APIC address 0xfee00000
0.2,[ib_sm_sweep.c:1455]: No topology change,Power Button (FF) [PWRF]
0.2,[ib_sm_sweep.c:1455]: No topology change,RSDP (v000 DELL ) @ 0x00000000000fd650
0.2,[ib_sm_sweep.c:1455]: No topology change,Physical Processor ID: <\d>
0.2,[ib_sm_sweep.c:1455]: No topology change,Registered protocol family <\d>
0.2,[ib_sm_sweep.c:1455]: No topology change,Probing PCI hardware (bus 00)
0.2,[ib_sm_sweep.c:1455]: No topology change,Transparent bridge - 0000:00:1e.0
0.2,[ib_sm_sweep.c:1455]: No topology change,Using MMCONFIG at e0000000
0.2,[ib_sm_sweep.c:1455]: No topology change,Using configuration type <\d>
0.2,[ib_sm_sweep.c:1455]: No topology change,Starting in permissive mode
0.2,[ib_sm_sweep.c:1455]: No topology change,Hash tables configured (established 262144 bind 65536)
0.2,[ib_sm_sweep.c:1455]: No topology change,initializing netlink socket (disabled)
0.2,[ib_sm_sweep.c:1455]: No topology change,4.1.0-ioctl (2003-12-10) initialised: #36#@#37#
0.2,[ib_sm_sweep.c:1455]: No topology change,allocating divert_blk for <*>
0.2,[ib_sm_sweep.c:1455]: No topology change,v2.0:USB HID core driver
0.2,[ib_sm_sweep.c:1455]: No topology change,no floppy controllers found
0.2,[ib_sm_sweep.c:1455]: No topology change,Installing public key data
0.2,[ib_sm_sweep.c:1455]: No topology change,fw version:[516A] bios version:[H418]
0.2,[ib_sm_sweep.c:1455]: No topology change,LSI Logic MegaRAID driver
0.2,[ib_sm_sweep.c:1455]: No topology change,sda1 sda2 sda3 sda4
0.2,[ib_sm_sweep.c:1455]: No topology change,Registering secondary module capability
0.2,[ib_sm_sweep.c:1455]: No topology change,syslog-ng version 1.6.7 starting
0.2,[ib_sm_sweep.c:1455]: No topology change,Detected 3591.360 MHz processor.
0.2,[ib_sm_sweep.c:1455]: No topology change,Using HPET based timekeeping.
0.2,[ib_sm_sweep.c:1455]: No topology change,Creating Topspin /dev entries:
0.2,[ib_sm_sweep.c:1455]: No topology change,registered new driver hiddev
0.2,[ib_sm_sweep.c:1455]: No topology change,registered new driver hub
0.2,[ib_sm_sweep.c:1455]: No topology change,registered new driver usbfs
0.2,[ib_sm_sweep.c:1455]: No topology change,registered new driver usbhid
0.2,[ib_sm_sweep.c:1455]: No topology change,Mounting NFS filesystems: succeeded
0.2,[ib_sm_sweep.c:1455]: No topology change,Mounting other filesystems: failed
0.166666667,session closed for user root,"synchronized to <*>, stratum <\d>"
0.166666667,session closed for user root,[ib_sm_sweep.c:1831]: ********************** NEW SWEEP ********************
0.166666667,session closed for user root,[ib_sm_sweep.c:1482]: No configuration change required
0.166666667,session closed for user root,DHCPDISCOVER from 00:11:43:e3:ba:c3 via eth1
0.166666667,session closed for user root,kernel time sync disabled <\d>
0.166666667,session closed for user root,Received SNMP packet(s) from #34#
0.166666667,session closed for user root,kernel time sync enabled <\d>
0.166666667,session closed for user root,HPET id: 0xffffffff base: 0xfed00000
0.166666667,session closed for user root,PCI Interrupt Link [LNKB] (IRQs 3 4 5 6 7 10 *11 12)
0.166666667,session closed for user root,PCI Interrupt Routing Table [\_SB_<*>_PRT]
0.166666667,session closed for user root,PCI Root Bridge [PCI0] (00:00)
0.166666667,session closed for user root,Direct-Access ANSI SCSI revision: <\d>
0.166666667,session closed for user root,Processor ANSI SCSI revision: <\d>
0.166666667,session closed for user root,(C) 2000-2002 Netfilter core team
0.166666667,session closed for user root,"md driver 0.90.0 MAX_MD_DEVS=256, MD_SB_DISKS=27"
0.166666667,session closed for user root,asking for cache data failed
0.166666667,session closed for user root,assuming drive cache: write through
0.166666667,session closed for user root,Using 14.318180 MHz HPET timer.
0.166666667,session closed for user root,Now running on #29#'s privileges.
0.166666667,session closed for user root,Started working: <\d> available service
0.166666667,[ib_sm_sweep.c:1831]: ********************** NEW SWEEP ********************,session closed for user root
0.166666667,[ib_sm_sweep.c:1831]: ********************** NEW SWEEP ********************,"synchronized to <*>, stratum <\d>"
0.166666667,[ib_sm_sweep.c:1831]: ********************** NEW SWEEP ********************,DHCPDISCOVER from 00:11:43:e3:ba:c3 via eth1
0.166666667,[ib_sm_sweep.c:1831]: ********************** NEW SWEEP ********************,kernel time sync disabled <\d>
0.166666667,[ib_sm_sweep.c:1831]: ********************** NEW SWEEP ********************,Received SNMP packet(s) from #34#
0.166666667,[ib_sm_sweep.c:1831]: ********************** NEW SWEEP ********************,kernel time sync enabled <\d>
0.166666667,[ib_sm_sweep.c:1831]: ********************** NEW SWEEP ********************,HPET id: 0xffffffff base: 0xfed00000
0.166666667,[ib_sm_sweep.c:1831]: ********************** NEW SWEEP ********************,PCI Interrupt Link [LNKB] (IRQs 3 4 5 6 7 10 *11 12)
0.166666667,[ib_sm_sweep.c:1831]: ********************** NEW SWEEP ********************,PCI Interrupt Routing Table [\_SB_<*>_PRT]
0.166666667,[ib_sm_sweep.c:1831]: ********************** NEW SWEEP ********************,PCI Root Bridge [PCI0] (00:00)
0.166666667,[ib_sm_sweep.c:1831]: ********************** NEW SWEEP ********************,Using IOAPIC for interrupt routing
0.166666667,[ib_sm_sweep.c:1831]: ********************** NEW SWEEP ********************,Using ACPI for IRQ routing
0.166666667,[ib_sm_sweep.c:1831]: ********************** NEW SWEEP ********************,Direct-Access ANSI SCSI revision: <\d>
0.166666667,[ib_sm_sweep.c:1831]: ********************** NEW SWEEP ********************,Processor ANSI SCSI revision: <\d>
0.166666667,[ib_sm_sweep.c:1831]: ********************** NEW SWEEP ********************,(C) 2000-2002 Netfilter core team
0.166666667,[ib_sm_sweep.c:1831]: ********************** NEW SWEEP ********************,"md driver 0.90.0 MAX_MD_DEVS=256, MD_SB_DISKS=27"
0.166666667,[ib_sm_sweep.c:1831]: ********************** NEW SWEEP ********************,asking for cache data failed
0.166666667,[ib_sm_sweep.c:1831]: ********************** NEW SWEEP ********************,assuming drive cache: write through
0.166666667,[ib_sm_sweep.c:1831]: ********************** NEW SWEEP ********************,Using 14.318180 MHz HPET timer.
0.166666667,[ib_sm_sweep.c:1831]: ********************** NEW SWEEP ********************,Now running on #29#'s privileges.
0.166666667,[ib_sm_sweep.c:1831]: ********************** NEW SWEEP ********************,Started working: <\d> available service
0.166666667,[ib_sm_sweep.c:1482]: No configuration change required,session closed for user root
0.166666667,[ib_sm_sweep.c:1482]: No configuration change required,"synchronized to <*>, stratum <\d>"
0.166666667,[ib_sm_sweep.c:1482]: No configuration change required,DHCPDISCOVER from 00:11:43:e3:ba:c3 via eth1
0.166666667,[ib_sm_sweep.c:1482]: No configuration change required,kernel time sync disabled <\d>
0.166666667,[ib_sm_sweep.c:1482]: No configuration change required,Received SNMP packet(s) from #34#
0.166666667,[ib_sm_sweep.c:1482]: No configuration change required,kernel time sync enabled <\d>
0.166666667,[ib_sm_sweep.c:1482]: No configuration change required,HPET id: 0xffffffff base: 0xfed00000
0.166666667,[ib_sm_sweep.c:1482]: No configuration change required,PCI Interrupt Link [LNKB] (IRQs 3 4 5 6 7 10 *11 12)
0.166666667,[ib_sm_sweep.c:1482]: No configuration change required,PCI Interrupt Routing Table [\_SB_<*>_PRT]
0.166666667,[ib_sm_sweep.c:1482]: No configuration change required,PCI Root Bridge [PCI0] (00:00)
0.166666667,[ib_sm_sweep.c:1482]: No configuration change required,Using IOAPIC for interrupt routing
0.166666667,[ib_sm_sweep.c:1482]: No configuration change required,Using ACPI for IRQ routing
0.166666667,[ib_sm_sweep.c:1482]: No configuration change required,Direct-Access ANSI SCSI revision: <\d>
0.166666667,[ib_sm_sweep.c:1482]: No configuration change required,Processor ANSI SCSI revision: <\d>
0.166666667,[ib_sm_sweep.c:1482]: No configuration change required,(C) 2000-2002 Netfilter core team
0.166666667,[ib_sm_sweep.c:1482]: No configuration change required,"md driver 0.90.0 MAX_MD_DEVS=256, MD_SB_DISKS=27"
0.166666667,[ib_sm_sweep.c:1482]: No configuration change required,asking for cache data failed
0.166666667,[ib_sm_sweep.c:1482]: No configuration change required,assuming drive cache: write through
0.166666667,[ib_sm_sweep.c:1482]: No configuration change required,Using 14.318180 MHz HPET timer.
0.166666667,[ib_sm_sweep.c:1482]: No configuration change required,Now running on #29#'s privileges.
0.166666667,[ib_sm_sweep.c:1482]: No configuration change required,Started working: <\d> available service
0.166666667,"synchronized to <*>, stratum <\d>",session closed for user root
0.166666667,"synchronized to <*>, stratum <\d>",[ib_sm_sweep.c:1831]: ********************** NEW SWEEP ********************
0.166666667,"synchronized to <*>, stratum <\d>",[ib_sm_sweep.c:1482]: No configuration change required
0.166666667,"synchronized to <*>, stratum <\d>",DHCPDISCOVER from 00:11:43:e3:ba:c3 via eth1
0.166666667,"synchronized to <*>, stratum <\d>",Received SNMP packet(s) from #34#
0.166666667,"synchronized to <*>, stratum <\d>",PCI Interrupt Link [LNKB] (IRQs 3 4 5 6 7 10 *11 12)
0.166666667,"synchronized to <*>, stratum <\d>",PCI Interrupt Routing Table [\_SB_<*>_PRT]
0.166666667,"synchronized to <*>, stratum <\d>",PCI Root Bridge [PCI0] (00:00)
0.166666667,"synchronized to <*>, stratum <\d>",Using IOAPIC for interrupt routing
0.166666667,"synchronized to <*>, stratum <\d>",Using ACPI for IRQ routing
0.166666667,"synchronized to <*>, stratum <\d>",(C) 2000-2002 Netfilter core team
0.166666667,"synchronized to <*>, stratum <\d>","md driver 0.90.0 MAX_MD_DEVS=256, MD_SB_DISKS=27"
0.166666667,"synchronized to <*>, stratum <\d>",asking for cache data failed
0.166666667,"synchronized to <*>, stratum <\d>",assuming drive cache: write through
0.166666667,"synchronized to <*>, stratum <\d>",Using 14.318180 MHz HPET timer.
0.166666667,"synchronized to <*>, stratum <\d>",Now running on #29#'s privileges.
0.166666667,"synchronized to <*>, stratum <\d>",Started working: <\d> available service
0.166666667,data_thread() got not answer from any [Thunderbird_<*>] datasource,"Trace cache: 12K uops, L1 D cache: 16K"
0.166666667,data_thread() got not answer from any [Thunderbird_<*>] datasource,"routing cache hash table of <\d> buckets, 1024Kbytes"
0.166666667,data_thread() got not answer from any [Thunderbird_<*>] datasource,MegaRAID Model: LD <\d> RAID1 139G Rev: 516A
0.166666667,data_thread() got not answer from any [Thunderbird_<*>] datasource,probe new device 0x1028:0x0013:0x1028:0x016c: bus 2:slot 14:func <\d>
0.166666667,data_thread() got not answer from any [Thunderbird_<*>] datasource,scanning scsi channel <\d> [Phy 0] for non-raid devices
0.148148148,data_thread() got not answer from any [Thunderbird_<*>] datasource,"apic_id <\d>, version 32, address <*>, GSI <\d>-<\d>"
0.111111111,data_thread() got not answer from any [Thunderbird_<*>] datasource,scanning scsi channel <\d> [virtual] for logical drives
