sim,T1,T2
0.55952381,Failed to get next element [HRESULT = 0x800f080d - CBS_E_MANIFEST_INVALID_ITEM],Failed to internally open package. [HRESULT = 0x800f0805 - CBS_E_INVALID_PACKAGE]
0.3,Warning: Unrecognized packageExtended attribute.,TrustedInstaller service starts successfully.
0.3,Warning: Unrecognized packageExtended attribute.,Scavenge: Begin CSI Store
0.3,Warning: Unrecognized packageExtended attribute.,"Scavenge: Completed, disposition: 0X1"
0.2,Expecting attribute name [HRESULT = 0x800f080d - CBS_E_MANIFEST_INVALID_ITEM],TrustedInstaller service starts successfully.
0.2,Expecting attribute name [HRESULT = 0x800f080d - CBS_E_MANIFEST_INVALID_ITEM],"<\d> IAdvancedInstallerAwareStore_ResolvePendingTransactions (call 1) (flags = 00000004, progress = NULL, phase = 0, pdwDisposition = @0xb6fd90"
0.2,Expecting attribute name [HRESULT = 0x800f080d - CBS_E_MANIFEST_INVALID_ITEM],<*>@<\d>/<\d>/<\d>:<\d>:<\d>:<\d>.<\d> CSI perf trace:
0.2,Expecting attribute name [HRESULT = 0x800f080d - CBS_E_MANIFEST_INVALID_ITEM],Warning: Unrecognized packageExtended attribute.
0.2,Expecting attribute name [HRESULT = 0x800f080d - CBS_E_MANIFEST_INVALID_ITEM],Scavenge: Begin CSI Store
0.2,Expecting attribute name [HRESULT = 0x800f080d - CBS_E_MANIFEST_INVALID_ITEM],"Scavenge: Completed, disposition: 0X1"
0.2,Expecting attribute name [HRESULT = 0x800f080d - CBS_E_MANIFEST_INVALID_ITEM],Reboot mark refs: <\d>
0.2,Expecting attribute name [HRESULT = 0x800f080d - CBS_E_MANIFEST_INVALID_ITEM],Offline image is: read-only
0.2,Expecting attribute name [HRESULT = 0x800f080d - CBS_E_MANIFEST_INVALID_ITEM],00000008@2016/9/28:16:00:46.635 PopulateComponentFamiliesKey - Begin
0.2,Expecting attribute name [HRESULT = 0x800f080d - CBS_E_MANIFEST_INVALID_ITEM],00000009@2016/9/28:16:01:03.072 PopulateComponentFamiliesKey - End
0.2,Warning: Unrecognized packageExtended attribute.,"<\d> IAdvancedInstallerAwareStore_ResolvePendingTransactions (call 1) (flags = 00000004, progress = NULL, phase = 0, pdwDisposition = @0xb6fd90"
0.2,Warning: Unrecognized packageExtended attribute.,<*>@<\d>/<\d>/<\d>:<\d>:<\d>:<\d>.<\d> CSI perf trace:
0.2,Warning: Unrecognized packageExtended attribute.,Expecting attribute name [HRESULT = 0x800f080d - CBS_E_MANIFEST_INVALID_ITEM]
0.2,Warning: Unrecognized packageExtended attribute.,Reboot mark refs: <\d>
0.2,Warning: Unrecognized packageExtended attribute.,Offline image is: read-only
0.2,Warning: Unrecognized packageExtended attribute.,00000008@2016/9/28:16:00:46.635 PopulateComponentFamiliesKey - Begin
0.2,Warning: Unrecognized packageExtended attribute.,00000009@2016/9/28:16:01:03.072 PopulateComponentFamiliesKey - End
0.142857143,Failed to get next element [HRESULT = 0x800f080d - CBS_E_MANIFEST_INVALID_ITEM],<*> CSI Store <\d> (<*>) initialized
0.142857143,Failed to get next element [HRESULT = 0x800f080d - CBS_E_MANIFEST_INVALID_ITEM],Session: <\d>_<\d> initialized by client WindowsUpdateAgent.
0.142857143,Failed to get next element [HRESULT = 0x800f080d - CBS_E_MANIFEST_INVALID_ITEM],Reboot mark refs incremented to: <\d>
0.142857143,Failed to get next element [HRESULT = 0x800f080d - CBS_E_MANIFEST_INVALID_ITEM],Session: 11152_142416105 initialized by client SPP.
0.142857143,Session: <\d>_<\d> initialized by client WindowsUpdateAgent.,<*> CSI Store <\d> (<*>) initialized
0.142857143,Session: <\d>_<\d> initialized by client WindowsUpdateAgent.,Failed to get next element [HRESULT = 0x800f080d - CBS_E_MANIFEST_INVALID_ITEM]
0.142857143,Session: <\d>_<\d> initialized by client WindowsUpdateAgent.,Failed to internally open package. [HRESULT = 0x800f0805 - CBS_E_INVALID_PACKAGE]
0.142857143,Session: <\d>_<\d> initialized by client WindowsUpdateAgent.,Reboot mark refs incremented to: <\d>
0.083333333,"Read out cached package applicability for package: <*> ApplicableState: <\d>, CurrentState:<\d>","SQM: Queued <\d> file(s) for upload with pattern: C:\Windows\servicing\sqm\*_all.sqm, flags: 0x6"
