sim,T1,T2
0.666666667,Client attempting to establish new session at /<\d>.<\d>.<\d>.<\d>:<\d>,Client attempting to renew session <*> at /<\d>.<\d>.<\d>.<\d>:<\d>
0.4,Notification time out: <\d>,autopurge.snapRetainCount set to <\d>
0.4,Notification time out: <\d>,tickTime set to <\d>
0.4,Notification time out: <\d>,autopurge.purgeInterval set to <\d>
0.4,Notification time out: <\d>,maxSessionTimeout set to <\d>
0.4,Notification time out: <\d>,minSessionTimeout set to <\d>
0.333333333,Accepted socket connection from /<\d>.<\d>.<\d>.<\d>:<\d>,Getting a snapshot from leader
0.333333333,Interrupting SendWorker,Unexpected Exception:
0.333333333,Interrupting SendWorker,Sending DIFF
0.277777778,Accepted socket connection from /<\d>.<\d>.<\d>.<\d>:<\d>,My election bind port: 0.0.0.0/0.0.0.0:3888
0.25,Interrupted while waiting for message on queue,Closed socket connection for client /<\d>.<\d>.<\d>.<\d>:<\d> (no session established for client)
0.2,Notification time out: <\d>,Received connection request /<\d>.<\d>.<\d>.<\d>:<\d>
0.2,Notification time out: <\d>,Send worker leaving thread
0.2,Notification time out: <\d>,******* GOODBYE /<\d>.<\d>.<\d>.<\d>:<\d> ********
0.2,Notification time out: <\d>,Snapshotting: <*> to /var/lib/zookeeper/version-<\d>/snapshot.<*>
0.2,Send worker leaving thread,Notification time out: <\d>
0.2,Send worker leaving thread,Received connection request /<\d>.<\d>.<\d>.<\d>:<\d>
0.2,Send worker leaving thread,******* GOODBYE /<\d>.<\d>.<\d>.<\d>:<\d> ********
0.2,Send worker leaving thread,autopurge.snapRetainCount set to <\d>
0.2,Send worker leaving thread,tickTime set to <\d>
0.2,Send worker leaving thread,Snapshotting: <*> to /var/lib/zookeeper/version-<\d>/snapshot.<*>
0.2,Send worker leaving thread,autopurge.purgeInterval set to <\d>
0.2,Send worker leaving thread,maxSessionTimeout set to <\d>
0.2,Send worker leaving thread,minSessionTimeout set to <\d>
0.2,Received connection request /<\d>.<\d>.<\d>.<\d>:<\d>,Notification time out: <\d>
0.2,Received connection request /<\d>.<\d>.<\d>.<\d>:<\d>,Send worker leaving thread
0.2,Received connection request /<\d>.<\d>.<\d>.<\d>:<\d>,******* GOODBYE /<\d>.<\d>.<\d>.<\d>:<\d> ********
0.2,Received connection request /<\d>.<\d>.<\d>.<\d>:<\d>,autopurge.snapRetainCount set to <\d>
0.2,Received connection request /<\d>.<\d>.<\d>.<\d>:<\d>,tickTime set to <\d>
0.2,Received connection request /<\d>.<\d>.<\d>.<\d>:<\d>,Snapshotting: <*> to /var/lib/zookeeper/version-<\d>/snapshot.<*>
0.2,Received connection request /<\d>.<\d>.<\d>.<\d>:<\d>,autopurge.purgeInterval set to <\d>
0.2,Received connection request /<\d>.<\d>.<\d>.<\d>:<\d>,maxSessionTimeout set to <\d>
0.2,Received connection request /<\d>.<\d>.<\d>.<\d>:<\d>,minSessionTimeout set to <\d>
0.166666667,caught end of stream exception,Accepted socket connection from /<\d>.<\d>.<\d>.<\d>:<\d>
0.166666667,caught end of stream exception,My election bind port: 0.0.0.0/0.0.0.0:3888
0.166666667,caught end of stream exception,shutdown of request processor complete
0.166666667,caught end of stream exception,Getting a snapshot from leader
0.166666667,Accepted socket connection from /<\d>.<\d>.<\d>.<\d>:<\d>,caught end of stream exception
0.166666667,Accepted socket connection from /<\d>.<\d>.<\d>.<\d>:<\d>,shutdown of request processor complete
0.125,"Expiring session <*>, timeout of <*> exceeded",Interrupted while waiting for message on queue
0.125,"Expiring session <*>, timeout of <*> exceeded",FOLLOWING - LEADER ELECTION TOOK - <\d>
0.125,"Expiring session <*>, timeout of <*> exceeded",Closed socket connection for client /<\d>.<\d>.<\d>.<\d>:<\d> (no session established for client)
0.125,"Expiring session <*>, timeout of <*> exceeded",Follower sid: <\d> : info : org.apache.zookeeper.server.quorum.QuorumPeer$QuorumServer@33557fe4
0.125,Interrupted while waiting for message on queue,"Expiring session <*>, timeout of <*> exceeded"
0.125,Interrupted while waiting for message on queue,FOLLOWING - LEADER ELECTION TOOK - <\d>
0.125,Interrupted while waiting for message on queue,Follower sid: <\d> : info : org.apache.zookeeper.server.quorum.QuorumPeer$QuorumServer@33557fe4
0.111111111,Client attempting to establish new session at /<\d>.<\d>.<\d>.<\d>:<\d>,"New election. My id = 1, proposed zxid=0x700000000"
0.111111111,Client attempting to establish new session at /<\d>.<\d>.<\d>.<\d>:<\d>,Unexpected exception causing shutdown while sock still open
0.1,Cannot open channel to <\d> at election address /<\d>.<\d>.<\d>.<\d>:<\d>,"Have smaller server identifier, so dropping the connection: (2, 1)"
0.090909091,Closed socket connection for client /<\d>.<\d>.<\d>.<\d>:<\d> which had sessionid <*>,Established session <*> with negotiated timeout <\d> for client /<\d>.<\d>.<\d>.<\d>:<\d>
0.090909091,Established session <*> with negotiated timeout <\d> for client /<\d>.<\d>.<\d>.<\d>:<\d>,Closed socket connection for client /<\d>.<\d>.<\d>.<\d>:<\d> which had sessionid <*>
0.0625,Connection request from old client /<\d>.<\d>.<\d>.<\d>:<\d>; will be dropped if server is in r-o mode,"Notification: <\d> (n.leader), 0x700000197 (n.zxid), 0x1 (n.round), LEADING (n.state), <\d> (n.sid), 0x7 (n.peerEPoch), LOOKING (my state)"
0.0625,Connection request from old client /<\d>.<\d>.<\d>.<\d>:<\d>; will be dropped if server is in r-o mode,"Notification: <\d> (n.leader), <*> (n.zxid), <*> (n.round), LOOKING (n.state), <\d> (n.sid), <*> (n.peerEPoch), LOOKING (my state)"
0.0625,Connection request from old client /<\d>.<\d>.<\d>.<\d>:<\d>; will be dropped if server is in r-o mode,"Notification: <\d> (n.leader), 0xb0000007b (n.zxid), 0x2 (n.round), LOOKING (n.state), <\d> (n.sid), 0xb (n.peerEPoch), FOLLOWING (my state)"
0.0625,Connection request from old client /<\d>.<\d>.<\d>.<\d>:<\d>; will be dropped if server is in r-o mode,"Notification: <\d> (n.leader), <*> (n.zxid), 0x2 (n.round), LOOKING (n.state), <\d> (n.sid), <*> (n.peerEPoch), LEADING (my state)"
0.0625,Connection request from old client /<\d>.<\d>.<\d>.<\d>:<\d>; will be dropped if server is in r-o mode,"Notification: <\d> (n.leader), 0xa0000009a (n.zxid), 0x1 (n.round), FOLLOWING (n.state), <\d> (n.sid), 0xa (n.peerEPoch), LEADING (my state)"
0.0625,Connection request from old client /<\d>.<\d>.<\d>.<\d>:<\d>; will be dropped if server is in r-o mode,"Notification: <\d> (n.leader), 0x100001564 (n.zxid), 0x3 (n.round), FOLLOWING (n.state), <\d> (n.sid), 0x2 (n.peerEPoch), FOLLOWING (my state)"
