EventId,EventTemplate,In2kDataset,Occurrences,Complex
0,instruction cache parity error corrected,1,105924,0
2,generating core.<*>,1,1706751,0
3,"<*> ddr errors(s) detected and corrected on rank <*>, symbol <*> bit <*>",1,33939,0
4,<*> L3 <*> error(s) (dcr <*>) detected and corrected,1,4978,0
5,"CE sym <*>, at <*> mask <*>",1,201206,0
6,total of <*> ddr error(s) detected and corrected,1,28485,0
8,"ddr: excessive soft failures, consider replacing the card",0,41,0
10,<*> double-hummer alignment exceptions,1,295764,0
11,<*> tree receiver <*> in re-synch state event(s) (dcr <*>) detected,1,7847,0
12,idoproxydb has been started: $Name: <*> $ Input parameters: -enableflush -loguserinfo db.properties BlueGene1,0,114,0
13,ciodb has been restarted.,0,129,0
17,data TLB error interrupt,1,152734,0
18,instruction address: <*>,1,51227,0
19,machine check interrupt,0,161,0
20,machine check status register: <*>,0,246,0
21,summary...........................<*>,0,244,0
22,instruction plb error.............<*>,0,298,0
23,data read plb error...............<*>,0,297,0
24,data write plb error..............<*>,0,296,0
25,tlb error.........................<*>,0,296,0
26,i-cache parity error..............<*>,0,296,0
27,d-cache search parity error.......<*>,0,294,0
28,d-cache flush parity error........<*>,0,294,0
29,imprecise machine check...........<*>,0,289,0
30,machine state register: <*>,1,8454,0
31,wait state enable.................<*>,1,6745,0
32,critical input interrupt enable...<*>,1,6559,0
33,external input interrupt enable...<*>,0,6556,0
34,"problem state (<*>=sup,<*>=usr).......<*>",1,6546,0
35,floating point instr. enabled.....<*>,1,6541,0
36,machine check enable..............<*>,1,6538,0
37,floating pt ex mode <*> enable......<*>,1,13044,0
38,debug wait enable.................<*>,1,6524,0
39,debug interrupt enable............<*>,1,6521,0
40,instruction address space.........<*>,1,6506,0
41,data address space................<*>,1,6503,0
42,core configuration register: <*>,1,6431,0
43,disable store gathering..................<*>,1,6495,0
44,disable apu instruction broadcast........<*>,0,2396,0
45,disable trace broadcast..................<*>,0,2393,0
46,guaranteed instruction cache block touch.<*>,0,2390,0
47,guaranteed data cache block touch........<*>,1,2389,0
48,force load/store alignment...............<*>,1,2389,0
49,icache prefetch depth....................<*>,1,2389,0
50,icache prefetch threshold................<*>,1,2388,0
51,general purpose registers:,0,2318,0
53,special purpose registers:,1,2316,0
55,rts panic! - stopping execution,1,3983,0
56,<*> torus receiver x+ input pipe error(s) (dcr <*>) detected and corrected,1,2400,0
57,<*> torus receiver x- input pipe error(s) (dcr <*>) detected and corrected,0,1447,0
58,<*> torus receiver y+ input pipe error(s) (dcr <*>) detected and corrected,1,1905,0
59,<*> torus receiver z- input pipe error(s) (dcr <*>) detected and corrected,0,1987,0
60,data address: <*>,1,14499,0
61,rts internal error,1,2187,0
62,<*> torus receiver z+ input pipe error(s) (dcr <*>) detected and corrected,1,1469,0
63,<*> torus receiver y- input pipe error(s) (dcr <*>) detected and corrected,0,1279,0
64,ciod: Message code <*> is not <*> or <*>,1,2278,0
65,ciod: pollControlDescriptors: Detected the debugger died.,1,6443,0
66,ciod: for node <*> read continuation request but ioState is <*>,0,395,0
67,ciod: cpu <*> at treeaddr <*> sent unrecognized message <*>,1,2569,0
71,L3 global control register: <*>,0,48,0
72,start initialization.....................<*>,0,48,0
73,start retagging..........................<*>,0,48,0
74,start flushing...........................<*>,0,48,0
75,start prefetching........................<*>,0,48,0
76,disable speculative access...............<*>,0,48,0
77,close EDRAM pages as soon as possible....<*>,0,48,0
78,size of scratchpad portion of L3.........<*> (<*>),1,48,0
79,disable all access to cache directory....<*>,0,48,0
80,write buffer commit threshold............<*>,0,48,0
81,size of DDR we are caching...............<*> (<*>),0,48,0
82,prefetch depth for core <*>................<*>,0,96,0
83,prefetch depth for PLB slave.............<*>,0,48,0
84,max number of outstanding prefetches.....<*>,0,48,0
85,turn on hidden refreshes.................<*>,0,48,0
86,disable write lines <*>:<*>..................<*>,0,48,0
87,L3 ecc control register: <*>,0,48,0
88,capture first directory correctable error address..<*>,0,48,0
89,capture first directory uncorrectable error address..<*>,0,47,0
90,capture first EDRAM correctable error address..<*>,0,47,0
91,capture first EDRAM uncorrectable error address..<*>,0,47,0
92,capture first EDRAM parity error address..<*>,0,47,0
93,capture first DDR uncorrectable error address..<*>,0,47,0
94,disable flagging of DDR UE's as major internal error.<*>,0,47,0
95,L3 ecc status register: <*>,0,47,0
96,correctable error detected in directory <*>......<*>,0,94,0
97,uncorrectable error detected in directory <*>....<*>,0,94,0
98,correctable error detected in EDRAM bank <*>.....<*>,0,94,0
99,uncorrectable error detected in EDRAM bank <*>...<*>,0,94,0
100,parity error in bank <*>.........................<*>,0,94,0
101,uncorrectable error detected in external <*>.....<*>,0,47,0
102,parity error in read queue <*>...................<*>,0,94,0
103,parity error in read queue PLB.................<*>,0,47,0
104,parity error in write buffer...................<*>,0,47,0
105,number of correctable errors detected in L3 directories...<*>,0,47,0
106,interrupt threshold...<*>,0,94,0
107,number of correctable errors detected in L3 EDRAMs........<*>,0,47,0
108,number of lines with parity errors written to L3 EDRAMs...<*>,0,47,0
109,DDR machine check register: <*> <*>,0,47,0
110,memory and bus summary...........................<*>,0,47,0
111,command manager unit summary.....................<*>,0,47,0
112,memory manager uncorrectable ....................<*>,0,47,0
113,memory manager strobe gate.......................<*>,0,47,0
114,memory manager address parity error..............<*>,0,47,0
115,memory manager miscompare........................<*>,0,47,0
116,memory manager address error.....................<*>,0,47,0
117,memory manager store buffer parity...............<*>,0,47,0
118,memory manager RMW buffer parity.................<*>,0,47,0
119,memory manager refresh...........................<*>,0,47,0
120,memory manager refresh counter timeout...........<*>,0,47,0
121,memory manager refresh contention................<*>,0,47,0
122,state machine....................................<*>,0,47,0
123,memory manager / command manager address parity..<*>,0,47,0
124,regctl scancom interface.........................<*>,0,47,0
125,DDR failing info register: <*>,0,18,0
126,capture valid.........<*>,0,47,0
127,symbol................<*>,0,47,0
128,mask..................<*>,0,47,0
129,miscompare............<*>,0,47,0
130,uncorrectable error...<*>,0,47,0
131,address parity error..<*>,0,47,0
132,correctable error.....<*>,0,47,0
133,qw trapped............<*>,0,47,0
134,chip select...........<*>,0,47,0
135,DDR failing data registers: <*> <*>,0,47,0
136,<*> <*>,0,141,0
137,DDR failing address register: <*> <*>,0,47,0
140,EndServiceAction is restarting the <*> in midplane <*> as part of Service Action <*>,0,537,0
141,EndServiceAction <*> performed upon <*> by <*>,0,233,0
142,Node card is not fully functional,1,17364,0
143,Can not get assembly information for node card,1,17305,0
144,Node card status: no ALERTs are active. Clock Mode is Low. Clock Select is Midplane. Phy JTAG Reset is asserted. ASIC JTAG Reset is asserted. Temperature Mask is not active. No temperature error. Temperature Limit Error Latch is clear. PGOOD IS NOT ASSERTED. PGOOD ERROR LATCH IS ACTIVE. MPGOOD IS NOT OK. MPGOOD ERROR LATCH IS ACTIVE. The 2.5 volt rail is OK. The 1.5 volt rail is OK.,1,16896,0
145,Node card VPD check: <*> node in processor card slot <*> do not match. VPD ecid <*> found <*>,1,21356,0
146,ciod: sendMsgToDebugger: error sending PROGRAM_EXITED message to debugger.,0,3,0
148,<*> torus sender y- retransmission error(s) (dcr <*>) detected and corrected,0,157,0
149,<*> torus sender z+ retransmission error(s) (dcr <*>) detected and corrected,0,180,0
150,<*> torus sender x- retransmission error(s) (dcr <*>) detected and corrected,0,253,0
151,<*> torus sender z- retransmission error(s) (dcr <*>) detected and corrected,0,171,0
152,L3 correctable errors exceeds threshold (iar <*> lr <*>),0,20,0
153,Starting SystemController,0,71,0
154,Controlling BG/L rows [ 0 1 2 3 ],0,20,0
155,Running as background command,0,70,0
156,data storage interrupt,1,63493,0
157,exception syndrome register: <*>,1,18013,0
158,machine check: i-fetch......................<*>,1,18017,0
159,program interrupt: illegal instruction......<*>,1,13920,0
160,program interrupt: privileged instruction...<*>,1,9824,0
161,program interrupt: trap instruction.........<*>,1,9824,0
162,floating point operation....................<*>,0,9824,0
163,store operation.............................<*>,1,9824,0
164,data store interrupt caused by dcbf.........<*>,1,9823,0
165,data store interrupt caused by icbi.........<*>,1,9823,0
166,auxiliary processor.........................<*>,1,8419,0
167,program interrupt: unimplemented operation..<*>,1,8102,0
168,byte ordering exception.....................<*>,1,8102,0
169,program interrupt: imprecise exception......<*>,1,8102,0
170,program interrupt: fp cr update.............<*>,1,8102,0
171,program interrupt: fp compare...............<*>,0,8102,0
172,program interrupt: fp cr field .............<*>,1,8102,0
173,<*> torus processor sram reception error(s) (dcr <*>) detected and corrected,0,66,0
181,suppressing further interrupts of same type,1,7694,0
183,<*> torus sender x+ retransmission error(s) (dcr <*>) detected and corrected,0,237,0
184,BGLMaster has been started: ./BGLMaster --consoleip <*> --consoleport <*> --configfile bglmaster.init,0,6,0
185,BglIdoChip table has <*> IDOs with the same IP address (<*>),0,9,0
188,NodeCard VPD is corrupt,0,10,0
189,"While initializing node card, ido with LP of <*> caught java.lang.IllegalStateException: IDo is not in functional state -- currently in state COMMUNICATION_ERROR",0,9,0
193,"rror threshold, consider replacing the card",0,22,0
195,"error threshold, consider replacing the card",0,23,0
199,job <*> timed out. Block freed.,0,306,0
200,program interrupt,1,3667,0
203,<*> floating point alignment exceptions,1,267725,0
204,<*> torus sender y+ retransmission error(s) (dcr <*>) detected and corrected,0,147,0
207,Node card status: no ALERTs are active. Clock Mode is Low. Clock Select is Midplane. Phy JTAG Reset is asserted. ASIC JTAG Reset is asserted. Temperature Mask is not active. No temperature error. Temperature Limit Error Latch is clear. PGOOD IS NOT ASSERTED. PGOOD ERROR LATCH IS ACTIVE. MPGOOD IS NOT OK. MPGOOD ERROR LATCH IS ACTIVE. THE 2.5 VOLT RAIL IS NOT OK. THE 1.5 VOLT RAIL IS NOT OK.,0,116,0
210,NodeCard temperature sensor chip <*> is not accessible,0,5,0
211,NodeCard power module <*> is not accessible,0,230,0
212,NodeCard VPD chip is not accessible,0,1,0
213,"While initializing node card, ido with LP of <*> caught java.lang.NullPointerException",0,1,0
214,"Node card status: ALERT 0, ALERT 1, ALERT 2, ALERT 3 is (are) active. Clock Mode is Low. Clock Select is Midplane. Phy JTAG Reset is asserted. ASIC JTAG Reset is not asserted. TEMPERATURE MASK IS ACTIVE. No temperature error. Temperature Limit Error Latch is clear. PGOOD is asserted. PGOOD error latch is clear. MPGOOD is OK. MPGOOD error latch is clear. The 2.5 volt rail is OK. The 1.5 volt rail is OK.",0,1,0
216,MailboxMonitor::serviceMailboxes() lib_ido_error: <*> socket closed,0,168,0
217,mmcs_server exited normally with exit code <*>,0,9,0
218,MidplaneSwitchController::sendTrain() port disconnected: <*>,0,24,0
219,Node card status: no ALERTs are active. Clock Mode is Low. Clock Select is Midplane. Phy JTAG Reset is asserted. ASIC JTAG Reset is asserted. Temperature Mask is not active. No temperature error. Temperature Limit Error Latch is clear. PGOOD IS NOT ASSERTED. PGOOD ERROR LATCH IS ACTIVE. MPGOOD is OK. MPGOOD ERROR LATCH IS ACTIVE. The 2.5 volt rail is OK. The 1.5 volt rail is OK.,0,49,0
226,"e error threshold, consider replacing the card",0,1,0
229,<*> torus non-crc error(s) (dcr <*>) detected and corrected,0,62,0
230,shutdown complete,1,99,0
234,PrepareForService is being done on this rack <*> by <*>,0,30,0
235,LinkCard power module <*> is not accessible,0,319,0
236,NodeCard is not fully functional,1,60,0
237,LinkCard is not fully functional,0,248,0
238,this link card is not fully functional,0,22,0
239,no ethernet link,0,14,0
244,Power deactivated: <*>,0,192,0
247,parity error.......<*>,0,1,0
248,machine state register:,0,1,0
249,machine state register: machine state register: machine state register: machine state register: machine state register: machine,0,5,0
250,state register: machine state register: machine state register: machine state register: machine state register: machine state re,0,5,0
251,gister: machine state register: machine state register: machine state register: machine state register: machine state register:,0,5,0
256,<*>,0,857,0
266,Torus non-recoverable error DCRs follow.,0,10,0
267,DCR <*> : <*>,0,130,0
268,mmcs_db_server has been started: <*> --useDatabase BGL --dbproperties serverdb.properties --iolog <*> --reconnect-blocks all,0,2,0
273,MailboxMonitor::serviceMailboxes() lib_ido_error: <*> unexpected socket error: Broken pipe,0,1,0
274,<*> exited abnormally due to signal: Aborted,0,34,0
279,ciodb exited normally with exit code <*>,0,2,0
280,Ido packet timeout,0,4276,0
281,MailboxMonitor::serviceMailboxes() lib_ido_error: <*> BGLERR_IDO_PKT_TIMEOUT connection lost to <*> card,0,14,0
285,mmcs_server exited abnormally due to signal: Segmentation fault,0,3,0
286,monitor caught java.lang.UnsupportedOperationException: power module <*> not present and is stopping,0,2,0
287,While inserting monitor info into DB caught java.lang.NullPointerException,0,2,0
288,"Node card VPD check: missing <*> node, VPD ecid <*> in processor card slot <*>",0,887,0
289,DeclareServiceNetworkCharacteristics has been run but the DB is not empty,0,1,0
290,DeclareServiceNetworkCharacteristics has been run with the force option but the DB is not empty,0,1,0
291,Added <*> subnets and <*> addresses to DB,0,1,0
292,Controlling BG/L rows [ 0 1 2 3 4 5 6 7 ],0,50,0
293,"Problem communicating with service card, ido chip: <*> java.lang.IllegalStateException: IDo is not in functional state -- currently in state COMMUNICATION_ERROR",0,6,0
296,"Expected 10 active FanModules, but found 9 ( Found <*> <*> <*> <*> <*> <*> <*> <*> <*> ).",0,11,0
297,BGLMaster has been started: ./BGLMaster --consoleip <*> --consoleport <*> --configfile bglmaster.init --autorestart y,0,59,0
298,Found invalid node ecid in processor card slot <*> ecid <*>,0,5558,0
299,"Node card status: ALERT 0, ALERT 1, ALERT 2, ALERT 3 is (are) active. Clock Mode is Low. Clock Select is Midplane. Phy JTAG Reset is asserted. ASIC JTAG Reset is not asserted. Temperature Mask is not active. No temperature error. Temperature Limit Error Latch is clear. PGOOD is asserted. PGOOD error latch is clear. MPGOOD is OK. MPGOOD error latch is clear. The 2.5 volt rail is OK. The 1.5 volt rail is OK.",1,171,0
300,idoproxy exited normally with exit code <*>,0,1,0
302,Bad cable going into LinkCard (<*>) Jtag (<*>) Port (<*>) - <*> bad wires,0,232,0
304,Error: unable to mount filesystem,0,720,0
305,Lustre mount FAILED : <*> : block_id : location,1,5105,0
308,Microloader Assertion,0,1504,0
309,VALIDATE_LOAD_IMAGE_CRC_IN_DRAM,0,8,0
315,rts tree/torus link training failed: wanted: <*> got: <*> Z-,1,605,0
320,ciod: generated <*> core files for program <*>,1,62484,0
321,rts: kernel terminated for reason <*>,1,18587,0
326,kernel panic,0,18,0
329,iar <*> dear <*>,1,442966,0
330,"NFS Mount failed on <*> slept <*> seconds, retrying (<*>)",1,2670,0
331,CHECK_INITIAL_GLOBAL_INTERRUPT_VALUES,0,544,0
332,Lustre mount FAILED : <*> : point <*>,1,26426,0
336,EndServiceAction <*> was performed upon <*> by <*>,0,4,0
337,<*> torus sender sram ecc error(s) (dcr <*>) detected and corrected,0,1,0
339,power module status fault detected on node card. status registers are: <*>,0,4,0
340,program,0,1,0
341,floating point unavailable interrupt,0,3,0
342,<*> torus receiver sram ecc error(s) (dcr <*>) detected and corrected,0,5,0
343,"Error getting detailed hw info for node, caught java.io.IOException: Problems with the chip, clear all resets",0,1,0
344,"Error getting detailed hw info for node, caught java.io.IOException: Problems with the chip, could not pull all resets",0,30,0
345,"Error getting detailed hw info for node, caught java.io.IOException: Problems with the chip, could not enable clock domains",0,5,0
346,Node card status: no ALERTs are active. Clock Mode is Low. Clock Select is Midplane. Phy JTAG Reset is asserted. ASIC JTAG Reset is not asserted. Temperature Mask is not active. No temperature error. Temperature Limit Error Latch is clear. PGOOD IS NOT ASSERTED. PGOOD ERROR LATCH IS ACTIVE. MPGOOD IS NOT OK. MPGOOD ERROR LATCH IS ACTIVE. The 2.5 volt rail is OK. The 1.5 volt rail is OK.,0,227,0
347,Node card status: no ALERTs are active. Clock Mode is Low. Clock Select is Midplane. Phy JTAG Reset is asserted. ASIC JTAG Reset is not asserted. Temperature Mask is not active. No temperature error. Temperature Limit Error Latch is clear. PGOOD IS NOT ASSERTED. PGOOD ERROR LATCH IS ACTIVE. MPGOOD IS NOT OK. MPGOOD ERROR LATCH IS ACTIVE. THE 2.5 VOLT RAIL IS NOT OK. THE 1.5 VOLT RAIL IS NOT OK.,0,52,0
348,Node card status: no ALERTs are active. Clock Mode is Low. Clock Select is Midplane. Phy JTAG Reset is asserted. ASIC JTAG Reset is not asserted. Temperature Mask is not active. No temperature error. Temperature Limit Error Latch is clear. PGOOD IS NOT ASSERTED. PGOOD ERROR LATCH IS ACTIVE. MPGOOD is OK. MPGOOD ERROR LATCH IS ACTIVE. The 2.5 volt rail is OK. The 1.5 volt rail is OK.,0,1,0
349,"Error sending packet on tree network, packet at address <*> is not aligned",0,5,0
350,data cache flush parity error detected. attempting to correct,0,65,0
351,data cache search parity error detected. attempting to correct,1,13941,0
352,"ddr: redundant bit steering failed, sequencer timeout",0,1,0
353,ddrSize == 256*1024*1024 || ddrSize == 512*1024*1024,0,1,0
354,rts assertion failed: `personality->version == BGLPERSONALITY_VERSION' in `void start()' at start.cc:<*>,0,2,0
355,L3 major internal error,0,3,0
358,SRAM correctable errors exceeds threshold (iar <*> lr <*>),0,6,0
359,L1 DCACHE summary averages: #ofDirtyLines: <*> out of <*> #ofDirtyDblWord: <*> out of <*>,0,3149,0
360,No power module U58 found found on link card,0,6,0
361,Temperature Over Limit on link card,0,972,0
362,Link PGOOD error latched on link card,0,349,0
364,Local PGOOD error latched on link card,0,4,0
365,BGLMaster has been started: ./BGLMaster --consoleip <*> --consoleport <*> --configfile bglmaster.init --autorestart y --db2profile <*> --dbproperties db.properties,0,31,0
374,<*> tree receiver <*> in re-synch state event(s) (dcr <*>) detected over <*> seconds,1,3148,0
375,<*> torus receiver z+ input pipe error(s) (dcr <*>) detected and corrected over <*> seconds,0,445,0
376,"<*> ddr error(s) detected and corrected on rank <*>, symbol <*> over <*> seconds",1,10436,0
377,total of <*> ddr error(s) detected and corrected over <*> seconds,1,10415,0
378,<*> torus receiver y+ input pipe error(s) (dcr <*>) detected and corrected over <*> seconds,0,627,0
383,<*> torus receiver x+ input pipe error(s) (dcr <*>) detected and corrected over <*> seconds,0,868,0
384,<*> torus receiver z- input pipe error(s) (dcr <*>) detected and corrected over <*> seconds,0,751,0
385,<*> L3 <*> error(s) (dcr <*>) detected and corrected over <*> seconds,1,1514,0
386,idoproxy communication failure: socket closed,0,41,0
387,Machine Check Status Register: <*>,0,56,0
388,machine check summary.............<*>,0,56,0
389,Machine State Register: <*>,1,69,0
390,Core Configuration Register <*>: <*>,0,69,0
391,DDR failing info register: DDR Fail Info Register: <*>,0,29,0
392,General Purpose Registers:,0,69,0
394,Special Purpose Registers:,0,68,0
398,Floating Point Status and Control Register: <*>,0,68,0
399,exception summary........................<*>,0,68,0
400,enabled exception summary................<*>,0,68,0
401,invalid operation exception summary......<*>,0,68,0
402,overflow exception.......................<*>,0,68,0
403,underflow exception......................<*>,0,68,0
404,divide-by-zero exception.................<*>,0,68,0
405,inexact exception........................<*>,0,68,0
406,invalid (SNAN)...........................<*>,0,68,0
407,invalid (Inf-Inf)........................<*>,0,68,0
408,invalid (Inf/Inf)........................<*>,0,68,0
409,invalid (Zero/Zero)......................<*>,0,68,0
410,invalid (Inf/Zero).......................<*>,0,68,0
411,invalid (compare)........................<*>,0,68,0
412,fraction rounded.........................<*>,1,68,0
413,fraction inexact.........................<*>,0,68,0
414,quiet NaN................................<*>,0,68,0
415,minus inf................................<*>,0,68,0
416,minus normalized number..................<*>,1,68,0
417,minus denormalized number................<*>,0,68,0
418,minus zero...............................<*>,0,68,0
419,plus zero................................<*>,0,68,0
420,plus denormalized number.................<*>,0,68,0
421,plus normalized number...................<*>,0,68,0
422,plus infinity............................<*>,0,68,0
423,reserved.................................<*>,0,68,0
424,invalid operation exception (software)...<*>,0,68,0
425,invalid operation exception (sqrt).......<*>,0,68,0
426,invalid operation exception (int cnvt)...<*>,0,68,0
427,enable invalid operation exceptions......<*>,0,68,0
428,enable overflow exceptions...............<*>,0,68,0
429,enable underflow exceptions..............<*>,0,68,0
430,enable divide-by-zero exceptions.........<*>,0,68,0
431,enable inexact exceptions................<*>,0,68,0
432,enable non-IEEE mode.....................<*>,0,68,0
433,round nearest............................<*>,0,68,0
434,round toward zero........................<*>,0,68,0
435,round toward +infinity...................<*>,0,68,0
436,round toward -infinity...................<*>,0,68,0
437,Floating Point Registers:,0,68,0
441,Power Good signal deactivated: <*> A service action may be required.,0,94,0
442,<*> torus sender z+ retransmission error(s) (dcr <*>) detected and corrected over <*> seconds,0,159,0
443,<*> torus sender y+ retransmission error(s) (dcr <*>) detected and corrected over <*> seconds,0,157,0
444,<*> torus receiver x- input pipe error(s) (dcr <*>) detected and corrected over <*> seconds,0,435,0
445,<*> torus sender x- retransmission error(s) (dcr <*>) detected and corrected over <*> seconds,0,201,0
447,EndServiceAction is restarting the <*> cards in Midplane <*> as part of Service Action <*>,0,51,0
448,<*> torus sender x+ retransmission error(s) (dcr <*>) detected and corrected over <*> seconds,0,193,0
449,<*> torus receiver y- input pipe error(s) (dcr <*>) detected and corrected over <*> seconds,0,386,0
450,<*> torus sender y- retransmission error(s) (dcr <*>) detected and corrected over <*> seconds,0,169,0
451,<*> torus sender z- retransmission error(s) (dcr <*>) detected and corrected over <*> seconds,1,155,0
455,"com.ibm.bgldevices.BulkPowerModule with VPD of com.ibm.bgldevices.BulkPowerModule$VpdReply: IBM Part Number: 53P5763, Vendor: Cherokee International, Vendor Serial Number: 4274124, Assembly Revision: .A, Code Revision: B.1, Manufacture Date: during week 27 of 2004, Manufacture Location: Tustin, CA, USA is usable but not a supported version",0,4,0
456,monitor caught java.lang.IllegalStateException: while executing CONTROL Operation caught java.io.EOFException and is stopping,0,1,0
457,monitor caught java.lang.IllegalStateException: while executing <*> Operation caught java.net.SocketException: Broken pipe and is stopping,0,190,0
458,While reading FanModule caught java.lang.IllegalStateException: while executing I2C Operation caught java.net.SocketException: Broken pipe,0,8,0
459,Hardware monitor caught java.lang.IllegalStateException: while executing I2C Operation caught java.net.SocketException: Broken pipe and is stopping,0,4,0
460,While setting fan speed caught java.lang.IllegalStateException: while executing I2C Operation caught java.lang.IllegalStateException: client not in a usable state because java.net.SocketException: Broken pipe,0,8,0
461,While reading FanModule caught java.lang.IllegalStateException: while executing I2C Operation caught java.lang.IllegalStateException: client not in a usable state because java.lang.IllegalStateException: client not in a usable state because java.net.SocketException: Broken pipe,0,8,0
462,While setting fan speed caught java.lang.IllegalStateException: while executing I2C Operation caught java.lang.IllegalStateException: client not in a usable state because java.lang.IllegalStateException: client not in a usable state because java.lang.IllegalStateException: client not in a usable state because java.net.SocketException: Broken pipe,0,8,0
463,While reading FanModule caught java.lang.IllegalStateException: while executing I2C Operation caught java.lang.IllegalStateException: client not in a usable state because java.lang.IllegalStateException: client not in a usable state because java.lang.IllegalStateException: client not in a usable state because java.lang.IllegalStateException: client not in a usable state because java.net.SocketException: Broken pipe,0,8,0
464,While setting fan speed caught java.lang.IllegalStateException: while executing I2C Operation caught java.lang.IllegalStateException: client not in a usable state because java.lang.IllegalStateException: client not in a usable state because java.lang.IllegalStateException: client not in a usable state because java.lang.IllegalStateException: client not in a usable state because java.lang.IllegalStateException: client not in a usable state because java.net.SocketException: Broken pipe,0,7,0
465,While reading FanModule caught java.lang.IllegalStateException: while executing I2C Operation caught java.lang.IllegalStateException: client not in a usable state because java.lang.IllegalStateException: client not in a usable state because java.lang.IllegalStateException: client not in a usable state because java.lang.IllegalStateException: client not in a usable state because java.lang.IllegalStateException: client not in a usable state because java.lang.IllegalStateException: client not in a usable state because java.net.SocketException: Broken pipe,0,7,0
466,While setting fan speed caught java.lang.IllegalStateException: while executing I2C Operation caught java.lang.IllegalStateException: client not in a usable state because java.lang.IllegalStateException: client not in a usable state because java.lang.IllegalStateException: client not in a usable state because java.lang.IllegalStateException: client not in a usable state because java.lang.IllegalStateException: client not in a usable state because java.lang.IllegalStateException: client not in a usable state because java.lang.IllegalStateException: client not in a usable state because java.net.SocketException: Broken pipe,0,5,0
467,While reading FanModule caught java.lang.IllegalStateException: while executing I2C Operation caught java.lang.IllegalStateException: client not in a usable state because java.lang.IllegalStateException: client not in a usable state because java.lang.IllegalStateException: client not in a usable state because java.lang.IllegalStateException: client not in a usable state because java.lang.IllegalStateException: client not in a usable state because java.lang.IllegalStateException: client not in a usable state because java.lang.IllegalStateException: client not in a usable state because java.lang.IllegalStateException: client not in a usable state because java.net.SocketException: Broken pipe,0,5,0
468,While setting fan speed caught java.lang.IllegalStateException: while executing I2C Operation caught java.lang.IllegalStateException: client not in a usable state because java.lang.IllegalStateException: client not in a usable state because java.lang.IllegalStateException: client not in a usable state because java.lang.IllegalStateException: client not in a usable state because java.lang.IllegalStateException: client not in a usable state because java.lang.IllegalStateException: client not in a usable state because java.lang.IllegalStateException: client not in a usable state because java.lang.IllegalStateException: client not in a usable state because java.lang.IllegalStateException: client not in a usable state because java.net.SocketException: Broken pipe,0,3,0
469,While reading FanModule caught java.lang.IllegalStateException: while executing I2C Operation caught java.lang.IllegalStateException: client not in a usable state because java.lang.IllegalStateException: client not in a usable state because java.lang.IllegalStateException: client not in a usable state because java.lang.IllegalStateException: client not in a usable state because java.lang.IllegalStateException: client not in a usable state because java.lang.IllegalStateException: client not in a usable state because java.lang.IllegalStateException: client not in a usable state because java.lang.IllegalStateException: client not in a usable state because java.lang.IllegalStateException: client not in a usable state because java.lang.IllegalStateException: client not in a usable state because java.net.SocketException: Broken pipe,0,3,0
470,Hardware monitor caught java.net.SocketException: Broken pipe and is stopping,0,77,0
474,Exception Syndrome Register: <*>,0,4,0
476,idoproxy communication failure: BGLERR_IDO_PKT_TIMEOUT connection lost to <*> card,0,2,0
479,MidplaneSwitchController::clearPort() bll_clear_port failed: <*>,0,2,0
482,<*> torus receiver sram ecc error(s) (dcr <*>) detected and corrected over <*> seconds,0,1,0
483,<*> microseconds spent in the rbs signal handler during <*> calls. <*> microseconds was the maximum time for a single instance of a correctable ddr.,1,135092,0
484,"<*> total interrupts. <*> critical input interrupts. <*> microseconds total spent on critical input interrupts, <*> microseconds max time in a critical input interrupt.",1,135092,0
485,instance of a correctable ddr. RAS KERNEL INFO <*> microseconds spent in the rbs signal handler during <*> calls. <*> microseconds was the maximum time for a single instance of a correctable ddr.,0,4,0
486,"max time in a cr RAS KERNEL INFO <*> total interrupts. <*> critical input interrupts. <*> microseconds total spent on critical input interrupts, <*> microseconds max time in a critical input interrupt.",0,4,0
488,ddr: Suppressing further CE interrupts,0,302,0
489,instruction TLB error interrupt,0,1,0
490,"Kernel detected <*> integer alignment exceptions (<*>) iar <*>, dear <*> (<*>) iar <*>, dear <*> (<*>) iar <*>, dear <*> (<*>) iar <*>, dear <*> (<*>) iar <*>, dear <*> (<*>) iar <*>, dear <*> (<*>) iar <*>, dear <*> (<*>) iar <*>, dear <*>",1,22175,0
491,"dear <*> (<*> RAS KERNEL INFO Kernel detected <*> integer alignment exceptions (<*>) iar <*>, dear <*> (<*>) iar <*>, dear <*> (<*>) iar <*>, dear <*> (<*>) iar <*>, dear <*> (<*>) iar <*>, dear <*> (<*>) iar <*>, dear <*> (<*>) iar <*>, dear <*> (<*>) iar <*>, dear <*>",0,2,0
493,<*> torus processor sram injection error(s) (dcr <*>) detected and corrected over <*> seconds,0,1,0
496,<*> torus processor sram reception error(s) (dcr <*>) detected and corrected over <*> seconds,0,13,0
497,"rts assertion failed: `vaddr % PAGE_SIZE_1M == <*>' in `int initializeAppMemory(int, TLBEntry&, unsigned int, unsigned int)' at mmu.cc:<*>",0,1,0
498,ciod: for node <*> incomplete data written to core file <*>,0,38,0
499,<*> torus non-crc error(s) (dcr <*>) detected and corrected over <*> seconds,0,1,0
9,"ciod: Error loading <*>: invalid or missing program image, No such file or directory",1,47504,0
190,ciod: Unexpected eof at line <*> of node map file <*>,0,328,0
191,ciod: Error creating node map from file <*> No child processes,1,320,0
197,"ciod: Error loading <*>: program image too big, <*> > <*>",1,1512,0
201,ciod: X coordinate <*> exceeds physical dimension <*> at line <*> of node map file <*>,0,168,0
202,ciod: Error creating node map from file <*>: Cannot allocate memory,0,144,0
227,ciod: Error opening node map file <*> No such file or directory,0,1936,0
228,ciod: Error creating node map from file <*> Bad file descriptor,1,1936,0
242,ciod: Missing or invalid fields on line <*> of node map file <*>,1,2048,0
243,ciod: Error creating node map from file <*> Resource temporarily unavailable,0,2048,0
258,ciod: duplicate canonical-rank <*> to logical-rank <*> mapping at line <*> of node map file <*>,1,512,0
259,ciod: Error creating node map from file <*>: Device or resource busy,0,512,0
260,ciod: T coordinate <*> exceeds physical dimension <*> at line <*> of node map file <*>,0,1016,0
261,ciod: Error creating node map from file <*> Block device required,1,1016,0
262,ciod: Y coordinate <*> exceeds physical dimension <*> at line <*> of node map file <*>,0,1272,0
263,ciod: Error creating node map from file <*> Permission denied,1,1272,0
275,"ciod: Error loading <*>: invalid or missing program image, Exec format error",1,22032,0
276,ciod: Z coordinate <*> exceeds physical dimension <*> at line <*> of node map file <*>,1,1056,0
277,ciod: Error creating node map from file <*>: Bad address,0,1056,0
282,ciod: Error reading message prefix after LOGIN_MESSAGE on CioStream socket to <*>: Link has been severed,0,5683,0
312,ciod: Error reading message prefix after LOAD_MESSAGE on CioStream socket to <*>: Link has been severed,1,15273,0
313,ciod: Error reading message prefix after LOAD_MESSAGE on CioStream socket to <*>: Connection reset by peer,0,114,0
317,"ciod: Error loading <*>: invalid or missing program image, Permission denied",1,43040,0
318,ciod: Error reading message prefix after VERSION_MESSAGE on CioStream socket to <*>: Link has been severed,0,2048,0
319,ciod: Error reading message prefix after UNKNOWN on CioStream socket to <*>: Link has been severed,0,101,0
363,"ciod: Error loading <*>: invalid or missing program image, No such device",0,8,0
366,mmcs_db_server has been started: ./mmcs_db_server --useDatabase BGL --dbproperties db.properties --iolog <*> --reconnect-blocks all --shutdown-timeout <*>,0,16,0
446,"ciod: Error reading message prefix on CioStream socket to <*>, Link has been severed",1,26546,0
473,"ciod: Error reading message prefix on CioStream socket to <*>, Connection timed out",1,1991,0
480,ciod: Error creating node map from file <*>: No such file or directory,0,24,0
481,ciod: Error creating node map from file <*>: Argument list too long,0,8,0
492,ciod: Error loading <*>: not a CNK program image,0,1024,0
494,ciod: LOGIN chdir(<*>) failed: Input/output error,1,816,0
264,<*> max=<*>,0,116,1
52,<*>:<*> <*>:<*> <*>:<*> <*>:<*>,0,18541,1
272,ax=<*>,0,13,1
454,"ciod: Error reading message prefix on CioStream socket to <*>, Connection reset by peer",1,2256,1
16,ciod: failed to read message prefix on control stream (CioStream socket to <*>:<*>,1,5983,1
241,ciod: In packet from node <*> (<*>) message code <*> is not <*> or <*> (softheader=<*> <*> <*> <*>),1,176,1
477,ciod: In packet from node <*> (<*>) message still ready for node <*> (softheader=<*> <*> <*> <*>),0,2,1
15,ciod: LOGIN chdir(<*>) failed: No such file or directory,1,43647,1
69,ciod: LOGIN shcir(<*>) failed: Permission denied,0,472,1
439,"ciod: Received signal <*>, code=<*>, errno=<*>, address=<*>",1,39457,1
270,critical input interrupt (unit=<*> bit=<*>): warning for torus x- wire,0,851,1
373,"critical input interrupt (unit=<*> bit=<*>): warning for torus x- wire, suppressing further interrupts of same type",0,241,1
224,critical input interrupt (unit=<*> bit=<*>): warning for torus x+ wire,0,694,1
382,"critical input interrupt (unit=<*> bit=<*>): warning for torus x+ wire, suppressing further interrupts of same type",0,161,1
269,critical input interrupt (unit=<*> bit=<*>): warning for torus y- wire,0,420,1
371,"critical input interrupt (unit=<*> bit=<*>): warning for torus y- wire, suppressing further interrupts of same type",0,146,1
222,critical input interrupt (unit=<*> bit=<*>): warning for torus y+ wire,1,1016,1
372,"critical input interrupt (unit=<*> bit=<*>): warning for torus y+ wire, suppressing further interrupts of same type",0,500,1
223,critical input interrupt (unit=<*> bit=<*>): warning for torus z- wire,1,1315,1
380,"critical input interrupt (unit=<*> bit=<*>): warning for torus z- wire, suppressing further interrupts of same type",0,649,1
220,critical input interrupt (unit=<*> bit=<*>): warning for torus z+ wire,0,1141,1
367,"critical input interrupt (unit=<*> bit=<*>): warning for torus z+ wire, suppressing further interrupts of same type",1,617,1
245,critical input interrupt (unit=<*> bit=<*>): warning for tree A0 wire,0,245,1
379,"critical input interrupt (unit=<*> bit=<*>): warning for tree A0 wire, suppressing further interrupts of same type",0,111,1
221,critical input interrupt (unit=<*> bit=<*>): warning for tree A1 wire,0,557,1
369,"critical input interrupt (unit=<*> bit=<*>): warning for tree A1 wire, suppressing further interrupts of same type",0,145,1
283,critical input interrupt (unit=<*> bit=<*>): warning for tree B0 wire,0,211,1
453,"critical input interrupt (unit=<*> bit=<*>): warning for tree B0 wire, suppressing further interrupts of same type",0,64,1
284,critical input interrupt (unit=<*> bit=<*>): warning for tree B1 wire,0,149,1
381,"critical input interrupt (unit=<*> bit=<*>): warning for tree B1 wire, suppressing further interrupts of same type",0,51,1
271,critical input interrupt (unit=<*> bit=<*>): warning for tree C0 wire,0,74,1
370,"critical input interrupt (unit=<*> bit=<*>): warning for tree C0 wire, suppressing further interrupts of same type",0,113,1
198,critical input interrupt (unit=<*> bit=<*>): warning for tree C1 wire,0,1009,1
368,"critical input interrupt (unit=<*> bit=<*>): warning for tree C1 wire, suppressing further interrupts of same type",1,748,1
397,dbcr0=<*> dbsr=<*> ccr0=<*>,1,68,1
357,ddr: activating redundant bit steering for next allocation: rank=<*> symbol=<*>,0,492,1
7,ddr: activating redundant bit steering: rank=<*> symbol=<*>,0,1314,1
194,"ddr: Unable to steer rank=<*>, <*> - rank is already steering symbol <*> Due to multiple symbols being over the correctable",0,23,1
192,"ddr: Unable to steer rank=<*>, <*> - rank is already steering symbol <*>. Due to multiple symbols being over the correctable e",0,22,1
225,"ddr: Unable to steer rank=<*>, symbol=<*> - rank is already steering symbol <*>. Due to multiple symbols being over the correctabl",0,1,1
316,"ddr: Unable to steer rank=<*>, symbol=<*> - rank is already steering symbol <*>. Due to multiple symbols being over the correctable error threshold, consider replacing the card",0,197,1
356,"Error receiving packet on tree network, expecting type <*> instead of type <*> (softheader=<*> <*> <*> <*>) PSR0=<*> PSR1=<*> PRXF=<*> PIXF=<*>",1,6144,1
495,"Error receiving packet on tree network, packet index <*> greater than max <*> (softheader=<*> <*> <*> <*>) PSR0=<*> PSR1=<*> PRXF=<*> PIXF=<*>",0,1,1
327,external input interrupt (unit=<*> bit=<*>): <*> tree receiver <*> in resynch mode,0,1,1
180,external input interrupt (unit=<*> bit=<*>): number of corrected SRAM errors has exceeded threshold,0,39,1
487,"external input interrupt (unit=<*> bit=<*>): number of corrected SRAM errors has exceeded threshold, suppressing further interrupts of same type",0,57,1
178,external input interrupt (unit=<*> bit=<*>): torus sender x- retransmission error was corrected,0,92,1
179,external input interrupt (unit=<*> bit=<*>): torus sender x+ retransmission error was corrected,0,140,1
176,external input interrupt (unit=<*> bit=<*>): torus sender y- retransmission error was corrected,0,259,1
174,external input interrupt (unit=<*> bit=<*>): torus sender y+ retransmission error was corrected,0,261,1
175,external input interrupt (unit=<*> bit=<*>): torus sender z- retransmission error was corrected,0,289,1
177,external input interrupt (unit=<*> bit=<*>): torus sender z+ retransmission error was corrected,0,281,1
338,external input interrupt (unit=<*> bit=<*>): tree header with no target waiting,0,1,1
265,external input interrupt (unit=<*> bit=<*>): uncorrectable torus error,0,10,1
438,fpr<*>=<*> <*> <*> <*>,1,2176,1
182,Ido chip status changed: <*> ip=<*> v=<*> t=<*> status=M <*>,1,11904,1
306,"idoproxydb hit ASSERT condition: ASSERT expression=<*> Source file=<*> Source line=<*> Function=int IdoTransportMgr::SendPacket(IdoUdpMgr*, BglCtlPavTrace*)",1,84253,1
54,lr:<*> cr:<*> xer:<*> ctr:<*>,1,2316,1
395,lr=<*> cr=<*> xer=<*> ctr=<*>,0,68,1
472,MACHINE CHECK DCR read timeout (mc=<*> iar <*> lr <*>),1,14481,1
68,machine check interrupt (bit=<*>): L2 dcache unit <*> parity error,0,72,1
147,machine check interrupt (bit=<*>): L2 DCU read error,0,3,1
70,machine check interrupt (bit=<*>): L3 major internal error,0,57,1
231,machine check interrupt (bit=<*>): Torus/Tree/GI read error <*>,0,2,1
471,MACHINE CHECK PLB write IRQ (mc=<*> iar <*> lr <*>),0,1,1
255,max=<*>,0,130,1
1,MidplaneSwitchController performing bit sparing on <*>-<*>-<*>-<*>-<*> bit <*>,0,964,1
257,MidplaneSwitchController::parityAlignment() pap failed: <*> status=<*> <*>,0,14,1
314,"MidplaneSwitchController::receiveTrain() iap failed: <*>, status=<*> <*>",0,166,1
303,Missing reverse cable: Cable <*> <*> <*> (<*>) --> <*> <*> <*> (<*>) is present BUT the reverse cable <*> <*> <*> (<*>) --> <*> <*> <*> (<*>) is missing,0,522,1
335,mmcs_db_server has been started: ./mmcs_db_server --useDatabase BGL --dbproperties ./serverdb.properties --iolog <*> --reconnect-blocks all,0,1,1
334,mmcs_db_server has been started: ./mmcs_db_server --useDatabase BGL --dbproperties db.properties --iolog <*> --reconnect-blocks all,0,1,1
475,mmcs_db_server has been started: ./mmcs_db_server --useDatabase BGL --dbproperties db.properties --iolog <*> --reconnect-blocks all --shutdown-timeout <*> --shutdown-timeout <*>,0,18,1
14,mmcs_db_server has been started: ./mmcs_db_server --useDatabase BGL --dbproperties serverdb.properties --iolog <*> --reconnect-blocks all,0,59,1
333,mmcs_db_server has been started: ./mmcs_db_server --useDatabase BGL --dbproperties serverdb.properties --iolog <*> --reconnect-blocks all --no-reconnect-blocks,0,2,1
328,mmcs_db_server has been started: ./mmcs_db_server --useDatabase BGL --dbproperties serverdb.properties --iolog <*> --reconnect-blocks all --shutdown-timeout <*>,0,56,1
396,msr=<*> dear=<*> esr=<*> fpscr=<*>,0,68,1
252,New ido chip inserted into the database: <*> ip=<*> v=<*> t=<*>,1,3455,1
138,"PrepareForService is being done on this card(mLctn(<*>), mCardSernum(<*>), mLp(<*>), mIp(<*>), mType(<*>)) by root",0,5,1
232,"PrepareForService is being done on this Midplane (mLctn(<*>), mCardSernum(<*>)) by <*>",0,249,1
196,"PrepareForService is being done on this part (mLctn(<*>), mCardSernum(<*>), mLp(<*>), mIp(<*>), mType(<*>)) by <*>",0,131,1
478,"PrepareForService shutting down Link Card(mLctn(<*>), mCardSernum(<*>), mLp(<*>), mIp(<*>), mType(<*>)) as part of Service Action <*>",0,28,1
233,"PrepareForService shutting down LinkCard(mLctn(<*>), mCardSernum(<*>), mLp(<*>), mIp(<*>), mType(<*>)) as part of Service Action <*>",0,794,1
440,"PrepareForService shutting down Node Card(mLctn(<*>), mCardSernum(<*>), mLp(<*>), mIp(<*>), mType(<*>)) as part of Service Action <*>",1,687,1
139,"PrepareForService shutting down NodeCard(mLctn(<*>), mCardSernum(<*>), mLp(<*>), mIp(<*>), mType(<*>)) as part of Service Action <*>",1,1522,1
310,"Problem communicating with link card iDo machine with LP of <*>, caught java.lang.IllegalStateException: while executing I2C Operation caught java.lang.RuntimeException: Communication error: (DirectIDo for com.ibm.ido.DirectIDo object [<*>@/<*>:<*> with image version <*> and card type <*>] is in state = <*>, sequenceNumberIsOk = <*>, ExpectedSequenceNumber = <*>, Reply Sequence Number = <*>, timedOut = <*>, retries = <*>, timeout = <*>, Expected Op Command = <*>, Actual Op Reply = <*>, Expected Sync Command = <*>, Actual Sync Reply = <*>)",0,1,1
209,"Problem communicating with node card, iDo machine with LP of <*> caught java.lang.IllegalStateException: while executing CONTROL Operation caught java.lang.RuntimeException: Communication error: (DirectIDo for com.ibm.ido.DirectIDo object [<*>@/<*>:<*> with image version <*> and card type <*>] is in state = <*>, sequenceNumberIsOk = <*>, ExpectedSequenceNumber = <*>, Reply Sequence Number = <*>, timedOut = <*>, retries = <*>, timeout = <*>00, Expected Op Command = <*>, Actual Op Reply = <*>, Expected Sync Command = <*>, Actual Sync Reply = <*>)",0,14,1
205,"Problem communicating with node card, iDo machine with LP of <*> caught java.lang.IllegalStateException: while executing I2C Operation caught java.lang.RuntimeException: Communication error: (DirectIDo for com.ibm.ido.DirectIDo object [<*>@/<*>:<*> with image version <*> and card type <*>] is in state = <*>, sequenceNumberIsOk = <*>, ExpectedSequenceNumber = <*> Reply Sequence Number = <*>, timedOut = true, retries = <*>, timeout = <*>, Expected Op Command = <*>, Actual Op Reply = <*>, Expected Sync Command = <*>, Actual Sync Reply = <*>)",0,6,1
311,"Problem communicating with service card, ido chip: <*> java.lang.IllegalStateException: while executing CONTROL Operation caught java.lang.RuntimeException: Communication error: (DirectIDo for com.ibm.ido.DirectIDo object [<*>@/<*>:<*> with image version <*> and card type <*>] is in state = <*>, sequenceNumberIsOk = <*>, ExpectedSequenceNumber = <*> Reply Sequence Number = <*> timedOut = <*>, retries = <*>, timeout = <*>, Expected Op Command = <*>, Actual Op Reply = <*> Expected Sync Command = <*>, Actual Sync Reply = <*>",0,2,1
301,"Problem communicating with service card, ido chip: <*>. java.io.IOException: Could not find EthernetSwitch on port:address <*>:<*>",0,166,1
246,"Problem reading the ethernet arl entries fro the service card: java.lang.IllegalStateException: while executing I2C Operation caught java.lang.RuntimeException: Communication error: (DirectIDo for com.ibm.ido.DirectIDo object [<*>@/<*>:<*> with image version <*> and card type <*>] is in state = <*>, sequenceNumberIsOk = <*>, ExpectedSequenceNumber = <*> Reply Sequence Number = <*> timedOut = <*>, retries = <*>, timeout = <*>, Expected Op Command = <*>, Actual Op Reply = <*> Expected Sync Command = <*>, Actual Sync Reply = <*>",0,4,1
393,r<*>=<*> r<*>=<*> r<*>=<*> r<*>=<*>,1,547,1
322,rts: bad message header: cpu <*> invalid (softheader=<*> <*> <*> <*>) PSR0=<*> PSR1=<*> PRXF=<*> PIXF=<*>,0,619,1
325,rts: bad message header: expecting type <*> instead of type <*> (softheader=<*> <*> <*> <*>) PSR0=<*> PSR1=<*> PRXF=<*> PIXF=<*>,1,1146,1
324,rts: bad message header: index <*> greater than total <*> (softheader=<*> <*> <*> <*>) PSR0=<*> PSR1=<*> PRXF=<*> PIXF=<*>,0,238,1
323,rts: bad message header: packet index <*> greater than max 366 (softheader=<*> <*> <*> <*>) PSR0=<*> PSR1=<*> PRXF=<*> PIXF=<*>,0,114,1
253,"rts: kernel terminated for reason 1001rts: bad message header: invalid cpu, type=<*> cpu=<*> index=<*> total=<*>",1,3334,1
254,"rts: kernel terminated for reason 1002rts: bad message header: too many packets, type=<*>, cpu=<*>, index=<*>, total=<*>,",0,278,1
240,"rts: kernel terminated for reason 1004rts: bad message header: expecting type <*>, type=<*>, cpu=<*>, index=<*>, total=<*>",0,1139,1
186,SerialNumber(<*>) IpAddress(<*>) Status(<*>),0,64,1
215,Target=ido://<*> Message=<*>,0,69,1
452,Target=ido://<*> Message=<*> JtagId = <*> Run environmental monitor to diagnose possible hardware failure.,0,2,1
307,"Target=ido://<*> Message=JtagId All all zeros, power good may be low",0,4,1
295,"While initializing link card iDo machine with LP of <*> caught java.io.IOException: Could not contact iDo with LP=<*> and IP=<*> because java.lang.RuntimeException: Communication error: (DirectIDo for Uninitialized DirectIDo for <*>@/<*>:<*> is in state = <*>, sequenceNumberIsOk = <*>, ExpectedSequenceNumber = <*>, Reply Sequence Number = <*>, timedOut = <*>, retries = <*>, timeout = <*>, Expected Op Command = <*>, Actual Op Reply = <*>, Expected Sync Command = <*>, Actual Sync Reply = <*>)",0,30,1
187,"While initializing node card iDo machine with LP of <*> caught java.io.IOException: Could not contact iDo with <*> and IP=/<*> because java.lang.RuntimeException: Communication error: (DirectIDo for Uninitialized DirectIDo for <*>@/<*> is in state = <*>, sequenceNumberIsOk = <*>, ExpectedSequenceNumber = <*>, Reply Sequence Number = <*>, timedOut = <*>, retries = <*>, timeout = <*>, Expected Op Command = <*>, Actual Op Reply = <*>, Expected Sync Command = <*>, Actual Sync Reply = <*>)",0,490,1
208,"While initializing node card, ido with LP of <*> caught java.lang.IllegalStateException: while executing CONTROL Operation caught java.lang.RuntimeException: Communication error: (DirectIDo for com.ibm.ido.DirectIDo object [<*>@/<*>:<*> with image version <*> and card type <*>] is in state = <*>, sequenceNumberIsOk = <*>, ExpectedSequenceNumber = <*> Reply Sequence Number = <*>, timedOut = <*>, retries = <*>, timeout = <*>, Expected Op Command = <*>, Actual Op Reply = <*>, Expected Sync Command = <*>, Actual Sync Reply = <*>)",0,7,1
206,"While initializing node card, ido with LP of <*> caught java.lang.IllegalStateException: while executing I2C Operation caught java.lang.RuntimeException: Communication error: (DirectIDo for com.ibm.ido.DirectIDo object [<*>@/<*>:<*> with image version <*> and card type <*>] is in state = <*>, sequenceNumberIsOk = <*>, ExpectedSequenceNumber = <*>, Reply Sequence Number = <*>, timedOut = <*>, retries = <*>, timeout = <*>, Expected Op Command = <*>, Actual Op Reply = <*>, Expected Sync Command = <*>, Actual Sync Reply = <*>)",0,1,1
294,"While initializing service card iDo with LP of <*> caught java.io.IOException: Could not contact iDo with LP=<*> and IP=/<*> because java.lang.RuntimeException: Communication error: (DirectIDo for Uninitialized DirectIDo for <*>@/<*>:<*> is in state = <*>, sequenceNumberIsOk = <*>, ExpectedSequenceNumber = <*>, Reply Sequence Number = <*>, timedOut = <*>, retries = <*>, timeout = <*>, Expected Op Command = <*>, Actual Op Reply = <*>, Expected Sync Command = <*>, Actual Sync Reply = <*>)",0,197,1
278,x=<*>,0,2,1
