EventId,EventTemplate,In2kDataset,Occurrences
0,<*> failed to configure resourcemgmt subsystem err = <*>,0,50
1,Component State Change: Component <*> is in the unavailable state (HWID=<*>),1,2969
2,wait (command <*>),1,12982
3,boot (command <*>),1,13414
4,halt (command <*>),1,616
5,clusterAddMember (command <*>),1,264
6,risBoot (command <*>),1,268
7,bootGenvmunix (command <*>),1,262
8,member_delete (command <*>),0,15
9,haltcluster (command <*>),0,44
10,Command has completed successfully,1,1741
11,Targeting domains:node-<*> and nodes:node-<*>,1,816
12,Targeting domains:node-<*> and nodes:node-<*> child of command <*>,1,1292
13,psu failure\ ambient=<*>,1,517
14,PSU status ( <*> <*> ),0,47
15,ambient=<*> threshold exceeded,0,28
16,Temperature (<*>) exceeds warning threshold,1,941
17,ClusterFileSystem: There is no server for ServerFileSystem domain <*>,1,5126
18,NIFF: node node-<*> detected a failed network connection on network <*> via interface alt0,1,1089
19,NIFF: node node-<*> detected a failed network connection on network <*> via interface scip0,0,20
20,NIFF: node node-<*> detected a failed network connection on network <*> via interface ee0,0,18
21,ServerFileSystem: An ServerFileSystem domain panic has occurred on <*>,1,70
22,Fan speeds ( <*> <*> <*> <*> <*> <*> ),1,2428
23,fan failure\ ambient=<*>,0,2
24,Fan speeds ( <*> <*> <*> **** <*> <*> ),1,19344
25,Command has been aborted,1,257
26,Command Failed on: node-<*>,0,194
27,Failed subcommands <*>,1,88
28,power/control ok,0,81
29,power/control problem,1,355
30,no recent update,0,61
31,update received,0,34
32,Link error,1,4002
33,Link in reset,1,2344
34,Link ok,1,2257
35,Link error on broadcast tree Interconnect-<*>,1,1167
36,ServerFileSystem: ServerFileSystem domain <*> is full,1,2561
37,ServerFileSystem domain <*> is full,0,38
38,ClusterFileSystem: ServerFileSystem domain <*> is no longer served by node node-<*>,1,8152
39,running,1,30064
40,configured out,1,19839
41,blocked,0,2286
42,not responding,1,12367
43,starting,1,148
44,down,0,97
45,closing,1,70
46,inconsistent nodesets node-<*> <*> <ok>,1,797
47,active,1,1263
48,responding,0,181
49,not-responding,1,181
50,unknown,0,55
51,fan2 has failed,0,2
52,warning,1,49741
53,critical,1,4629
54,normal,1,45818
55,ambient=<*>,1,54739
56,boot (command <*>) Error: Unknown We failed to determine the state of this node,0,94
57,halt (command <*>) Error: scrun failed\ couldn\047t send shutdown command,0,250
58,halt (command <*>) Error: timeout waiting for SRM prompt,0,9
59,boot (command <*>) Error: Console-Busy Port already in use,0,11
60,Linkerror event interval expired,1,84894
61,clusterAddMember (command <*>) Error: cluster_add_member failed <*> check <*>: <ABORT code errored: kill: <*>: no such process>,0,1
62,risBoot (command <*>) Error: Timed out while waiting for SRM prompt: <ABORT code completed>,1,5
63,risBoot (command <*>) Error: failed to RIS boot: <ABORT code completed>,0,3
64,bootGenvmunix (command <*>) Error: Timeout waiting for system to come up: <ABORT code completed>,,3
65,member_delete (command <*>) Error: node-<*> is NOT a member of cluster node-<*>,0,2
66,bootGenvmunix (command <*>) Error: node returned to srm while booting: <ABORT code completed>,0,1
67,boot (command <*>) Error: HALT asserted\ cannot continue,1,167
68,boot (command <*>) Error: timeout waiting for Loading LMF licenses,0,23
69,boot (command <*>) Error: timeout while booting.,0,3
70,boot (command <*>) Error: node went to SRM while trying to boot,0,25
71,haltcluster (command <*>) Error: timeout waiting for SRM prompts,0,8
72,Command Cancelled - cluster would lose quorum,0,1
73,halt (command <*>) Error: <*> Connect to console (state = REFUSED),0,98
74,clusterAddMember (command <*>) Error: Cannot run clusterAddMember\ because <*> connection state is REFUSED and needs to be SRM,0,3
75,boot (command <*>) Error: node went to SRM while booting,0,7
76,haltcluster (command <*>) Error: haltcluster: bad spawn id,0,6
77,member_delete (command <*>) Error: node is up according to cluster_get_info,0,1
78,link errors remain current,1,13645
79,boot (command <*>) Error: System could not find kernel,0,3
80,wait (command <*>) Error: Unknown We failed to determine the state of this node,0,1
81,boot (command <*>) Error: CMF-Port This node\<*> port is not connected,0,1
82,wait (command <*>) Error: Console-Busy Port already in use,0,1
83,NIFF: node node-<*> has detected an available network connection on network <*> via interface ee0,1,10654
84,NIFF: node node-<*> has detected an available network connection on network <*> via interface alt0,1,11745
85,NIFF: node node-<*> has detected an available network connection on network <*> via interface scip0,1,722
86,Component State Change: Component <*> is in the available state (HWID=<*>),0,2869
