template,intra_sim
"printFreezingDisplayLogsopening app wtoken = AppWindowToken{9f4ef63 token=Token{a64f992 ActivityRecord{de9231d u0 com.tencent.qt.qtl/.activity.info.NewsDetailXmlActivity t761}}}, allDrawn= false, startingDisplayed = false, startingMoved = false, isRelaunching = false",1.0
"acquire lock=<\d>, flags=0x1, tag=""<*>"", name=<*> ws=<*>, uid=<\d>, pid=<\d>",0.9351851851851851
"ready=true,policy=3,wakefulness=1,wksummary=<*>,uasummary=0x1,bootcompleted=true,boostinprogress=false,waitmodeenable=false,mode=false,manual=38,auto=-1,adj=0.0userId=0",1.0
Skipping AppWindowToken{<*> token=Token{<*> ActivityRecord{<*> u0 com.tencent.qt.qtl/<*> t761}}} -- going to hide,0.9999869357894047
visible is system.<*>.<*>,0.875
mVisiblity.getValue is false,1.0
visible is system.<*>.count gt <\d>,0.9583333333333333
"release:lock=<\d>, flg=0x0, tag=""<*>"", name=com.android.systemui"", ws=null, uid=10037, pid=2227",0.9833333333333334
"updateClipping isOverlap:false, getTopPadding=333.0, Translation=<*>.<\d>",0.9777777777777779
updateDimmedActivatedHideSensitive overlap:false,1.0
getRunningAppProcesses: caller <\d> does not hold REAL_GET_TASKS; limiting output,0.9999999999999999
"setSystemUiVisibility vis=<*> mask=<*> oldVal=<*> newVal=<*> diff=<*> fullscreenStackVis=0 dockedStackVis=0, fullscreenStackBounds=Rect(0, <\d> - <\d>, <\d>), dockedStackBounds=Rect(0, 0 - 0, 0)",0.8787878787878789
cancelAutohide,1.0
"notifyUiVisibilityChanged:vis=<*>, SystemUiVisibility=<*>",1.0
"userActivityNoUpdateLocked: eventTime=<\d>, event=<\d>, flags=<*>, uid=1000",0.9999999999999999
"orientation change is complete, call stopFreezingDisplayLocked",1.0
Screen frozen for +1s0ms due to Window{ca98d5 u0 com.tencent.qt.qtl/com.tencent.qt.qtl.activity.info.NewsDetailXmlActivity},1.0
startAnimation begin,1.0
startAnimation end,1.0
remove(PendingIntent{<*>: PendingIntentRecord{<*> <*> broadcastIntent}}) changed bounds; rebatching,0.9993827160493827
"rotationForOrientationLw(orient=<\d>, last=0); user=0 USER_ROTATION_LOCKED",1.0
"Application requested orientation <\d>, got rotation <\d> which has compatible metrics",1.0
shouldBlockLocation running ...,1.0
shouldBlockLocation ret:false,1.0
getNeighboringCellInfo calling app is com.amap.android.ams,0.9999999999999999
"Releasing suspend blocker ""PowerManagerService.WakeLocks"".",1.0
HBM brightnessIn =38,1.0
HBM brightnessOut =38,1.0
"Animating brightness: target=38, rate=200",1.0
suspendAutohide,1.0
interceptKeyTq keycode=<\d> interactive=true keyguardActive=false policyFlags=2b000002 down true canceled false,0.9999999999999999
"interceptKeyBeforeQueueing: key <\d> , result : <\d>",1.0
resumeSuspendedAutohide,1.0
interceptKeyTq keycode=<\d> interactive=true keyguardActive=false policyFlags=2b000002 down false canceled false,0.9999999999999999
querySoundEffectsEnabled...,1.0
"Acquiring suspend blocker ""PowerManagerService.WakeLocks"".",1.0
Bad activity token: android.os.BinderProxy@2bd79ce,1.0
java.lang.ClassCastException: android.os.BinderProxy cannot be cast to com.android.server.am.ActivityRecord$Token,1.0
"onTouchEvent::<\d>, x=<\d>.0, y=<\d>.<\d>",1.0
schedulePeek,1.0
getRingtonePlayer...,1.0
disable: < expand ICONS* alerts SYSTEM_INFO* back home recent clock navigationbar search quick_settings >,0.9999999999999999
"updateLightsLocked,mInCall =false,mScreenOn = true,ledNotification == null?true",0.9999999999999998
"updateLightsLocked,turn off notificationLight",1.0
"overlapAmount:<\d>.0, previousNotificationEnd:0.0, newYTranslation:-<\d>.0, location:4, i:0, getTopPadding:333.0, getLocationOnScreen():<\d>",1.0
"state.clipTopAmount:<\d>, i:0",1.0
"updateClipping isOverlap:true, getTopPadding=333.0, Translation=-<\d>.<\d>",1.0
updateDimmedActivatedHideSensitive overlap:true,1.0
onExpandingStarted,1.0
onTrackingStarted,1.0
cancelPeek: false,1.0
"flingToHeight: vel=2849.079, expand=true, target=553.0, collapseSpeedUpFactor=1.0, expandBecauseOfFalsing=false",1.0
onTrackingStopped: true,1.0
onExpandingFinished,1.0
Sending non-protected broadcast com.android.systemui.statusbar.visible.change from system 2227:com.android.systemui/u0a37 pkg com.android.systemui,0.9999999999999999
logNotificationVisibilityChanges runInThread start,1.0
onNotificationVisibilityChanged called,1.0
logNotificationVisibilityChanges runInThread over,1.0
isSimPinSecure mSimDatas is null or empty,1.0
registerCallback not in UI.,1.0
android.util.AndroidRuntimeException: Must execute in UI,0.9999999999999999
*** register callback for com.android.systemui.statusbar.policy.KeyguardMonitor@712d093,1.0
*** unregister callback for null,1.0
[PhoneIntfMgr] getDataEnabled: subId=1 phoneId=1,1.0
[PhoneIntfMgr] getDataEnabled: subId=1 retVal=true,1.0
"onInterceptTouchEvent MotionEvent { action=ACTION_DOWN, actionButton=0, id[0]=0, x[0]=<\d>.0, y[0]=<\d>.0, toolType[0]=TOOL_TYPE_FINGER, buttonState=0, metaState=0, flags=0x0, edgeFlags=0x0, pointerCount=1, historySize=0, eventTime=<\d>, downTime=<\d>, deviceId=3, source=0x1002 }, mBlockTouches=false",1.0
"onInterceptTouchEvent MotionEvent { action=ACTION_UP, actionButton=0, id[0]=0, x[0]=<\d>.0, y[0]=<\d>.0, toolType[0]=TOOL_TYPE_FINGER, buttonState=0, metaState=0, flags=0x0, edgeFlags=0x0, pointerCount=1, historySize=0, eventTime=<\d>, downTime=<\d>, deviceId=3, source=0x1002 }, mBlockTouches=false",1.0
playSoundEffect effectType: <\d>,1.0
"animateCollapsePanels:flags=2, force=true, delayed=true, mExpandedVisible=true",1.0
START u0 {act=com.tencent.mobileqq.action.MAINACTIVITY flg=0x14000000 cmp=com.tencent.mobileqq/.activity.SplashActivity (has extras)} from uid <\d> on display <\d>,1.0
"ActivityRecord info: ActivityInfo{<*> com.<*>.<*>.<*>.<*>}, euid: <\d>",0.9938271604938271
onNotificationClick called,1.0
"cancelNotification,index:<\d>",1.0
"cancelNotification,cancelNotificationLocked,callingUid = <\d>,callingPid = <\d>",0.9999999999999999
"cancelNotificationLocked called,tell the app,reason = <\d>",0.9999999999999998
cancelNotificationLocked:0|com.tencent.mobileqq|121|null|10111,1.0
"cancelNotificationLocked,remove =com.tencent.mobileqq",1.0
applyOptionsLocked: Unknown animationType=0,1.0
"flingToHeight: vel=0.0, expand=false, target=0.0, collapseSpeedUpFactor=1.0, expandBecauseOfFalsing=false",1.0
"Taking screenshot from Surface with crop:[Rect(0, 48 - 720, 1208)], width:[432], height:[696], minLayer:[<\d>], maxLayer:[<\d>], inRotation:[false], rot:[0]",0.9999999999999998
removeNotification:0|com.tencent.mobileqq|121|null|10111,1.0
"updateNotificationShade: total=<\d>, active=<\d>",1.0
"animateCollapsePanels:flags=0, force=false, delayed=false, mExpandedVisible=true",1.0
The change in focus caused us to need to do a layout begin,0.9999999999999997
The change in focus caused us to need to do a layout end,0.9999999999999997
setLightsOn(true),1.0
removeNotificationChildren,1.0
"Skipping, withExcluded: false, tr.intent:Intent { flg=0x10804000 cmp=com.android.systemui/.recents.RecentsActivity bnds=[264,444][920,908] }",0.9999999999999999
"Skipping, withExcluded: false, tr.intent:Intent { act=android.intent.action.MAIN flg=0x10840000 cmp=com.android.incallui/.InCallActivity (has extras) }",0.9999999999999999
"Skipping, withExcluded: false, tr.intent:Intent { flg=<*> cmp=com.tencent.<*>/<*> (has extras) }",0.9971064814814814
"Skipping, withExcluded: false, tr.intent:Intent { act=com.android.contacts.action.CHOOSE_SUB dat=tel:xxxxxxxxxxx flg=0x10808000 cmp=com.android.contacts/.ChooseSubActivity (has extras) }",0.9999999999999999
"Skipping, withExcluded: false, tr.intent:Intent { act=android.intent.action.VIEW dat=file:///storage/emulated/0/Tencent/QQfile_recv/b.apk typ=application/vnd.android.package-archive flg=0x10800000 cmp=com.android.packageinstaller/.PackageInstallerActivity (has extras) }",0.9999999999999999
"getRecentTasks: num=<\d>,flags=62,totalTasks=<\d>",1.0
getRecentTasks: topActivity=ComponentInfo{<*>/com.<*>.<*>.<*>.<*>},0.9794238683127572
"cancelNotificationWithTag pid 28601,uid = 10111,tag = null,pkg =com.tencent.mobileqq,id =<\d>",0.9999999999999999
makeExpandedInvisible: mExpandedVisible=true,1.0
closeQs,1.0
instantCollapse,1.0
disable: < expand icons* alerts system_info* back home recent clock navigationbar search quick_settings >,0.9999999999999999
*** unregister callback for com.android.systemui.statusbar.policy.KeyguardMonitor@712d093,1.0
getTasks: caller <\d> does not hold REAL_GET_TASKS; limiting output,0.9999999999999999
isMusicActive...,1.0
"Start dump, calling from : pid=12782, uid=1000",1.0
setWiredDeviceConnectionState type: <\d> state: <\d>,0.9999999999999999
"ActivityManagerService,attachApplication,callingPid = <\d>",1.0
isBluetoothA2dpOn...,1.0
isBluetoothScoOn...,1.0
getLastAudibleStreamVolume treamType: <\d>,1.0
getDevicesForStream streamType: <\d>,1.0
cleanUpApplicationRecord -- <\d>,1.0
"cleanUpApplicationRecordLocked, pid: <\d>, restart: false",0.9999999999999999
"cleanUpApplicationRecordLocked, reset pid: <\d>, euid: <\d>",0.9999999999999998
stopWifiDisplayScanLocked record.mWifiDisplayScanRequested=false,1.0
stopWifiDisplayScanLocked mWifiDisplayScanRequestCount=0,1.0
getMode...,1.0
setSpeakerphoneOn on: true,1.0
setSpeakerphoneOn on:true,1.0
"sending alarm Alarm{<*> type <\d> when <\d> PendingIntent{1749923: PendingIntentRecord{9600e20 android broadcastIntent}}},repeatInterval = 0,listenerTag =time_tick",0.9999999999999998
Received TIME_TICK alarm; rescheduling,1.0
scheduleTimeTickEvent triggerAtTime = <\d>,1.0
received broadcast android.intent.action.<*>_<*>,0.9666666666666667
handleTimeUpdate,1.0
"sending alarm Alarm{<*> type <\d> when <\d> PendingIntent{<*>: PendingIntentRecord{e204f60 com.android.phone broadcastIntent}}},repeatInterval = 0,listenerTag =null",0.9999999999999998
Killing 23484:com.android.calendar/u0a13 (adj 906): empty for 1810s,1.0
Unable to start service Intent { act=com.tencent.android.tpush.action.keepalive cmp=com.qqgame.hlddz/com.tencent.android.tpush.service.XGPushService } U=0: not found,1.0
unregisterAudioFocusListener...,1.0
abandonAudioFocus,1.0
"[HSM] stayAwake false uid: 10111, pid: <\d>",1.0
Pid:28601 MediaPlayer destructor,1.0
Process com.tencent.mobileqq:qzone (pid 12236) has died,1.0
Scheduling restart of crashed service com.tencent.mobileqq/cooperation.qzone.remote.logic.QzoneWebPluginProxyService in 1000ms,1.0
"new Process app=ProcessRecord{6eaaf00 0:com.tencent.mobileqq:qzone/u0a111}, name: com.tencent.mobileqq:qzone, euid: <\d>",1.0
Start proc 13003:com.tencent.mobileqq:qzone/u0a111 for service com.tencent.mobileqq/cooperation.qzone.remote.logic.QzoneWebPluginProxyService,1.0
"animateCollapsePanels:flags=0, force=false, delayed=false, mExpandedVisible=false",1.0
enqueueNotificationInternal: pkg=com.tencent.mobileqq id=121 notification=Notification(pri=1 contentView=null vibrate=[100] sound=null tick defaults=0x0 flags=0x11 color=0x00000000 vis=PRIVATE),1.0
enqueueNotificationInternal: n.getKey = <\d>|com.tencent.<*>|<\d>|null|<\d>,0.9916666666666667
getRingerMode...,1.0
"updateLightsLocked,mInCall =false,mScreenOn = true,ledNotification == null?false",0.9999999999999998
addNotification key=<\d>|com.tencent.<*>|<\d>|null|<\d>,0.9953703703703702
mHeadsUpExistenceChangedRunnable,1.0
Marking notification as seen <\d>|com.tencent.<*>|<\d>|null|<\d>,0.9930555555555555
onNotificationExpansionChanged called,1.0
"START u0 {act=android.intent.action.MAIN cat=[android.intent.category.LAUNCHER] flg=0x10200000 cmp=com.<*>.<*>.<*>.<*> bnds=[<\d>,<\d>][<\d>,<\d>]} from uid <\d> on display <\d>",0.9981481481481481
"ACTIVITY check resid: com.example.android.notepad, size=<\d>",0.9999999999999999
shouldBlockLocation ret:true,1.0
getAllCellInfo is blocked by permission manager . callingPackage = com.tencent.mobileqq,1.0
getCellLocation is blocked by permission manager uid:10111 pid:28601,1.0
isWiredHeadsetOn...,1.0
"setDataSource(166, 0, 576460752303423487)",1.0
getStreamVolume treamType: <\d>,1.0
"updateIsPoweredLocked: wasPowered=false, mIsPowered=false, oldPlugType=0, mPlugType=0, mBatteryLevel=23",1.0
ACTION_BATTERY_CHANGED AMP: 0; Volt: <\d>,1.0
updateChargingLocked: charging=false,1.0
"onReceive, action:android.intent.action.BATTERY_CHANGED",1.0
ACTION_BATTERY_CHANGED pluggedType: <\d>,1.0
ApStaDisabledState what=155652,1.0
DefaultState what=155652,1.0
battery changed pluggedType: <\d>,1.0
RefreshBatteryInfo isBatteryLow: <\d>,1.0
ChargingSpeed Wattage: <\d> ST: <\d> --> <\d>,1.0
handleBatteryUpdate,1.0
enqueueNotificationInternal: pkg=com.tencent.mm id=4097 notification=Notification(pri=1 contentView=null vibrate=[] sound=null tick defaults=0x0 flags=0x101 color=0x00000000 category=msg vis=PRIVATE),1.0
START u0 {flg=0x24000000 cmp=com.tencent.mm/.ui.LauncherUI (has extras)} from uid <\d> on display <\d>,1.0
startActivity called from non-Activity context; forcing Intent.FLAG_ACTIVITY_NEW_TASK for: Intent { flg=0x24000000 cmp=com.tencent.mm/.ui.LauncherUI (has extras) },1.0
makeExpandedInvisible: mExpandedVisible=false,1.0
