template,intra_sim
instruction cache parity error corrected,0.9999999999999999
<\d> double-hummer alignment exceptions,1.0
"CE sym <\d>, at <*>, mask <*>",1.0
ciod: failed to read message prefix on control stream (CioStream socket to 172.16.96.116:33569,1.0
generating core.<\d>,1.0
force load/store alignment...............0,1.0
ciod: cpu <\d> at treeaddr <\d> sent unrecognized message 0xffffffff,1.0
ciod: LOGIN chdir(<*>) failed: No such file or directory,0.9666666666666666
"<\d> ddr errors(s) detected and corrected on rank 0, symbol <\d>, bit <\d>",0.9999999999999997
data TLB error interrupt,1.0
ciod: Message code <\d> is not <\d> or <\d>,1.0
data storage interrupt,1.0
instruction address: <*>,1.0
data address: 0x00000002,1.0
machine check: i-fetch......................0,1.0
program interrupt: illegal instruction......<\d>,1.0
exception syndrome register: <*>,1.0
data store interrupt caused by dcbf.........0,0.9999999999999998
program interrupt: privileged instruction...0,1.0
program interrupt: trap instruction.........0,1.0
program interrupt: imprecise exception......0,1.0
store operation.............................1,1.0
machine state register: 0x00002000,1.0
data store interrupt caused by icbi.........0,0.9999999999999998
"problem state (0=sup,1=usr).......0",1.0
floating point instr. enabled.....1,1.0
auxiliary processor.........................0,1.0
machine check enable..............0,1.0
floating pt ex mode <\d> enable......0,0.9999999999999998
program interrupt: unimplemented operation..0,1.0
debug interrupt enable............0,1.0
byte ordering exception.....................0,1.0
data address space................0,1.0
core configuration register: 0x00002000,1.0
program interrupt: fp cr update.............0,1.0
guaranteed instruction cache block touch.0,0.9999999999999999
program interrupt: fp cr field .............0,0.9999999999999998
guaranteed data cache block touch........1,1.0
icache prefetch depth....................0,1.0
icache prefetch threshold................0,1.0
wait state enable.................0,1.0
critical input interrupt enable...0,1.0
special purpose registers:,1.0
lr:00004ed0 cr:28244842 xer:20000002 ctr:00086000,1.0
rts internal error,1.0
debug wait enable.................0,1.0
instruction address space.........0,1.0
disable store gathering..................0,1.0
total of <\d> ddr error(s) detected and corrected,1.0
"ciod: Error loading <*>: invalid or missing program image, No such file or directory",0.9666666666666666
ciod: Error creating node map from file /p/gb2/cabot/miranda/newmaps/8k_128x64x1_8x4x4.map: No child processes,1.0
program interrupt,1.0
Node card is not fully functional,0.9999999999999998
ciod: Error creating node map from file /p/gb2/welcome3/32k_128x256x1_8x4x4.map: Bad file descriptor,1.0
Ido chip status changed: FF:F2:9F:<\d>:<*>:<*>:<\d>:0D:<\d>:<*>:<*>:<*> ip=<\d>.<\d>.<\d>.<\d> v=<\d> t=<\d> status=M <*> <*> <\d> <\d>:<\d>:<\d> PDT <\d>,0.8509615384615384
Can not get assembly information for node card,1.0
ciod: Missing or invalid fields on line <\d> of node map file <*>,0.9285714285714283
<\d> torus receiver z+ input pipe error(s) (dcr 0x02f0) detected and corrected,1.0
ciod: duplicate canonical-rank <\d> to logical-rank <\d> mapping at line <\d> of node map file /p/gb2/pakin1/sweep3d-5x5x400-10mk-3mmi-1024pes-sweep/sweep.map,1.0
ciod: Error creating node map from file /p/gb2/pakin1/sweep3d-5x5x400-10mk-3mmi-1024pes-xyzt/xyzt.map: Block device required,1.0
rts panic! - stopping execution,0.9999999999999999
ciod: Error creating node map from file /home/pakin1/sweep3d-2.2b/results/random1-8x32x32x2.map: Permission denied,1.0
ciod: Z coordinate <\d> exceeds physical dimension <\d> at line <\d> of node map file /p/gb2/pakin1/contention-32768cpes-torus/xyzt-1x1x32768x1.map,1.0
"rts: kernel terminated for reason 1001rts: bad message header: invalid cpu, type=42315, cpu=105, index=1207960804, total=2691015",1.0
<\d> floating point alignment exceptions,0.9999999999999999
New ido chip inserted into the database: FF:F2:9F:<\d>:<*>:<*>:<\d>:0D:<\d>:<*>:<*>:<*> ip=<\d>.<\d>.<\d>.<\d> v=<\d> t=<\d>,0.9679487179487181
NodeCard is not fully functional,1.0
"Node card status: ALERT 0, ALERT 1, ALERT 2, ALERT <\d> is (are) active. Clock Mode is Low. Clock Select is Midplane. Phy JTAG Reset is asserted. ASIC JTAG Reset is not asserted. Temperature Mask is not active. No temperature error. Temperature Limit Error Latch is clear. PGOOD is asserted. PGOOD error latch is clear. MPGOOD is OK. MPGOOD error latch is clear. The 2.5 volt rail is OK. The 1.5 volt rail is OK.",1.0
"Node card VPD check: <*> node in processor card slot <*> do not match. VPD ecid <*>, found <*>",0.9000000000000002
"idoproxydb hit ASSERT condition: ASSERT expression=0 Source file=idotransportmgr.cpp Source line=1043 Function=int IdoTransportMgr::SendPacket(IdoUdpMgr*, BglCtlPavTrace*)",0.9999999999999998
Node card status: no ALERTs are active. Clock Mode is Low. Clock Select is Midplane. Phy JTAG Reset is asserted. ASIC JTAG Reset is asserted. Temperature Mask is not active. No temperature error. Temperature Limit Error Latch is clear. PGOOD IS NOT ASSERTED. PGOOD ERROR LATCH IS ACTIVE. MPGOOD IS NOT OK. MPGOOD ERROR LATCH IS ACTIVE. The 2.5 volt rail is OK. The 1.5 volt rail is OK.,0.9999999999999983
"PrepareForService shutting down NodeCard(mLctn(R25-M1-N2), mCardSernum(203231503833343000000000594c31304b34333431303158), mLp(FF:F2:9F:16:CF:0F:00:0D:60:E9:30:F0), mIp(10.2.2.80), mType(4)) as part of Service Action <\d>",1.0
rts tree/torus link training failed: wanted: B C X+ X- Y+ Y- Z+ Z- got: B C X- Y- Z+ Z-,1.0
<\d> tree receiver <\d> in re-synch state event(s) (dcr 0x019a) detected,1.0
"ciod: Error loading <*>: invalid or missing program image, Exec format error",0.9615384615384612
ciod: Error reading message prefix after LOAD_MESSAGE on CioStream socket to <\d>.<\d>.<\d>.<\d>:<\d>: Link has been severed,1.0
rts: kernel terminated for reason <\d>,0.9999999999999998
ciod: generated <\d> core files for program <*>,0.8888888888888891
iar <*> dear <*>,1.0
"NFS Mount failed on <*>, slept <\d> seconds, retrying (1)",0.9545454545454547
Lustre mount FAILED : <*> : point /p/gb1,0.8888888888888891
<\d> torus receiver x+ input pipe error(s) (dcr 0x02ec) detected and corrected,1.0
ciod: pollControlDescriptors: Detected the debugger died.,0.9999999999999998
"ciod: In packet from node 91.0 (R62-M1-Nf-C:J03-U11), message code <\d> is not <\d> or <\d> (softheader=003b005b 00030000 00000001 00000000)",1.0
<\d> torus receiver y+ input pipe error(s) (dcr 0x02ee) detected and corrected,1.0
suppressing further interrupts of same type,0.9999999999999998
rts: bad message header: expecting type <\d> instead of type <\d> (softheader=00131db8 81aa0003 00000002 00000000) PSR0=00001f01 PSR1=00000000 PRXF=00000002 PIXF=00000007,1.0
critical input interrupt (unit=0x0b bit=0x06): warning for torus y+ wire,1.0
"ciod: Error loading <*> invalid or missing program image, Permission denied",0.9166666666666667
data cache search parity error detected. attempting to correct,0.9999999999999999
shutdown complete,1.0
critical input interrupt (unit=0x0b bit=0x0b): warning for torus z- wire,1.0
"Error receiving packet on tree network, expecting type <\d> instead of type <\d> (softheader=<*> <*> <\d> <\d>) PSR0=<*> PSR1=00000000 PRXF=00000002 PIXF=00000007",0.9999999999999996
<\d> L3 EDRAM error(s) (dcr 0x0157) detected and corrected,1.0
"critical input interrupt (unit=0x0b bit=0x0a): warning for torus z+ wire, suppressing further interrupts of same type",1.0
<\d> torus sender z- retransmission error(s) (dcr 0x02f9) detected and corrected over <\d> seconds,0.9999999999999997
"ciod: Received signal 15, code=0, errno=0, address=<*>",1.0
Lustre mount FAILED : <*> : block_id : location,0.8999999999999999
MACHINE CHECK DCR read timeout (mc=e08x iar 0x00000000 lr 0xc00045a4),0.9999999999999998
"ciod: Error reading message prefix on CioStream socket to <\d>.<\d>.<\d>.<\d>:<\d>, Connection timed out",0.9999999999999997
"ciod: Error reading message prefix on CioStream socket to <\d>.<\d>.<\d>.<\d>:<\d>, Connection reset by peer",0.9999999999999999
dbcr0=0x00000000 dbsr=0x00000000 ccr0=0x40002000,1.0
"ciod: Error reading message prefix on CioStream socket to <\d>.<\d>.<\d>.<\d>:<\d>, Link has been severed",0.9999999999999999
r24=0x0ffea4c8 r25=0x00000003 r26=0x0000000f r27=0xffffd000,1.0
<\d> tree receiver <\d> in re-synch state event(s) (dcr 0x0185) detected over <\d> seconds,0.9999999999999997
<\d> microseconds spent in the rbs signal handler during <\d> calls. <\d> microseconds was the maximum time for a single instance of a correctable ddr.,0.9999999999999996
"<\d> total interrupts. <\d> critical input interrupts. <\d> microseconds total spent on critical input interrupts, <\d> microseconds max time in a critical input interrupt.",1.0
"<\d> ddr error(s) detected and corrected on rank 0, symbol <\d> over <\d> seconds",0.9999999999999999
"PrepareForService shutting down Node card(mLctn(R10-M1-N2), mCardSernum(203231503833343000000000594c31304b34323934303257), mLp(FF:F2:9F:16:E0:DA:00:0D:60:E9:1F:25), mIp(10.1.1.164), mType(4)) as part of Service Action <\d>",1.0
"Kernel detected <\d> integer alignment exceptions (<\d>) iar <*>, dear <*> (<\d>) iar <*>, dear <*> (<\d>) iar <*>, dear <*> (<\d>) iar <*>, dear <*> (<\d>) iar <*>, dear <*> (<\d>) iar <*>, dear <*> (<\d>) iar <*>, dear <*> (<\d>) iar <*>, dear <*>",1.0
total of <\d> ddr error(s) detected and corrected over <\d> seconds,1.0
minus normalized number..................0,1.0
fraction rounded.........................0,1.0
"critical input interrupt (unit=0x0b bit=0x17): warning for tree C1 wire, suppressing further interrupts of same type",1.0
size of scratchpad portion of L3.........0 (0M),1.0
ciod: LOGIN chdir(/p/gb1/stella/RAPTOR/2183) failed: Input/output error,1.0
<\d> L3 EDRAM error(s) (dcr 0x0157) detected and corrected over <\d> seconds,1.0
"ciod: Error loading /g/g24/buber/Yunsic/BlueGene/partad.develf/taddriver.32.exe: program image too big, <\d> > <\d>",1.0
fpr29=0xffffffff ffffffff ffffffff ffffffff,1.0
Machine State Register: 0x0002f900,1.0
