template,intra_sim
Created MRAppMaster for application appattempt_1445144423722_0020_000001,1.0
Executing with tokens:,1.0
"Kind: YARN_AM_RM_TOKEN, Service: , Ident: (appAttemptId { application_id { id: 20 cluster_timestamp: 1445144423722 } attemptId: 1 } keyId: -127633188)",1.0
Using mapred newApiCommitter.,1.0
OutputCommitter set in config null,1.0
OutputCommitter is org.apache.hadoop.mapreduce.lib.output.FileOutputCommitter,1.0
Registering class <*> for class <*>,0.7142857142857142
Default file system [hdfs://msra-sa-41:9000],1.0
Emitting job history data to the timeline server is not enabled,1.0
loaded properties from hadoop-metrics2.properties,1.0
Scheduled snapshot period at <\d> second(s).,1.0
MRAppMaster metrics system started,1.0
Adding job token for job_1445144423722_0020 to jobTokenSecretManager,1.0
Not uberizing job_1445144423722_0020 because: not enabled; too many maps; too much input;,1.0
Input size for job job_1445144423722_0020 = 1256521728. Number of splits = <\d>,1.0
Number of reduces for job job_1445144423722_0020 = <\d>,1.0
job_1445144423722_0020Job Transitioned from NEW to INITED,1.0
"MRAppMaster launching normal, non-uberized, multi-container job job_1445144423722_0020.",1.0
Using callQueue class java.util.concurrent.LinkedBlockingQueue,1.0
Starting Socket Reader #1 for port <\d>,1.0
Adding protocol org.apache.hadoop.mapreduce.v2.api.MRClientProtocolPB to the server,1.0
Instantiated MRClientService at MININT-FNANLI5.fareast.corp.microsoft.com/10.86.169.121:62260,1.0
IPC Server Responder: starting,1.0
IPC Server listener on <\d>: starting,0.9999999999999998
Logging to org.slf4j.impl.Log4jLoggerAdapter(org.mortbay.log) via org.mortbay.log.Slf4jLog,1.0
Http request log for http.requests.mapreduce is not defined,1.0
Added global filter 'safety' (class=org.apache.hadoop.http.HttpServer2$QuotingInputFilter),1.0
Added filter AM_PROXY_FILTER (class=org.apache.hadoop.yarn.server.webproxy.amfilter.AmIpFilter) to context mapreduce,1.0
Added filter AM_PROXY_FILTER (class=org.apache.hadoop.yarn.server.webproxy.amfilter.AmIpFilter) to context static,1.0
adding path spec: /<*>/*,0.9500000000000001
Jetty bound to port <\d>,1.0
jetty-6.1.26,1.0
Extract jar:file:/D:/hadoop-2.6.0-localbox/share/hadoop/yarn/hadoop-yarn-common-2.6.0-SNAPSHOT.jar!/webapps/mapreduce to C:\Users\msrabi\AppData\Local\Temp\Jetty_0_0_0_0_62267_mapreduce____.8n7xum\webapp,1.0
Started HttpServer2$SelectChannelConnectorWithSafeStartup@0.0.0.0:62267,1.0
Web app /mapreduce started at <\d>,1.0
Registered webapp guice modules,1.0
JOB_CREATE job_1445144423722_0020,1.0
nodeBlacklistingEnabled:true,1.0
maxTaskFailuresPerNode is <\d>,1.0
blacklistDisablePercent is <\d>,1.0
Connecting to ResourceManager at msra-sa-41/10.190.173.170:8030,1.0
"maxContainerCapability: <memory:8192, vCores:32>",1.0
queue: default,1.0
Upper limit on the thread pool size is <\d>,1.0
yarn.client.max-cached-nodemanagers-proxies : <\d>,1.0
job_1445144423722_0020Job Transitioned from INITED to SETUP,1.0
Processing the event EventType: JOB_SETUP,1.0
job_1445144423722_0020Job Transitioned from SETUP to RUNNING,1.0
Resolved <*>.fareast.corp.microsoft.com to /default-rack,0.9666666666666666
task_<\d>_<\d>_<*>_<\d> Task Transitioned from NEW to SCHEDULED,0.9791666666666666
attempt_<\d>_<\d>_<*>_<\d>_<\d> TaskAttempt Transitioned from NEW to UNASSIGNED,0.9821428571428571
"mapResourceRequest:<memory:1024, vCores:1>",1.0
"Event Writer setup for JobId: job_1445144423722_0020, File: hdfs://msra-sa-41:9000/tmp/hadoop-yarn/staging/msrabi/.staging/job_1445144423722_0020/job_1445144423722_0020_1.jhist",1.0
"reduceResourceRequest:<memory:1024, vCores:1>",1.0
Before Scheduling: PendingReds:<\d> ScheduledMaps:<\d> ScheduledReds:<\d> AssignedMaps:<\d> AssignedReds:0 CompletedMaps:<\d> CompletedReds:0 ContAlloc:<\d> ContRel:<\d> HostLocal:<\d> RackLocal:<\d>,0.9999999999999997
"getResources() for application_1445144423722_0020: ask=<\d> release= <\d> newContainers=<\d> finishedContainers=<\d> resourcelimit=<memory:<\d>, vCores:-<\<*>> knownNMs=4",0.9930555555555556
"Recalculating schedule, headroom=<memory:<\d>, vCores:-<\<*>>",0.9833333333333334
Reduce slow start threshold not met. completedMapsForReduceSlowstart <\d>,1.0
Got allocated containers <\d>,1.0
Assigned container container_<\d>_<\d>_<\d>_<\d> to attempt_<\d>_<\d>_m_<\d>_<\d>,0.9999999999999999
After Scheduling: PendingReds:<\d> ScheduledMaps:<\d> ScheduledReds:<\d> AssignedMaps:<\d> AssignedReds:0 CompletedMaps:<\d> CompletedReds:0 ContAlloc:<\d> ContRel:<\d> HostLocal:<\d> RackLocal:<\d>,0.9999999999999997
The job-jar file on the remote FS is hdfs://msra-sa-41:9000/tmp/hadoop-yarn/staging/msrabi/.staging/job_1445144423722_0020/job.jar,1.0
The job-conf file on the remote FS is /tmp/hadoop-yarn/staging/msrabi/.staging/job_1445144423722_0020/job.xml,1.0
Adding #0 tokens and #1 secret keys for NM use for launching container,1.0
Size of containertokens_dob is <\d>,1.0
Putting shuffle token in serviceData,1.0
attempt_<\d>_<\d>_m_<\d>_<\d> TaskAttempt Transitioned from UNASSIGNED to ASSIGNED,1.0
Processing the event EventType: CONTAINER_REMOTE_<*> for container container_<\d>_<\d>_<\d>_<\d> taskAttempt attempt_<\d>_<\d>_m_<\d>_<\d>,0.9772727272727273
Launching attempt_<\d>_<\d>_m_<\d>_<\d>,0.9999999999999999
Opening proxy : <*>.fareast.corp.microsoft.com:<\d>,0.9888888888888889
Shuffle port returned by ContainerManager for attempt_<\d>_<\d>_m_<\d>_<\d> : <\d>,0.9999999999999999
TaskAttempt: [attempt_<\d>_<\d>_m_<\d>_<\d>] using containerId: [container_1445144423722_0020_01_000002 on NM: [04DN8IQ.fareast.corp.microsoft.com:54883],0.9999999999999999
attempt_<\d>_<\d>_m_<\d>_<\d> TaskAttempt Transitioned from ASSIGNED to RUNNING,1.0
ATTEMPT_START task_<\d>_<\d>_m_<\d>,1.0
task_<\d>_<\d>_m_<\d> Task Transitioned from SCHEDULED to RUNNING,1.0
Auth successful for job_1445144423722_0020 (auth:SIMPLE),0.9999999999999999
JVM with ID : jvm_<\d>_<\d>_m_<\d> asked for a task,0.9999999999999999
JVM with ID: jvm_<\d>_<\d>_m_<\d> given task: attempt_<\d>_<\d>_m_<\d>_<\d>,1.0
Progress of TaskAttempt attempt_<\d>_<\d>_m_<\d>_<\d> is : <\d>.<\d>,1.0
"Cannot assign container Container: [ContainerId: container_1445144423722_0020_01_000012, NodeId: MSRA-SA-39.fareast.corp.microsoft.com:28345, NodeHttpAddress: MSRA-SA-39.fareast.corp.microsoft.com:8042, Resource: <memory:1024, vCores:1>, Priority: 20, Token: Token { kind: ContainerToken, service: 172.22.149.145:28345 }, ] for a map as either container memory less than required <memory:1024, vCores:1> or no pending map tasks - maps.isEmpty=true",1.0
Received completed container container_<\d>_<\d>_<\d>_<\d>,1.0
Container complete event for unknown container id container_1445144423722_0020_01_000012,1.0
Done acknowledgement from attempt_1445144423722_0020_m_000003_0,1.0
attempt_1445144423722_0020_m_000003_0 TaskAttempt Transitioned from RUNNING to SUCCESS_CONTAINER_CLEANUP,1.0
KILLING attempt_<\d>_<\d>_m_<\d>_<\d>,0.9999999999999999
attempt_1445144423722_0020_m_000003_0 TaskAttempt Transitioned from SUCCESS_CONTAINER_CLEANUP to SUCCEEDED,1.0
Task succeeded with attempt attempt_1445144423722_0020_m_000003_0,1.0
task_1445144423722_0020_m_000003 Task Transitioned from RUNNING to SUCCEEDED,1.0
Num completed Tasks: <\d>,1.0
Reduce slow start threshold reached. Scheduling reduces.,1.0
All maps assigned. Ramping up all remaining reduces:1,1.0
DefaultSpeculator.addSpeculativeAttempt -- we are speculating task_1445144423722_0020_m_000000,1.0
We launched <\d> speculations. Sleeping <\d> milliseconds.,1.0
Scheduling a redundant attempt for task task_1445144423722_0020_m_000000,1.0
Diagnostics report from attempt_1445144423722_0020_m_000003_0: Container killed by the ApplicationMaster.,1.0
Address change detected. Old: msra-sa-<\d>/<\d>.<\d>.<\d>.<\d>:<\d> New: msra-sa-<\d>:<\d>,1.0
Failed to renew lease for [DFSClient_NONMAPREDUCE_1537864556_1] for <\d> seconds. Will retry shortly ...,0.9999999999999997
"Slow ReadProcessor read fields took 65020ms (threshold=30000ms); ack: seqno: <\d> status: SUCCESS status: ERROR downstreamAckTimeNanos: 0, targets: [10.86.169.121:50010, 10.190.173.170:50010]",1.0
DFSOutputStream ResponseProcessor exception for block BP-1347369012-10.190.173.170-1444972147527:blk_1073743512_2731,1.0
"Error Recovery for block BP-1347369012-10.190.173.170-1444972147527:blk_1073743512_2731 in pipeline 10.86.169.121:50010, 10.190.173.170:50010: bad datanode 10.190.173.170:50010",1.0
DataStreamer Exception,1.0
ERROR IN CONTACTING RM.,1.0
"Retrying connect to server: msra-sa-41:8030. Already tried <\d> time(s); retry policy is RetryUpToMaximumCountWithFixedSleep(maxRetries=10, sleepTime=1000 MILLISECONDS)",0.9999999999999997
Task: attempt_<\d>_<\d>_m_<\d>_<\d> - exited : java.net.NoRouteToHostException: No Route to Host from MININT-FNANLI5/127.0.0.1 to msra-sa-41:9000 failed on socket timeout exception: java.net.NoRouteToHostException: No route to host: no further information; For more details see: http://wiki.apache.org/hadoop/NoRouteToHost,0.9999999999999993
Diagnostics report from attempt_<\d>_<\d>_m_<\d>_<\d>: Error: java.net.NoRouteToHostException: No Route to Host from MININT-FNANLI5/127.0.0.1 to msra-sa-41:9000 failed on socket timeout exception: java.net.NoRouteToHostException: No route to host: no further information; For more details see: http://wiki.apache.org/hadoop/NoRouteToHost,0.9999999999999993
attempt_<\d>_<\d>_m_<\d>_<\d> TaskAttempt Transitioned from RUNNING to FAIL_CONTAINER_CLEANUP,1.0
attempt_<\d>_<\d>_m_<\d>_<\d> TaskAttempt Transitioned from FAIL_CONTAINER_CLEANUP to FAIL_TASK_CLEANUP,1.0
Processing the event EventType: TASK_ABORT,0.9999999999999999
Task cleanup failed for attempt attempt_<\d>_<\d>_m_<\d>_<\d>,0.9999999999999998
attempt_<\d>_<\d>_m_<\d>_<\d> TaskAttempt Transitioned from FAIL_TASK_CLEANUP to FAILED,1.0
Error writing History Event: org.apache.hadoop.mapreduce.jobhistory.TaskAttemptUnsuccessfulCompletionEvent@7317849d,1.0
"Thread Thread[eventHandlingThread,5,main] threw an Exception.",1.0
<\d> failures on node MININT-FNANLI5.fareast.corp.microsoft.com,0.9999999999999999
Added attempt_<\d>_<\d>_m_<\d>_<\d> to list of failed maps,1.0
