template,intra_sim
PacketResponder <\d> for block blk_<\d> terminating,0.9999999999999998
BLOCK* NameSystem.addStoredBlock: blockMap updated: <\d>.<\d>.<\d>.<\d>:<\d> is added to blk_<\d> size <\d>,1.0
Received block blk_<\d> of size <\d> from /<\d>.<\d>.<\d>.<\d>,1.0
Receiving block blk_<\d> src: /<\d>.<\d>.<\d>.<\d>:<\d> dest: /<\d>.<\d>.<\d>.<\d>:<\d>,1.0
BLOCK* NameSystem.allocateBlock: /user/root/<*>/_temporary/_task_<\d>_<\d>_<*>_<\d>_<\d>/part-<\d>. blk_<\d>,0.9953703703703705
Verification succeeded for blk_<\d>,1.0
Deleting block blk_<\d> file <*>_<\d>,0.9444444444444444
<\d>.<\d>.<\d>.<\d>:<\d> Served block blk_<\d> to /<\d>.<\d>.<\d>.<\d>,0.9999999999999998
<\d>.<\d>.<\d>.<\d>:<\d>:Got exception while serving blk_<\d> to /<\d>.<\d>.<\d>.<\d>:,1.0
BLOCK* NameSystem.delete: blk_<\d> is added to invalidSet of <\d>.<\d>.<\d>.<\d>:<\d>,0.9999999999999999
10.250.15.198:50010 Starting thread to transfer block blk_4292382298896622412 to 10.250.15.240:50010,1.0
Received block blk_<\d> src: /<\d>.<\d>.<\d>.<\d>:<\d> dest: /<\d>.<\d>.<\d>.<\d>:<\d> of size <\d>,1.0
BLOCK* ask 10.250.14.38:50010 to replicate blk_-7571492020523929240 to datanode(s) 10.251.122.38:50010,1.0
