template,intra_sim
onStandStepChanged <\d>,1.0
onExtend:<\d> <\d> <\d> <\d>,1.0
onReceive action: android.intent.action.SCREEN_ON,1.0
processHandleBroadcastAction action:android.intent.action.SCREEN_ON,1.0
flush sensor data,1.0
getTodayTotalDetailSteps = <\d>##<\d>##<\d>##<\d>##<\d>##<\d>,1.0
setTodayTotalDetailSteps=<\d>##<\d>##<\d>##<\d>##<\d>##<\d>,0.9999999999999999
calculateCaloriesWithCache totalCalories=<\d>,1.0
calculateAltitudeWithCache totalAltitude=<\d>,1.0
REPORT : <\d> <\d> <\d> <\d>,0.9999999999999998
onReceive action: android.intent.action.SCREEN_OFF,1.0
isScreenOn true,1.0
"screen status unknown,think screen on",1.0
processHandleBroadcastAction action:android.intent.action.TIME_TICK,1.0
flushTempCacheToDB by stand,1.0
Alarm uploadStaticsToDB totalSteps=7163Calories:153367Floor:240Distance:5112,1.0
writeDataToDB size <\d>,1.0
"upLoadOneMinuteDataToEngine time=<\d>,<\d>,<\d>,<\d>,<\d>",1.0
getBinderPackageName packageName = com.huawei.health,1.0
"getAppContext() isAppValid health or wear, packageName = com.huawei.health",1.0
insertHiHealthData() checkAppType <\d> appID = <\d>,0.9999999999999998
"insertHiHealthData() size = <\d>,app = 1,One Data Type = <\d>,packageName = com.huawei.health,writeStatType = <\d>",0.9999999999999999
"saveHealthDetailData() deviceID = 2,clientID=1,id=1",1.0
"saveStatData() type =<\d>,time = 1513958400000,statClient = 2,who is <\d>",0.9999999999999999
"new date =20171223, type=<\d>,<\d>.<\d>,old=<\d>.<\d>",1.0
"saveHealthDetailData() saveOneDetailData fail hiHealthData = 1513958400000,type = <\d>",1.0
"bulkSaveDetailHiHealthData() size = <\d>,totalTime = <\d>",0.9999999999999998
startListenerChange subscribeList = [1],1.0
"insertHiHealthData() bulkSaveDetailHiHealthData fail errorCode = 4,errorMessage = ERR_DATA_INSERT",1.0
insertHiHealthData() end totalTime = <\d>,0.9999999999999999
uploadStaticsToDB() onResult type = <\d> obj=true,1.0
uploadStaticsToDB failed message=true,1.0
checkInsertStatus stepSum or calorieSum is enough,0.9999999999999998
checkInsertStatus stepStatSum or calorieStatSum is enough,0.9999999999999998
"stepSyncOrNot appSynTimes is 0, statsyncTimes is <\d>",1.0
"startInsertSportSync start auto sync,app is <\d>",0.9999999999999998
"checkFirstSyncByType no such data in db ,type is <\d> deviceCode is <\d>",0.9999999999999998
"startInsertSportSync first <\d> steps sync,do all sync",1.0
"startSync hiSyncOption = HiSyncOption{syncAction=<\d>, syncMethod=2, syncScope=0, syncDataType=20000, syncModel=2, pushAction=0},app = <\d> who = <\d>",0.9999999999999999
needAutoSync autoSyncSwitch is open,1.0
"initDataPrivacy the dataPrivacy switch is open, start push health data!",1.0
initDataPrivacy the dataPrivacy is true,0.9999999999999999
"initUserPrivacy the userPrivacy switch is open, start push user data!",1.0
initUserPrivacy the userPrivacy is true,0.9999999999999999
ifCanSync not! no cloud version,0.9999999999999999
sendSyncFailedBroadcast,1.0
"saveRealTimeHealthDatasStat() size = 1,totalTime = <\d>",1.0
InsertCallBack() onSuccess type = <\d> data=true,1.0
InsertEvent success begin:25233975 end:25233979,1.0
setWriteDBLastDataMinute=25233979,1.0
setWriteDBLastDataMinute success,1.0
flush2DB result success,1.0
"timeStamp back,extendReportTimeStamp=<\d>",1.0
startTimer start autoSync,1.0
stepSyncOrNot appSynTimes is <\d>,1.0
getTodaySportData mStepsRecordManager=com.huawei.health.g.c@8a2a501,1.0
theDayChanged <\d>,1.0
initEnviroument,1.0
getStepCounterStatus,1.0
getStepCounterStatus= true,1.0
reStartStepCounter,1.0
registersensorsuccess: true,1.0
clear(),1.0
getTodayBasicStandardSteps= <\d>##<\d>##<\d>,1.0
tryToRecordAsBasicStepData bWrite true,1.0
getDiffTotalSteps= <\d>##<\d>,1.0
setBasicStandardSteps basicStandardStep=3786 restartSteps=0,1.0
setDiffTotalSteps=0,1.0
tryToReloadTodayBasicSteps1514044800223|3786|0|0,1.0
reload : <\d> restar <\d>,1.0
next day:steps0mLastReport7214,1.0
setGoalNotifiShownRecord <\d> false,1.0
closeNotification...,1.0
deleteHealthNotification(),1.0
"checkCurrentDay a new day comes , reset basicSyncCondition, currentDay is <\d> oldDay is <\d>",1.0
