template,intra_sim
Component State Change: Component \<*>\<\d> is in the unavailable state (HWID=<\d>),0.9722222222222224
clusterAddMember (command <\d>),1.0
risBoot (command 1903),1.0
bootGenvmunix (command <\d>),1.0
boot (command <\d>),1.0
wait (command <\d>),1.0
halt (command <\d>),1.0
Command has completed successfully,1.0
Targeting domains:node-<*> and nodes:node-[<\d>-<\d>] child of command <\d>,0.9876543209876545
Targeting domains:node-<*> and nodes:node-<*>,0.9555555555555555
psu failure\ ambient=<\d>,1.0
Temperature (41C) exceeds warning threshold,0.9999999999999999
ClusterFileSystem: There is no server for ServerFileSystem domain <*>,0.8999999999999999
NIFF: node node-<\d> detected a failed network connection on network 5.5.224.0 via interface alt0,0.9999999999999999
ServerFileSystem: An ServerFileSystem domain panic has occurred on storage442,1.0
Fan speeds ( <\d> <\d> <\d> **** <\d> <\d> ),1.0
Fan speeds ( <\d> <\d> <\d> <\d> <\d> <\d> ),1.0
Command has been aborted,1.0
power/control problem,1.0
Link error,1.0
Link in reset,1.0
Link ok,1.0
Link error on broadcast tree Interconnect-<*>:<\d>:<\d>:<\d>,0.9904761904761903
ServerFileSystem: ServerFileSystem domain <*>_<*> is full,0.9047619047619047
ClusterFileSystem: ServerFileSystem domain <*> is no longer served by node node-<\d>,0.9166666666666667
running,1.0
blocked,1.0
not responding,1.0
configured out,1.0
active,1.0
not-responding,1.0
starting,1.0
closing,1.0
normal,1.0
warning,1.0
ambient=<\d>,1.0
critical,1.0
Linkerror event interval expired,1.0
risBoot (command 1903) Error: Timed out while waiting for SRM prompt: <ABORT code completed>,1.0
boot (command 2092) Error: HALT asserted\ cannot continue,1.0
Failed subcommands <\d>,1.0
link errors remain current,1.0
NIFF: node node-<\d> has detected an available network connection on network 10.128.0.0 via interface ee0,1.0
NIFF: node node-<\d> has detected an available network connection on network <\d>.<\d>.<\d>.<\d> via interface alt0,1.0
NIFF: node node-<\d> has detected an available network connection on network 10.96.0.0 via interface scip0,1.0
