template,intra_sim
authentication failure; logname= uid=0 euid=0 tty=NODEVssh ruser= rhost=<*>,0.9629629629629631
check pass; user unknown,1.0
authentication failure; logname= uid=0 euid=0 tty=NODEVssh ruser= rhost=<*> user=root,0.9666666666666666
session opened for user <*> by (uid=<\d>),0.875
session closed for user <*>,0.8333333333333333
ALERT exited abnormally with [1],0.9999999999999999
connection from <\d>.<\d>.<\d>.<\d> (<*>) at <*> <*> <\d> <\d>:<\d>:<\d> <\d>,0.7727272727272728
authentication failure; logname= uid=0 euid=0 tty=NODEVssh ruser= rhost=<\d>.<\d>.<\d>.<\d> user=guest,0.9999999999999999
User unknown timed out after <\d> seconds at Sat Jun <\d> 02:23:10 <\d>,1.0
cupsd shutdown succeeded,1.0
cupsd startup succeeded,1.0
restart.,1.0
Received SNMP packet(s) from 67.170.148.126,1.0
Authentication failed from 163.27.187.39 (163.27.187.39): Permission denied in replay cache code,1.0
Kerberos authentication failed,1.0
Authentication failed from 163.27.187.39 (163.27.187.39): Software caused connection abort,0.9999999999999999
*** info [mice.c(1766)]:,1.0
imps2: Auto-detected intellimouse PS/2,1.0
session opened for user root by LOGIN(uid=0),1.0
ROOT LOGIN ON tty2,1.0
removing device node '/udev/<*>',0.9750000000000001
creating device node '/udev/<*>',0.9750000000000001
authentication failure; logname= uid=0 euid=0 tty=NODEVssh ruser= rhost=212.0.132.20 user=test,0.9999999999999999
authentication failure; logname= uid=0 euid=0 tty=:0 ruser= rhost=,1.0
Couldn't authenticate user,1.0
"ANONYMOUS FTP LOGIN FROM 84.102.20.2, (anonymous)",0.9999999999999998
notify question section contains no SOA,0.9999999999999998
getpeername (ftpd): Transport endpoint is not connected,1.0
warning: can't get client address: Connection reset by peer,0.9999999999999999
syslogd startup succeeded,1.0
"klogd 1.4.1, log source = /proc/kmsg started.",1.0
Linux version 2.6.5-1.358 (bhcompile@bugs.build.redhat.com) (gcc version 3.3.3 20040412 (Red Hat Linux 3.3.3-7)) #1 Sat May <\d> 09:04:50 EDT <\d>,1.0
BIOS-provided physical RAM map:,1.0
BIOS-e820: <\d> - <*> (usable),0.9999999999999999
BIOS-e820: <*> - <\d> (reserved),0.9999999999999999
0MB HIGHMEM available.,1.0
126MB LOWMEM available.,1.0
zapping low mappings.,1.0
klogd startup succeeded,1.0
On node <\d> totalpages: <\d>,1.0
"DMA zone: <\d> pages, LIFO batch:1",1.0
"Normal zone: <\d> pages, LIFO batch:6",1.0
irqbalance startup succeeded,1.0
"HighMem zone: <\d> pages, LIFO batch:1",1.0
DMI 2.3 present.,1.0
ACPI disabled because your bios is from <\d> and too old,1.0
You can enable it with acpi=force,1.0
Built <\d> zonelists,1.0
Kernel command line: ro root=LABEL=/ rhgb quiet,1.0
mapped 4G/4G trampoline to ffff3000.,1.0
Initializing CPU#0,1.0
"CPU <\d> irqstacks, hard=02345000 soft=02344000",1.0
portmap startup succeeded,1.0
PID hash table entries: <\d> (order 9: 4096 bytes),1.0
Detected 731.219 MHz processor.,1.0
Version 1.0.6 Starting,1.0
Using tsc for high-res timesource,1.0
rpc.statd startup succeeded,1.0
Console: colour VGA+ 80x25,1.0
"Memory: 125312k/129720k available (1540k kernel code, 3860k reserved, 599k data, 144k init, 0k highmem)",1.0
Calibrating delay loop... 1445.88 BogoMIPS,1.0
Security Scaffold v1.0.0 initialized,1.0
SELinux: Initializing.,1.0
SELinux: Starting in permissive mode,1.0
"There is already a security framework initialized, register_security failed.",1.0
Failure registering capabilities with the kernel,1.0
selinux_register_security: Registering secondary module capability,1.0
Capability LSM initialized,1.0
rpc.idmapd startup succeeded,1.0
"Dentry cache hash table entries: <\d> (order: 4, 65536 bytes)",1.0
"Inode-cache hash table entries: <\d> (order: 3, 32768 bytes)",1.0
"Mount-cache hash table entries: <\d> (order: 0, 4096 bytes)",1.0
"CPU: L1 I cache: 16K, L1 D cache: 16K",1.0
CPU: L2 cache: 256K,1.0
Intel machine check architecture supported.,1.0
Intel machine check reporting enabled on CPU#0.,1.0
CPU: Intel Pentium III (Coppermine) stepping <\d>,1.0
Enabling fast FPU save and restore... done.,1.0
Enabling unmasked SIMD FPU exception support... done.,1.0
Checking 'hlt' instruction... OK.,1.0
Initializing random number generator: succeeded,1.0
POSIX conformance testing by UNIFIX,1.0
NET: Registered protocol family <\d>,1.0
"PCI: PCI BIOS revision 2.10 entry at 0xfc0ce, last bus=1",1.0
PCI: Using configuration type <\d>,1.0
mtrr: v2.0 (20020519),1.0
ACPI: Subsystem revision <\d>,1.0
ACPI: Interpreter disabled.,1.0
Linux Plug and Play Support v0.97 (c) Adam Belay,1.0
Starting pcmcia: succeeded,1.0
usbcore: registered new driver usbfs,1.0
usbcore: registered new driver hub,1.0
ACPI: ACPI tables contain no PCI IRQ routing entries,1.0
PCI: Invalid ACPI-PCI IRQ routing table,1.0
PCI: Probing PCI hardware,1.0
PCI: Probing PCI hardware (bus 00),1.0
Transparent bridge - 0000:00:1e.0,1.0
PCI: Using IRQ router PIIX/ICH [8086/2410] at 0000:00:1f.0,1.0
apm: BIOS version 1.2 Flags 0x03 (Driver version 1.16ac),1.0
audit: initializing netlink socket (disabled),1.0
kernel.core_uses_pid = <\d>,1.0
HCI daemon ver 2.4 started,1.0
hcid startup succeeded,1.0
audit(1122475266.4294965305:0): initialized,1.0
Setting network parameters: succeeded,1.0
sdpd startup succeeded,1.0
sdpd v1.5 started,1.0
"Total HugeTLB memory allocated, <\d>",1.0
Bringing up loopback interface: succeeded,1.0
VFS: Disk quotas dquot_6.5.1,1.0
"Dquot-cache hash table entries: <\d> (order 0, 4096 bytes)",1.0
SELinux: Registering netfilter hooks,1.0
Initializing Cryptographic API,1.0
pci_hotplug: PCI Hot Plug PCI Core version: 0.5,1.0
isapnp: Scanning for PnP cards...,1.0
isapnp: No Plug & Play device found,1.0
Real Time Clock Driver v1.12,1.0
Linux agpgart interface v0.100 (c) Dave Jones,1.0
