template,intra_sim
IOThunderboltSwitch<0>(0x0)::listenerCallback - Thunderbolt HPD packet for route = 0x0 port = <\d> unplug = <\d>,1.0
Thermal pressure state: <\d> Memory pressure state: <\d>,1.0
FA||Url||taskID[<\d>] dealloc,1.0
ARPT: <\d>.<\d>: AirPort_Brcm43xx::syncPowerState: WWEN[enabled],1.0
ARPT: <\d>.<\d>: AirPort_Brcm43xx::platformWoWEnable: WWEN[disable],1.0
mDNS_DeregisterInterface: Frequent transitions for interface awdl0 (FE80:0000:0000:0000:D8A5:90FF:FEF5:7FFF),1.0
"ARPT: <\d>.<\d>: IOPMPowerSource Information: onSleep, SleepType: Normal Sleep, 'ExternalConnected': Yes, 'TimeRemaining': 0,",0.9999999999999998
"ARPT: <\d>.<\d>: wl0: wl_update_tcpkeep_seq: Original Seq: <\d>, Ack: <\d>, Win size: <\d>",0.9999999999999998
ARPT: <\d>.<\d>: ARPT: Wake Reason: Wake on Scan offload,0.9999999999999999
__73-[NetworkAnalyticsEngine observeValueForKeyPath:ofObject:change:context:]_block_invoke unexpected switch value <\d>,0.9999999999999999
IO80211AWDLPeerManager::setAwdlAutoMode Resuming AWDL,1.0
"ARPT: <\d>.<\d>: wl0: MDNS: <\d> SRV Recs, <\d> TXT Recs",1.0
AppleCamIn::systemWakeCall - messageType = <*>,0.9999999999999999
"setting hostname to ""<*>""",0.9
"<*> scheduler_evaluate_activity told me to run this job; however, but the start time isn't for <\d> seconds. Ignoring.",0.9473684210526312
CCIOReporterFormatter::addRegistryChildToChannelDictionary streams <\d>,1.0
[<\d>:<\d>:<\d>.<\d>] <<<< CRABS >>>> crabsFlumeHostAvailable: [0x7f961cf08cf0] Byte flume reports host available again.,0.9999999999999998
AirPort: Link Down on awdl0. Reason <\d> (Unspecified).,1.0
"PM response took <\d> ms (54, powerd)",0.9999999999999998
"ARPT: <\d>.<\d>: wl0: Roamed or switched channel, reason #<\d>, bssid <*>:<*>:<*>:<*>:<*>:<*>, last RSSI <\d>",0.976190476190476
nw_nat64_post_new_ifstate successfully changed NAT64 ifstate from <*> to <*>,0.9999999999999999
"IO80211AWDLPeerManager::setAwdlSuspendedMode() Suspending AWDL, enterQuietMode(true)",1.0
"network_reachability_changed : network is not reachable, netbiosd is shutting down",1.0
CCFile::captureLogRun() Exiting CCFile::captureLogRun,1.0
com.apple.Addres(<\d>) deny network-outbound /private/var/run/mDNSResponder,1.0
ARPT: <\d>.<\d>: wl0: MDNS: IPV6 Addr: <*>:<*>:<\d>:<*>:<*>:<*>:<*>:<*>,0.9861111111111112
AirPort: Link Up on en0,0.9999999999999999
Sandbox: com.apple.Addres(<\d>) deny(1) network-outbound /private/var/run/mDNSResponder,0.9999999999999999
ARPT: <\d>.<\d>: AirPort_Brcm43xx::platformWoWEnable: WWEN[enable],1.0
AirPort: Link Up on awdl0,0.9999999999999999
AppleThunderboltGenericHAL::earlyWake - complete - took <\d> milliseconds,1.0
mDNS_DeregisterInterface: Frequent transitions for interface en0 (<*>),0.9375
AppleThunderboltNHIType2::waitForOk2Go2Sx - retries = <\d>,0.9999999999999999
"ARPT: <\d>.<\d>: wl0: wl_update_tcpkeep_seq: Updated seq/ack/win from UserClient Seq <\d>, Ack <\d>, Win size <\d>",1.0
en0::IO80211Interface::postMessage bssid changed,1.0
AppleThunderboltNHIType2::waitForOk2Go2Sx - intel_rp = <\d> dlla_reporting_supported = <\d>,1.0
mDNS_RegisterInterface: Frequent transitions for interface en0 (FE80:0000:0000:0000:C6B3:01FF:FECD:467F),1.0
AppleCamIn::wakeEventHandlerThread,1.0
"ARPT: <\d>.<\d>: wl0: setup_keepalive: Local port: <\d>, Remote port: <\d>",1.0
-[UABestAppSuggestionManager notifyBestAppChanged:type:options:bundleIdentifier:activityType:dynamicIdentifier:when:confidence:deviceName:deviceIdentifier:deviceType:] (null) UASuggestedActionType=0 (null)/(null) opts=(null) when=<\d>-<\d>-<\d> <\d>:<\d>:<\d> +0000 confidence=1 from=(null)/(null) (UABestAppSuggestionManager.m #319),1.0
en0: channel changed to <*>,0.9999999999999999
ARPT: <\d>.<\d>: AQM agg results 0x8001 len hi/lo: 0x0 <*> BAbitmap(0-3) <\d> <\d> <\d> <\d>,1.0
"CCFile::captureLog Received Capture notice id: <\d>.<\d>, reason = AuthFail:sts:5_rsn:0",0.9999999999999999
IO80211AWDLPeerManager::setAwdlOperatingMode Setting the AWDL operation mode from AUTO to SUSPENDED,1.0
Unrecognized attribute value: t:AbchPersonItemType,1.0
"SOSAccountThisDeviceCanSyncWithCircle sync with device failure: Error Domain=com.apple.security.sos.error Code=1035 ""Account identity not set"" UserInfo={NSDescription=Account identity not set}",1.0
"CFPasteboardRef CFPasteboardCreate(CFAllocatorRef, CFStringRef) : failed to create global data",1.0
<\d>:<\d>:<\d>.<\d> : BTLE scanner Powered On,0.9999999999999998
button report: <*>,1.0
11:20:51.293 : BTLE discovered device with hash <01faa200 <\d> 0000>,1.0
"securityd_xpc_dictionary_handler cloudd[326] copy_matching Error Domain=NSOSStatusErrorDomain Code=-50 ""query missing class name"" (paramErr: error in user parameter list) UserInfo={NSDescription=query missing class name}",0.9999999999999999
Location icon should now be in state 'Inactive',1.0
"ARPT: <\d>.<\d>: wl0: setup_keepalive: interval <\d>, retry_interval 30, retry_count <\d>",1.0
ARPT: <\d>.<\d>: wl0: MDNS: IPV4 Addr: <\d>.<\d>.<\d>.<\d>,1.0
__42-[NETClientConnection evaluateCrazyIvan46]_block_invoke CI46 - Hit by torpedo! <*>.<\d> <*> <\d>.<\d>.<\d>.<\d>:<\d>,0.8666666666666666
"Setting BTCoex Config: enable_2G:1, profile_2g:0, enable_5G:1, profile_5G:0",1.0
Captive: [CNInfoNetworkActive:1748] en0: SSID 'CalVisitor' making interface primary (cache indicates network not captive),0.9999999999999999
IO80211AWDLPeerManager::setAwdlOperatingMode Setting the AWDL operation mode from SUSPENDED to AUTO,1.0
-[NetworkAnalyticsEngine _writeJournalRecord:fromCellFingerprint:key:atLOI:ofKind:lqm:isFaulty:] Hashing of the primary key failed. Dropping the journal record.,1.0
11:46:19.229 : Finished generating hashes,1.0
Captive: CNPluginHandler en0: Evaluating,1.0
tcp_connection_destination_perform_socket_connect <\d> connectx to <\d>.<\d>.<\d>.<\d>:<\d>@<\d> failed: [50] Network is down,1.0
AirPort: Link Down on en0. Reason <\d> (Disassociated because station leaving).,1.0
"USBMSC Identifier (non-unique): <\d> 0x5ac 0x8406 0x820, <\d>",1.0
CCXPCService::setStreamEventHandler Registered for notification callback.,0.9999999999999999
[<\d>/<\d>:WARNING:dns_config_service_posix.cc(306)] Failed to read DnsConfig.,0.9999999999999999
Saw change in network reachability (isReachable=<\d>),0.9999999999999998
[HID] [ATC] AppleDeviceManagementHIDEventService::processWakeReason Wake reason: Host (0x01),1.0
en0: BSSID changed to <*>:<*>:<*>:<*>:<*>:<*>,0.8571428571428571
dnssd_clientstub ConnectToServer: connect()-> No of tries: <\d>,1.0
-[NETClientConnection effectiveBundleID] using process name apsd as bundle ID (this is expected for daemons without bundle ID,0.9999999999999999
"RTC: Maintenance <\d>/<\d>/<\d> <\d>:<\d>:<\d>, sleep <\d>/<\d>/<\d> <\d>:<\d>:<\d>",1.0
RTC: PowerByCalendarDate setting ignored,1.0
Location icon should now be in state 'Active',1.0
en0: 802.11d country code set to '<*>'.,0.96875
"ARPT: <\d>.<\d>: wl0: setup_keepalive: Seq: <\d>, Ack: <\d>, Win size: <\d>",1.0
QQ(10018) deny mach-lookup com.apple.networking.captivenetworksupport,1.0
[HID] [MT] AppleMultitouchDevice::willTerminate entered,1.0
[BluetoothHIDDeviceController] EventServiceDisconnectedCallback,1.0
PMStats: Hibernate read took <\d> ms,1.0
dnssd_clientstub ConnectToServer: connect() failed path:/var/run/mDNSResponder Socket:4 Err:-1 Errno:1 Operation not permitted,1.0
"pages <\d>, wire <\d>, act <\d>, inact <\d>, cleaned <\d> spec <\d>, zf <\d>, throt 0, compr <\d>, xpmapped <\d>",1.0
"VDCAssistant: Found a camera (0x1430000005ac8290) , but was not able to start it up (0x0 -- (os/kern) successful)",1.0
handle_will_sleep_auth_and_shield_windows: Reordering authw 0x7fa823a04400(2004) (lock state: 3),1.0
"2017-07-01 19:46:26.133 GoogleSoftwareUpdateAgent[31702/0x7000002a0000] [lvl=2] -[KSAgentApp(KeystoneThread) runKeystonesInThreadWithArg:] Checking with local engine: <KSUpdateEngine:0x100259c60 ticketStore=<KSPersistentTicketStore:0x100253770 store=<KSKeyedPersistentStore:0x100254d10 path=""/Users/xpc/Library/Google/GoogleSoftwareUpdate/TicketStore/Keystone.ticketstore"" lockFile=<KSLockFile:0x100254d80 path=""/Users/xpc/Library/Google/GoogleSoftwareUpdate/TicketStore/Keystone.ticketstore.lock"" locked=NO > >> processor=<KSActionProcessor:0x100259e70 delegate=<KSUpdateEngine:0x100259c60> isProcessing=NO actionsCompleted=0 progress=0.00 errors=0 currentActionErrors=0 events=0 currentActionEvents=0 actionQueue=( ) > delegate=(null) serverInfoStore=<KSServerPrivateInfoStore:0x1002594d0 path=""/Users/xpc/Library/Google/GoogleSoftwareUpdate/Servers""> errors=0 >",1.0
-[ISGenerateImageOp generateImageWithCompletion:] Failed to composit image for descriptor <ISBindingImageDescriptor: <*>>.,0.9999999999999999
Error returned from iconservicesagent: (null),0.9999999999999999
tcp_connection_tls_session_error_callback_imp <\d> __tcp_connection_tls_session_callback_write_block_invoke.434 error <\d>,0.9999999999999999
"SecOSStatusWith error:[-50] Error Domain=NSOSStatusErrorDomain Code=-50 ""query missing class name"" (paramErr: error in user parameter list) UserInfo={NSDescription=query missing class name}",1.0
send_datagram_available_ping: pid <\d> failed to act on a ping it dequeued before timing out.,0.9999999999999999
WARNING: Type1 font data isn't in the correct format required by the Adobe Type <\d> Font Format specification.,1.0
"device_generate_desktop_screenshot: authw <*>(<\d>), shield <*>(<\d>)",0.9999999999999999
[com.apple.calendar.store.log.caldav.coredav] [Refusing to parse response to PROPPATCH because of content-type: [text/html; charset=UTF-8].],1.0
"NETWORK: requery, 0, 0, 0, 0, <\d>, items, fQueryRetries, <\d>, fLastRetryTimestamp, <\d>.<\d>",0.9999999999999998
Previous sleep cause: <\d>,1.0
Wake reason: RTC (Alarm),1.0
AppleThunderboltNHIType2::prePCIWake - power up complete - took <\d> us,0.9999999999999999
network changed: v4(<*>:<\d>.<\d>.<\d>.<\d>) v6(<*>:<\d>:f140:<\d>:<\d>:c6b3:1ff:fecd:467f) DNS! Proxy SMB,0.9930555555555556
hibernate_page_list_setall found pageCount <\d>,1.0
[HID] [ATC] [Error] AppleDeviceManagementHIDEventService::start Could not make a string from out connection notification key,0.9999999999999999
[IOBluetoothFamily][staticBluetoothTransportShowsUp] -- Received Bluetooth Controller register service notification -- 0x7000,1.0
"2017-07-02 10:40:07.676 GoogleSoftwareUpdateAgent[32012/0x7000002a0000] [lvl=2] -[KSAgentApp updateProductWithProductID:usingEngine:] Checking for updates for ""com.google.Keystone"" using engine <KSUpdateEngine:0x100313e70 ticketStore=<KSPersistentTicketStore:0x100332a60 store=<KSKeyedPersistentStore:0x100315fa0 path=""/Users/xpc/Library/Google/GoogleSoftwareUpdate/TicketStore/Keystone.ticketstore"" lockFile=<KSLockFile:0x1003176d0 path=""/Users/xpc/Library/Google/GoogleSoftwareUpdate/TicketStore/Keystone.ticketstore.lock"" locked=NO > >> processor=<KSActionProcessor:0x1003143e0 delegate=<KSUpdateEngine:0x100313e70> isProcessing=NO actionsCompleted=0 progress=0.00 errors=0 currentActionErrors=0 events=0 currentActionEvents=0 actionQueue=( ) > delegate=(null) serverInfoStore=<KSServerPrivateInfoStore:0x100311a10 path=""/Users/xpc/Library/Google/GoogleSoftwareUpdate/Servers""> errors=0 >",1.0
<\d>/<\d>/<\d> <\d>:<\d>:<\d>.<\d> | I | VoipWrapper | DAVEngineImpl.cpp:1400:Close | close video chat. llFriendUIN = <*>.,0.96875
"ARPT: <\d>.<\d>: IOPMPowerSource Information: onSleep, SleepType: Normal Sleep, 'ExternalConnected': No, 'TimeRemaining': <\d>,",0.9999999999999998
Bluetooth -- LE is supported - Disable LE meta event,1.0
<\d>:<\d>:<\d>.<\d> : Discoverable mode changed to Off,1.0
tcp_connection_handle_connect_conditions_bad <\d> failed: <\d> - No network route,1.0
Captive: CNPluginHandler en0: Authenticated,1.0
ARPT: <\d>.<\d>: wl0: setup_keepalive: Local IP: <\d>.<\d>.<\d>.<\d>,1.0
TBT W (2): 0x0040 [x],0.9999999999999999
network changed: DNS* Proxy,1.0
mDNS_RegisterInterface: Frequent transitions for interface awdl0 (FE80:0000:0000:0000:D8A5:90FF:FEF5:7FFF),1.0
ASL Sender Statistics,1.0
2017-07-02 15:46:40.516 GoogleSoftwareUpdateAgent[32432/0x7000002a0000] [lvl=2] -[KSOutOfProcessFetcher(PrivateMethods) launchedHelperTaskForToolPath:error:] KSOutOfProcessFetcher launched '/Users/xpc/Library/Google/GoogleSoftwareUpdate/GoogleSoftwareUpdate.bundle/Contents/MacOS/ksfetch' with process id: <\d>,1.0
"<\d>-<\d>-<\d> <\d>:<\d>:<\d>.<\d> GoogleSoftwareUpdateAgent[<\d>/0x7000002a0000] [lvl=2] -[KSUpdateEngine updateAllExceptProduct:] KSUpdateEngine updating all installed products, except:'com.google.Keystone'.",1.0
<\d>-<\d>-<\d> <\d>:<\d>:<\d>.<\d> ksfetch[<\d>/0x7fff79824000] [lvl=2] main() ksfetch fetching URL (<NSMutableURLRequest: <*>> { URL: https://tools.google.com/service/update2?cup2hreq=<*>&cup2key=<\d>:<\d> }) to folder:/tmp/KSOutOfProcessFetcher.<*>/download,0.9976851851851852
"Path not allowed in target domain: type = pid, path = /System/Library/StagedFrameworks/Safari/SafariShared.framework/Versions/A/XPCServices/com.apple.Safari.<*>.xpc/Contents/MacOS/com.apple.Safari.<*> error = 147: The specified service did not ship in the requestor's bundle, origin = /System/Library/StagedFrameworks/Safari/WebKit.framework/Versions/A/XPCServices/com.apple.WebKit.WebContent.xpc",0.9990274093722364
[<\d>:<\d>:<\d>.<\d>] <<<< IQ-CA >>>> piqca_setUsePreQueue: (<*>) rejecting report of layer being serviced - IQ has not yet begun to update,1.0
[<\d>:<\d>:<\d>.<\d>] itemasync_SetProperty signalled err=-12785 (kFigBaseObjectError_Invalidated) (invalidated) at /Library/Caches/com.apple.xbs/Sources/CoreMedia/CoreMedia-1731.15.207/Prototypes/Player/FigPlayer_Async.c line <\d>,1.0
KeychainGetICDPStatus: keychain: <\d>,1.0
host connection <NSXPCConnection: 0x7fddbbb015c0> connection from pid <\d> invalidated,1.0
Error in CoreDragRemoveReceiveHandler: <\d>,1.0
ARPT: <\d>.<\d>: wl0: leaveModulePoweredForOffloads: Wi-Fi will stay on.,1.0
"ARPT: <\d>.<\d>: IOPMPowerSource Information: onWake, SleepType: Normal Sleep, 'ExternalConnected': Yes, 'TimeRemaining': 0,",0.9999999999999998
Captive: CNPluginHandler en0: Inactive,1.0
in6_unlink_ifa: IPv6 address <*> has no prefix,1.0
"PBRequester failed with Error Error Domain=NSURLErrorDomain Code=-1001 ""The request timed out."" UserInfo={NSUnderlyingError=<*> {Error Domain=kCFErrorDomainCFNetwork Code=-1001 ""The request timed out."" UserInfo={NSErrorFailingURLStringKey=https://<*>-<*>, NSErrorFailingURLKey=https://<*>-<*>, _kCFStreamErrorCodeKey=-2102, _kCFStreamErrorDomainKey=4, NSLocalizedDescription=The request timed out.}}, NSErrorFailingURLStringKey=https://<*>-<*>, NSErrorFailingURLKey=https://<*>-<*>, _kCFStreamErrorDomainKey=4, _kCFStreamErrorCodeKey=-2102, NSLocalizedDescription=The request timed out.}",0.9999157599659142
"device_generate_lock_screen_screenshot: authw <*>(<\d>)[0, 0, <\d>, <\d>] shield <*>(<\d>), dev [1440,900]",1.0
<\d>-<\d>-<\d> <\d>:<\d>:<\d>.<\d> ksfetch[<\d>/0x7fff79824000] [lvl=2] KSHelperReceiveAllData() KSHelperTool read <\d> bytes from stdin.,1.0
[<\d>:<\d>:<\d>.<\d>] FigAgglomeratorSetObjectForKey signalled err=-16020 (kFigStringConformerError_ParamErr) (NULL key) at /Library/Caches/com.apple.xbs/Sources/CoreMedia/CoreMedia-1731.15.207/Prototypes/LegibleOutput/FigAgglomerator.c line <\d>,1.0
<\d>:<\d>:<\d>.<\d> : BTLE scanner Powered Off,0.9999999999999998
"PBRequester failed with Error Error Domain=NSURLErrorDomain Code=-1009 ""The Internet connection appears to be offline."" UserInfo={NSUnderlyingError=<*> {Error Domain=kCFErrorDomainCFNetwork Code=-1009 ""The Internet connection appears to be offline."" UserInfo={NSErrorFailingURLStringKey=https://<*>-<*>, NSErrorFailingURLKey=https://<*>-<*>, _kCFStreamErrorCodeKey=8, _kCFStreamErrorDomainKey=12, NSLocalizedDescription=The Internet connection appears to be offline.}}, NSErrorFailingURLStringKey=https://<*>-<*>, NSErrorFailingURLKey=https://<*>-<*>, _kCFStreamErrorDomainKey=12, _kCFStreamErrorCodeKey=8, NSLocalizedDescription=The Internet connection appears to be offline.}",0.9999338241598079
ARPT: <\d>.<\d>: AQM agg params 0xfc0 maxlen hi/lo 0x0 0xffff minlen 0x0 adjlen 0x0,0.9999999999999999
Received Capture Event,1.0
Sandbox: <*>(<\d>) deny(1) mach-lookup <*>,0.7777777777777777
[<\d>:<\d>:<\d>.<\d>] <<<< Boss >>>> figPlaybackBossPrerollCompleted: unexpected preroll-complete notification,1.0
sigio_handler: sigio_handler_active != <\d>,1.0
############################## _getSysMsgList,1.0
"Configuration Notice: ASL Module ""<*>"" claims selected messages. Those messages may not appear in standard system log files or in the ASL database.",0.9791666666666663
Wake reason: ?,1.0
<\d>:<\d>:<\d>.<\d> : Scanning mode Contacts Only,0.9999999999999998
<\d>:<\d>:<\d>.<\d> : BTLE scanning stopped,0.9999999999999999
wake time set <*>.<\d> s,0.9444444444444443
[HID] [MT] MTActuatorManagement::getActuatorRef Calling MTActuatorOpen() outside of MTTrackpadHIDManager.,1.0
AppleCamIn::handleWakeEvent_gated,1.0
<\d>:<\d>:<\d>.<\d> : Purged contact hashes,0.9999999999999999
<\d>:<\d>:<\d>.<\d> : BTLE scanning started,0.9999999999999999
"IOPMrootDomain: idle cancel, state <\d>",0.9999999999999999
ARPT: <\d>.<\d>: ARPT: Wake Reason: Wake on TCP Timeout,0.9999999999999999
"hibernate_alloc_pages act <\d>, inact <\d>, anon <\d>, throt 0, spec <\d>, wire <\d>, wireinit <\d>",1.0
hibernate_teardown_pmap_structs done: last_valid_compact_indx <\d>,1.0
enabling pid=30298 for plug-in com.apple.ncplugin.weather(1.0) 131FE7ED-87F7-471D-8797-C11107688DF7 /System/Library/CoreServices/Weather.app/Contents/PlugIns/com.apple.ncplugin.weather.appex,1.0
"2017-07-03 10:40:41.730 GoogleSoftwareUpdateAgent[33263/0x700000323000] [lvl=2] -[KSAgentApp performSelfUpdateWithEngine:] Checking for self update with Engine: <KSUpdateEngine:0x10062de70 ticketStore=<KSPersistentTicketStore:0x1005206e0 store=<KSKeyedPersistentStore:0x1005282c0 path=""/Users/xpc/Library/Google/GoogleSoftwareUpdate/TicketStore/Keystone.ticketstore"" lockFile=<KSLockFile:0x100510480 path=""/Users/xpc/Library/Google/GoogleSoftwareUpdate/TicketStore/Keystone.ticketstore.lock"" locked=NO > >> processor=<KSActionProcessor:0x10062e060 delegate=<KSUpdateEngine:0x10062de70> isProcessing=NO actionsCompleted=0 progress=0.00 errors=0 currentActionErrors=0 events=0 currentActionEvents=0 actionQueue=( ) > delegate=(null) serverInfoStore=<KSServerPrivateInfoStore:0x10062d2d0 path=""/Users/xpc/Library/Google/GoogleSoftwareUpdate/Servers""> errors=0 >",1.0
2017-07-03 10:40:42.940 GoogleSoftwareUpdateAgent[33263/0x700000323000] [lvl=2] -[KSOmahaServer updateInfosForUpdateResponse:updateRequest:infoStore:upToDateTickets:updatedTickets:events:errors:] Response passed CUP validation.,1.0
[<\d>:<\d>:<\d>.<\d>] itemasync_CopyProperty signalled err=-12785 (kFigBaseObjectError_Invalidated) (invalidated) at /Library/Caches/com.apple.xbs/Sources/CoreMedia/CoreMedia-1731.15.207/Prototypes/Player/FigPlayer_Async.c line <\d>,1.0
"Opened file /var/<*>/<*>, size <\d>, extents <\d>, maxio <\d> ssd <\d>",0.9791666666666669
"NETWORK: no response from server, reachability, 2, queryRetries, <\d>",0.9999999999999999
"Unexpected payload found for message 9, dataLen <\d>",1.0
CCFile::captureLog,1.0
ARPT: <\d>.<\d>: AirPort_Brcm43xx::powerChange: System Wake - Full Wake/ Dark Wake / Maintenance wake,0.9999999999999997
Internal name did not resolve to internal address!,1.0
Service exited with abnormal code: <\d>,1.0
Central manager is not powered on,1.0
"CCFile::captureLogRun Skipping current file Dir file [<\d>-<\d>-<\d>_<\d>,<\d>,<\d>.<\d>]-<*>-<\d>.<*>, Current File [<\d>-<\d>-<\d>_<\d>,<\d>,<\d>.<\d>]-<*>-<\d>.<*>",0.9545454545454546
"CCFile::copyFile fileName is [<\d>-<\d>-<\d>_<\d>,<\d>,<\d>.<\d>]-<*>-<\d>.<*>, source path:/var/log/CoreCapture/<*>/<*>//[<\d>-<\d>-<\d>_<\d>,<\d>,<\d>.<\d>]-<*>-<\d>.<*>, dest path:/Library/Logs/CrashReporter/CoreCapture/<*>/[<\d>-<\d>-<\d>_<\d>,<\d>,<\d>.<\d>]=<*>:sts:<\d>_rsn:<\d>/<*>//[<\d>-<\d>-<\d>_<\d>,<\d>,<\d>.<\d>]-<*>-<\d>.<*>",0.9656084656084657
ARPT: <\d>.<\d>: framerdy 0x0 bmccmd <\d> framecnt <\d>,1.0
<IMMacNotificationCenterManager: 0x7ff1b2e00ba0>: DND Enabled: YES,1.0
<\d>:<\d>:<\d>.<\d> : Starting AirDrop server for user <\d> on wake,1.0
ARPT: <\d>.<\d>: wl0: setup_keepalive: Remote IP: <\d>.<\d>.<\d>.<\d>,1.0
"<<<< FigByteStream >>>> FigByteStreamStatsLogOneRead: ByteStream read of <\d> bytes @ <\d> took <\d>.<\d> <*>. to complete, <\d> reads >= <*> sec.",0.977272727272727
network changed: v4(en0:10.105.160.237) v6(en0!:2607:f140:6000:8:f1dc:a608:863:19ad) DNS Proxy SMB,1.0
CCIOReporterFormatter::refreshSubscriptionsFromStreamRegistry clearing out any previous subscriptions,0.9999999999999998
"CCLogTap::profileRemoved, Owner: com.apple.iokit.IO80211Family, Name: <*>",0.8333333333333333
ARPT: <\d>.<\d>: wlc_dump_aggfifo:,1.0
[<\d>:<\d>:<\d>.<\d>] <<<< CRABS >>>> crabsFlumeHostUnavailable: [0x7f961cf08cf0] Byte flume reports host unavailable.,1.0
"doSaveChannels@286: Will write to: /Library/Logs/CrashReporter/CoreCapture/IOReporters/[<\d>-<\d>-<\d>_<\d>,<\d>,<\d>.<\d>] - <*>:sts:<\d>_rsn:0.xml",0.9965277777777778
tcp_connection_destination_perform_socket_connect <\d> connectx to 203.205.147.206:8080@0 failed: [51] Network is unreachable,1.0
"[CardDAVPlugin-ERROR] -getPrincipalInfo:[_controller supportsRequestCompressionAtURL:https://13957525385%40163.com@p28-contacts.icloud.com/874161398/principal/] Error Domain=NSURLErrorDomain Code=-1001 ""The request timed out."" UserInfo={NSUnderlyingError=0x7f9af3646900 {Error Domain=kCFErrorDomainCFNetwork Code=-1001 ""The request timed out."" UserInfo={NSErrorFailingURLStringKey=https://13957525385%40163.com@p28-contacts.icloud.com/874161398/principal/, NSErrorFailingURLKey=https://13957525385%40163.com@p28-contacts.icloud.com/874161398/principal/, _kCFStreamErrorCodeKey=-2102, _kCFStreamErrorDomainKey=4, NSLocalizedDescription=The request timed out.}}, NSErrorFailingURLStringKey=https://13957525385%40163.com@p28-contacts.icloud.com/874161398/principal/, NSErrorFailingURLKey=https://13957525385%40163.com@p28-contacts.icloud.com/874161398/principal/, _kCFStreamErrorDomainKey=4, _kCFStreamErrorCodeKey=-2102, NSLocalizedDescription=The request timed out.}",1.0
hibernate image path: /var/vm/sleepimage,1.0
hibernate_flush_memory: buffer_cache_gc freed up <\d> wired pages,1.0
"hibernate_machine_init pagesDone <\d> sum2 <*>, time: <\d> ms, disk(0x20000) <\d> Mb/s, comp bytes: <\d> time: <\d> ms <\d> Mb/s, crypt bytes: <\d> time: <\d> ms <\d> Mb/s",0.9999999999999997
ASSERTION FAILED: dvcAddrRef != ((void *)0) -[DriverServices getDeviceAddress:] line: <\d>,1.0
hibernate_machine_init reading,1.0
assertion failed: 15G1510: com.apple.telemetry + <\d> [10D2E324-788C-30CC-A749-55AE67AEC7BC]: 0x7fc235807b90,1.0
jemmytest,1.0
hibernate_setup(0) took <\d> ms,1.0
**** [IOBluetoothFamily][ProcessBluetoothTransportShowsUpActionWL] -- calling IOBluetoothFamily's registerService() -- 0x5fd0 -- 0x9a00 -- <*> ****,0.9999999999999997
**** [IOBluetoothFamily][ProcessBluetoothTransportShowsUpActionWL] -- Connected to the transport successfully -- 0x5fd0 -- 0x9a00 -- 0x6800 ****,1.0
hciControllerOnline; HID devices? <\d>,1.0
INIT -- Host controller is published,0.9999999999999998
"polled file major 1, minor 0, blocksize 4096, pollers <\d>",1.0
BuildActDeviceEntry exit,1.0
"ARPT: 683604.474196: IOPMPowerSource Information: onSleep, SleepType: Standby, 'ExternalConnected': No, 'TimeRemaining': 578,",1.0
Wake reason: ARPT (Network),1.0
AppleActuatorHIDEventDriver: message service is terminated,1.0
"CCFile::captureLog Received Capture notice id: 1499133420.914478, reason = DeauthInd:sts:0_rsn:7",1.0
payload Data <\d> <\d>,1.0
WARNING: hibernate_page_list_setall skipped <\d> xpmapped pages,0.9999999999999998
"hibernate_teardown: wired_pages 544767, free_pages 3578340, active_pages 40000, inactive_pages 0, speculative_pages 0, cleaned_pages 0, compressor_pages <\d>",1.0
[BluetoothHIDDeviceController] EventServiceConnectedCallback,1.0
hibernate_rebuild_pmap_structs done: last_valid_compact_indx <\d>,1.0
BuildActDeviceEntry enter,1.0
(ImportBailout.Error:1331) Asked to exit for Diskarb,1.0
2017-07-03 20:25:13.378 GoogleSoftwareUpdateAgent[33847/0x7000002a0000] [lvl=2] -[KSUpdateCheckAction performAction] KSUpdateCheckAction starting update check for ticket(s): {( <KSTicket:0x10053b310 productID=com.google.Keystone version=1.2.8.57 xc=<KSPathExistenceChecker:0x10053ac30 path=/Users/xpc/Library/Google/GoogleSoftwareUpdate/GoogleSoftwareUpdate.bundle> url=https://tools.google.com/service/update2 creationDate=2017-02-18 15:41:17 ticketVersion=1 > )} Using server: <KSOmahaServer:0x100248090 engine=<KSUpdateEngine:0x1007249c0> >,1.0
KeychainGetICDPStatus: status: off,1.0
ARPT: <\d>.<\d>: AirPort_Brcm43xx::powerChange: System Sleep,0.9999999999999999
tcp_connection_tls_session_error_callback_imp <\d> tcp_connection_tls_session_handle_read_error.790 error <\d>,1.0
Checking iCDP status for DSID <\d> (checkWithServer=0),1.0
network changed: DNS*,1.0
"2017-07-04 09:42:57.924 GoogleSoftwareUpdateAgent[34603/0x700000323000] [lvl=2] +[KSCodeSigningVerification verifyBundle:applicationId:error:] KSCodeSigningVerification verifying code signing for '/Users/xpc/Library/Google/GoogleSoftwareUpdate/GoogleSoftwareUpdate.bundle/Contents/MacOS/GoogleSoftwareUpdateDaemon' with the requirement 'anchor apple generic and certificate 1[field.1.2.840.113635.100.6.2.6] exists and certificate leaf[field.1.2.840.113635.100.6.1.13] exists and certificate leaf[subject.OU]=""EQHXZ8M8AV"" and (identifier=""com.google.Keystone"")'",1.0
2017-07-04 09:42:58.121 ksfetch[34604/0x7fff79824000] [lvl=2] main() ksfetch done fetching.,1.0
network changed: v4(en0!:10.105.162.105) DNS+ Proxy+ SMB,1.0
-[SOAPParser:<*> parser:didStartElement:namespaceURI:qualifiedName:attributes:] Type not found in EWSItemType for ExchangePersonIdGuid (t:ExchangePersonIdGuid),0.9999999999999999
"CCFile::captureLog Received Capture notice id: <\d>.<\d>, reason = AssocFail:sts:<\d>_rsn:<\d>",0.9999999999999999
extension com.apple.ncplugin.WorldClock -> (null),1.0
"[Accounts] Current connection, <NSXPCConnection: <*>> connection from pid <\d>, doesn't have account access.",0.9999999999999997
"[Accounts] Failed to update account with identifier 76FE6715-3D27-4F21-AA35-C88C1EA820E8, error: Error Domain=ABAddressBookErrorDomain Code=1002 ""(null)""",0.9999999999999997
Session <\d> created,1.0
"<\d>-<\d>-<\d> <\d>:<\d>:<\d>.<\d> GoogleSoftwareUpdateAgent[<\d>/<*>] [lvl=2] -[KSOutOfProcessFetcher(PrivateMethods) helperDidTerminate:] KSOutOfProcessFetcher fetch ended for URL: ""https://tools.google.com/service/update2?cup2hreq=<*>&cup2key=<\d>:<\d>""",1.0
kern_open_file_for_direct_io took <\d> ms,1.0
CGXDisplayDidWakeNotification [<\d>]: posting kCGSDisplayDidWake,1.0
Peripheral manager is not powered on,0.9999999999999998
"PM response took <\d> ms (24144, WeChat)",1.0
Cocoa scripting error for '<*>': four character codes must be four characters long.,0.9999999999999997
.sdef warning for argument '' of command 'can continue previous list' in suite 'Microsoft Word Suite': '4023' is not a valid type name.,1.0
objc[35391]: Class TSUAtomicLRUCache is implemented in both /Library/QuickLook/iWork.qlgenerator/Contents/MacOS/iWork and /System/Library/PrivateFrameworks/OfficeImport.framework/Versions/A/OfficeImport. One of the two will be used. Which one is undefined.,1.0
Invalidating watch set.,1.0
objc[35448]: Class TSUCustomFormatData is implemented in both /Library/QuickLook/iWork.qlgenerator/Contents/MacOS/iWork and /System/Library/PrivateFrameworks/OfficeImport.framework/Versions/A/OfficeImport. One of the two will be used. Which one is undefined.,1.0
00:03:06.178 : Started generating hashes,1.0
-_continuousScroll is deprecated for NSScrollWheel. Please use -hasPreciseScrollingDeltas.,1.0
-deviceDeltaY is deprecated for NSScrollWheel. Please use -scrollingDeltaY.,1.0
[00:28:42.167] (Fig) signalled err=-12871,1.0
[00:29:04.085] <<<< CRABS >>>> crabsWaitForLoad: [0x7fbc7ac683a0] Wait time out - <\d> (msRequestTimeout -1),1.0
Failed to stop a scan - central is not powered on: <\d>,1.0
Wake reason: EC.SleepTimer (SleepTimer),1.0
**** [BroadcomBluetoothHostControllerUSBTransport][start] -- Completed (matched on Device) -- <*> ****,1.0
"hibernate_newruntime_map time: <\d> ms, IOPolledFilePollersOpen(), ml_get_interrupts_enabled <\d>",1.0
vm_compressor_fastwake_warmup (581519 - 591525) - starting,1.0
"<IMMacNotificationCenterManager: 0x7ff1b2e00ba0>: Updating enabled: YES (Topics: ( ""com.apple.private.alloy.icloudpairing"", ""com.apple.private.alloy.continuity.encryption"", ""com.apple.private.alloy.continuity.activity"", ""com.apple.ess"", ""com.apple.private.ids"", ""com.apple.private.alloy.phonecontinuity"", ""com.apple.madrid"", ""com.apple.private.ac"", ""com.apple.private.alloy.phone.auth"", ""com.apple.private.alloy.keychainsync"", ""com.apple.private.alloy.fmf"", ""com.apple.private.alloy.sms"", ""com.apple.private.alloy.screensharing"", ""com.apple.private.alloy.maps"", ""com.apple.private.alloy.thumper.keys"", ""com.apple.private.alloy.continuity.tethering"" ))",1.0
2017-07-05 10:52:16.779 ksfetch[35863/0x7fff79824000] [lvl=2] main() Fetcher received a request: <NSMutableURLRequest: 0x100501610> { URL: https://tools.google.com/service/update2?cup2hreq=a7873a51b1cb55518e420d20dff47d463781ed3f7aa83c3153129eefb148070b&cup2key=7:2501762722 },1.0
2017-07-05 10:52:16.977 GoogleSoftwareUpdateAgent[35861/0x700000323000] [lvl=2] -[KSPrefetchAction performAction] KSPrefetchAction no updates to prefetch.,1.0
<IMMacNotificationCenterManager: 0x7fdcc9d16380>: notification observer: com.apple.FaceTime notification: __CFNotification 0x7fdcc9d19110 {name = _NSDoNotDisturbEnabledNotification},1.0
CCProfileMonitor::freeResources done,1.0
<IMMacNotificationCenterManager: <*>>: NC Disabled: NO,0.9999999999999999
<IMMacNotificationCenterManager: <*>>: DND Enabled: NO,0.9999999999999999
Daemon connection invalidated!,1.0
"ARPT: <\d>.<\d>: IOPMPowerSource Information: onWake, SleepType: Normal Sleep, 'ExternalConnected': No, 'TimeRemaining': <\d>,",0.9999999999999998
IOHibernatePollerOpen(0),1.0
"hibernate_machine_init: state 2, image pages 446175, sum was d4e6c0b2, imageSize 0x2aea6000, image1Size 0x215a4000, conflictCount 5848, nextFree <\d>",1.0
hibernate_rebuild completed - took <\d> msecs,1.0
AppleActuatorDevice::stop Entered,1.0
AppleActuatorDevice::start Entered,1.0
"bitmap_size 0x7f0fc, previewSize 0x4028, writing <\d> pages @ 0x97144",0.9999999999999999
"CCFile::captureLog Received Capture notice id: 1499295963.492254, reason = RoamFail:sts:1_rsn:1",1.0
en0: manual intervention required!,1.0
"DB Error: <\d> ""no such table: tb_c2cMsg_<\d>""",1.0
"2017-07-05 16:18:06.450 GoogleSoftwareUpdateAgent[36128/0x7000002a0000] [lvl=2] -[KSOutOfProcessFetcher beginFetchWithDelegate:] KSOutOfProcessFetcher fetching from URL: ""https://tools.google.com/service/update2?cup2hreq=ac844e04cbb398fcef4cf81b4ffc44a3ebc863e89d19c0b5d39d02d78d26675b&cup2key=7:677488741""",1.0
<IMMacNotificationCenterManager: 0x7fdcc9d16380>: Updating enabled: NO (Topics: ( )),1.0
"arp_client_transmit(en0) failed, Network is down (50)",1.0
-[NETClientConnection evaluateCrazyIvan46] CI46 - Perform CrazyIvan46! <*>.<\d> <*> <\d>.<\d>.<\d>.<\d>:<\d>,0.8518518518518519
-[NETClientConnection effectiveBundleID] using process name CalendarAgent as bundle ID (this is expected for daemons without bundle ID,0.9999999999999999
could discard act <\d> inact <\d> purgeable <\d> spec <\d> cleaned <\d>,0.9999999999999998
"booter start at <\d> ms smc <\d> ms, [18, 0, 0] total <\d> ms, dsply 0, <\d> ms, tramp <\d> ms",1.0
"hostControllerOnline - Number of Paired devices = 1, List of Paired devices = ( ""84-41-67-32-db-e1"" )",1.0
**** [BroadcomBluetoothHostController][SetupController] -- Delay HCI Reset by 300ms ****,1.0
AppleActuatorHIDEventDriver: stop,1.0
**** [IOBluetoothHostControllerUSBTransport][start] -- completed -- result = TRUE -- <*> ****,1.0
AppleActuatorDeviceUserClient::start Entered,1.0
2017-07-06 00:30:37.064 ksfetch[36439/0x7fff79824000] [lvl=2] main() Fetcher is exiting.,1.0
"Google Chrome He[36456] triggered unnest of range 0x7fff93c00000->0x7fff93e00000 of DYLD shared region in VM map 0x77c9114550458e7b. While not abnormal for debuggers, this increases system memory footprint until the target exits.",1.0
hibernate_page_list_setall(preflight 1) start,1.0
hibernate_page_list_setall time: <\d> ms,1.0
IOPolledFilePollersOpen(0) <\d> ms,1.0
hibernate_teardown completed - discarded <\d>,1.0
AppleActuatorDeviceUserClient::stop Entered,1.0
[IOBluetoothHostController::setConfigState] calling registerService,1.0
[HID] [MT] AppleMultitouchDevice::start entered,1.0
"[CardDAVPlugin-ERROR] -getPrincipalInfo:[_controller supportsRequestCompressionAtURL:https://13957525385%40163.com@p28-contacts.icloud.com/874161398/principal/] Error Domain=NSURLErrorDomain Code=-1009 ""The Internet connection appears to be offline."" UserInfo={NSUnderlyingError=0x7f8de0c0dc70 {Error Domain=kCFErrorDomainCFNetwork Code=-1009 ""The Internet connection appears to be offline."" UserInfo={NSErrorFailingURLStringKey=https://13957525385%40163.com@p28-contacts.icloud.com/874161398/principal/, NSErrorFailingURLKey=https://13957525385%40163.com@p28-contacts.icloud.com/874161398/principal/, _kCFStreamErrorCodeKey=8, _kCFStreamErrorDomainKey=12, NSLocalizedDescription=The Internet connection appears to be offline.}}, NSErrorFailingURLStringKey=https://13957525385%40163.com@p28-contacts.icloud.com/874161398/principal/, NSErrorFailingURLKey=https://13957525385%40163.com@p28-contacts.icloud.com/874161398/principal/, _kCFStreamErrorDomainKey=12, _kCFStreamErrorCodeKey=8, NSLocalizedDescription=The Internet connection appears to be offline.}",1.0
Unable to start NetBIOS name service:,0.9999999999999998
Got an XPC error: Connection invalid,1.0
-[SFLListManager(ServiceReplyProtocol) notifyChanges:toListWithIdentifier:] Notified of item changes to list with identifier com.apple.LSSharedFileList.RecentApplications,1.0
2017-07-06 09:24:14.733 GoogleSoftwareUpdateAgent[36726/0x7000002a0000] [lvl=2] -[KSMultiUpdateAction performAction] KSPromptAction had no updates to apply.,1.0
no sleep images for WillPowerOffWithImages,1.0
ChromeExistion main isUndetectWithCommand = <\d>,0.9999999999999999
after trim url = https://www.google.com/_/chrome/newtab?rlz=1C5CHFA_enHK732HK732&espv=2&ie=UTF-8,1.0
"ChromeExistion main strSendMsg = {""websitekey"":false,""commandkey"":true,""browserkey"":true}",1.0
url host = www.baidu.com,1.0
the url = http://baike.baidu.com/item/%E8%93%9D%E9%87%87%E5%92%8C/462624?fr=aladdin,1.0
[com.apple.calendar.store.log.caldav.queue] [Adding [<CalDAVAccountRefreshQueueableOperation: <*>; Sequence: 0>] to failed operations.],1.0
hibernate_rebuild started,1.0
"Service ""com.apple.xpc.launchd.unmanaged.loginwindow.94"" tried to hijack endpoint ""com.apple.tsm.uiserver"" from owner: com.apple.SystemUIServer.agent",1.0
<\d>-<\d>-<\d> <\d>:<\d>:<\d>.<\d> GoogleSoftwareUpdateAgent[<\d>/0x7000002a0000] [lvl=2] -[KSAgentApp(KeystoneDelegate) updateEngineFinishedWithErrors:] Keystone finished: errors=0,1.0
Sandbox: com.apple.WebKit(9854) deny(1) file-read-data /private/etc/hosts,1.0
2017-07-06 06:22:57.163367 PM [AirPlayUIAgent] BecomingInactive: NSWorkspaceWillSleepNotification,1.0
full wake request (reason 2) <\d> ms,1.0
kern_open_file_for_direct_io(0),1.0
"PM response took <\d> ms (10018, QQ)",1.0
"<\d>-<\d>-<\d> <\d>:<\d>:<\d>.<\d> GoogleSoftwareUpdateAgent[<\d>/0x7000002a0000] [lvl=2] -[KSOutOfProcessFetcher beginFetchWithDelegate:] KSOutOfProcessFetcher start fetch from URL: ""https://tools.google.com/service/update2?cup2hreq=<*>&cup2key=<\d>:<\d>""",1.0
"Page bounds {{0, 0}, {400, 400}}",1.0
Failed to connect (titleField) outlet from (MMSessionPickerChoosenRowView) to (NSTextField): missing setter or instance variable,1.0
[com.apple.calendar.store.log.caldav.queue] [Account xpc_ben@163.com@https://caldav.163.com/caldav/principals/users/xpc_ben%40163.com/ timed out when executing operation: <CalDAVAccountRefreshQueueableOperation: 0x7fa11f9f2290; Sequence: 0>],1.0
"[com.apple.calendar.store.log.caldav.queue] [Account refresh failed with error: Error Domain=CoreDAVHTTPStatusErrorDomain Code=502 ""(null)"" UserInfo={AccountName=163, CalDAVErrFromRefresh=YES, CoreDAVHTTPHeaders=<CFBasicHash 0x7fa11fe7a810 [0x7fff7abc1440]>{type = immutable dict, count = 5, entries => 0 : Connection = <CFString 0x7fff7ab1aea0 [0x7fff7abc1440]>{contents = ""keep-alive""} 3 : Content-Type = text/html 4 : Content-Length = 166 5 : Server = nginx 6 : Date = <CFString 0x7fa11ac2ab80 [0x7fff7abc1440]>{contents = ""Fri, 07 Jul 2017 05:32:43 GMT""} } }]",1.0
Sandbox: SpotlightNetHelp(352) deny(1) ipc-posix-shm-read-data CFPBS:186A7:,1.0
"no application identifier provided, can't use provisioning profiles [pid=37563]",1.0
tcp_connection_destination_handle_tls_close_notify <\d> closing socket due to TLS CLOSE_NOTIFY alert,1.0
CFNetwork SSLHandshake failed (-9802),1.0
"Unable to simultaneously satisfy constraints: ( ""<NSLayoutConstraint:<*> H:[NSImageView:<*>(<\d>)]>"", ""<NSLayoutConstraint:<*> H:|-(14)-[NSImageView:<*>]   (Names: PageItemCell:<*>, '|':PageItemCell:<*> )>"", ""<NSLayoutConstraint:<*> 'NSView-Encapsulated-Layout-Width' H:[PageItemCell(73)]   (Names: PageItemCell:<*> )>"", ""<NSLayoutConstraint:<*> H:[NSImageView:<*>]-(10)-[NSTextField:<*>]>"", ""<NSLayoutConstraint:<*> H:[NSTextField:<*>]-(14)-|   (Names: PageItemCell:<*>, '|':PageItemCell:<*> )>"", ""<NSLayoutConstraint:<*> H:[NSTextField:<*>]-(>=NSSpace(8))-[NSTextField:<*>]>"" ) Will attempt to recover by breaking constraint <NSLayoutConstraint:<*> H:[NSImageView:<*>(<\d>)]> Set the NSUserDefault NSConstraintBasedLayoutVisualizeMutuallyExclusiveConstraints to YES to have -[NSWindow visualizeConstraints:] automatically called when this happens. And/or, break on objc_exception_throw to catch this in the debugger.",1.0
"Configuration Notice: ASL Module ""com.apple.authkit.osx.asl"" sharing output destination ""/var/log/Accounts"" with ASL Module ""com.apple.Accounts"". Output parameters from ASL Module ""com.apple.Accounts"" override any specified in ASL Module ""com.apple.authkit.osx.asl"".",1.0
(DiskStore.Normal:2382) 20cb04f 1.000086,1.0
"CCDataTap::profileRemoved, Owner: <*>, Name: <*>",0.75
Unrecognized XSSimpleTypeDefinition: OneOff,1.0
DB Path: /Users/xpc/Library/Containers/com.tencent.qq/Data/Documents/contents/916639562/QQ.db,1.0
Could not get event name for stream/token: com.apple.xpc.activity/4505: 132: Request for stale data,1.0
2017-07-07 10:54:41.875 GoogleSoftwareUpdateAgent[37924/0x7000002a0000] [lvl=2] -[KSUpdateCheckAction performAction] KSUpdateCheckAction starting update check for ticket(s): {( <KSTicket:0x100365950 productID=com.google.Chrome version=59.0.3071.115 xc=<KSPathExistenceChecker:0x10036e950 path=/Applications/Google Chrome.app> serverType=Omaha url=https://tools.google.com/service/update2 creationDate=2017-02-18 15:41:18 tagPath=/Applications/Google Chrome.app/Contents/Info.plist tagKey=KSChannelID brandPath=/Users/xpc/Library/Google/Google Chrome Brand.plist brandKey=KSBrandID versionPath=/Applications/Google Chrome.app/Contents/Info.plist versionKey=KSVersion cohort=1:1y5: cohortName=Stable ticketVersion=1 > )} Using server: <KSOmahaServer:0x100243f20 engine=<KSUpdateEngine:0x1007161b0> >,1.0
Error in CoreDragRemoveTrackingHandler: <\d>,1.0
Session <\d> destroyed,1.0
"nw_path_evaluator_start_helper_connection net_helper_path_evaluation_start failed, dumping backtrace: [x86_64] libnetcore-583.50.1 <\d> libsystem_network.dylib 0x00007fff92fabde9 __nw_create_backtrace_string + <\d> <\d> libsystem_network.dylib 0x00007fff92fc289f nw_path_evaluator_start_helper_connection + <\d> <\d> libdispatch.dylib 0x00007fff980fa93d _dispatch_call_block_and_release + <\d> <\d> libdispatch.dylib 0x00007fff980ef40b _dispatch_client_callout + <\d> <\d> libdispatch.dylib 0x00007fff980f403b _dispatch_queue_drain + <\d> <\d> libdispatch.dylib 0x00007fff980fa707 _dispatch_queue_invoke + <\d> <\d> libdispatch.dylib 0x00007fff980f2d53 _dispatch_root_queue_drain + <\d> <\d> libdispatch.dylib 0x00007fff980f2b00 _dispatch_worker_thread3 + <\d> <\d> libsystem_pthread.dylib 0x00007fff8ebc44de _pthread_wqthread + <\d> <\d> libsystem_pthread.dylib 0x00007fff8ebc2341 start_wqthread + <\d>",1.0
"CoreAnimation: warning, deleted thread with uncommitted CATransaction; set CA_DEBUG_TRANSACTIONS=1 in environment to log backtraces.",1.0
full wake promotion (reason 1) <\d> ms,1.0
"NSURLSession/NSURLConnection HTTP load failed (kCFStreamErrorDomainSSL, -9806)",1.0
"[QL] No sandbox token for request <QLThumbnailRequest vmware-usbarb-25037.log>, it will probably fail",1.0
"schedule invalidation <DYTransport 0x7f89e8c00520, error: lost transport connection (31)>",1.0
[21:22:43.147] mv_LowLevelCheckIfVideoPlayableUsingDecoder signalled err=-12956 (kFigMediaValidatorError_VideoCodecNotSupported) (video codec 1) at line <\d>,1.0
<<<< MediaValidator >>>> mv_LookupCodecSupport: Unrecognized codec <\d>,1.0
<<<< MediaValidator >>>> mv_ValidateRFC4281CodecId: Unrecognized codec 1.(null). Failed codec specific check.,1.0
CoreAnimation: timed out fence 5fe83,1.0
Failed to connect (view) outlet from (NSApplication) to (NSColorPickerGridView): missing setter or instance variable,1.0
21:58:33.765 ERROR: 177: timed out after 15.000s (0 0); mMajorChangePending=0,1.0
efi pagecount <\d>,1.0
did discard act <\d> inact <\d> purgeable <\d> spec <\d> cleaned <\d>,1.0
Host controller terminated,1.0
[HID] [MT] AppleActuatorHIDEventDriver::start entered,1.0
[BluetoothHIDDeviceController]ERROR: Could not find the disconnected object,1.0
vm_compressor_fastwake_warmup completed - took <\d> msecs,1.0
"Unable to simultaneously satisfy constraints: ( ""<NSAutoresizingMaskLayoutConstraint:0x7f9d574e5370 h=-&- v=-&- V:[NSScrollView:0x7f9d64abe480]-(11)-|   (Names: '|':NSView:0x7f9d6a9cc340 )>"", ""<NSAutoresizingMaskLayoutConstraint:0x7f9d7561a270 h=-&- v=-&- V:|-(45)-[NSScrollView:0x7f9d64abe480]   (Names: '|':NSView:0x7f9d6a9cc340 )>"", ""<NSAutoresizingMaskLayoutConstraint:0x7f9d6aa2cf10 h=-&- v=--& V:[NSView:0x7f9d53160e30(0)]>"", ""<NSAutoresizingMaskLayoutConstraint:0x7f9d75652870 h=-&- v=-&- V:|-(0)-[NSView:0x7f9d6a9cc340]   (Names: '|':NSView:0x7f9d53160e30 )>"", ""<NSAutoresizingMaskLayoutConstraint:0x7f9d77ef8f50 h=-&- v=-&- V:[NSView:0x7f9d6a9cc340]-(0)-|   (Names: '|':NSView:0x7f9d53160e30 )>"" ) Will attempt to recover by breaking constraint <NSAutoresizingMaskLayoutConstraint:0x7f9d7561a270 h=-&- v=-&- V:|-(45)-[NSScrollView:0x7f9d64abe480] (Names: '|':NSView:0x7f9d6a9cc340 )> Set the NSUserDefault NSConstraintBasedLayoutVisualizeMutuallyExclusiveConstraints to YES to have -[NSWindow visualizeConstraints:] automatically called when this happens. And/or, break on objc_exception_throw to catch this in the debugger.",1.0
2017-07-08 06:26:32.365 GoogleSoftwareUpdateAgent[39159/0x7000002a0000] [lvl=2] -[KSAgentApp(KeystoneThread) runKeystonesInThreadWithArg:] About to run checks for any other apps.,1.0
"Arranged view frame: {{0, 0}, {260, 877}}",1.0
CCProfileMonitor::setStreamEventHandler,1.0
Telling CSI to go low power.,1.0
