template,intra_sim
reverse mapping checking getaddrinfo for <*> [<\d>.<\d>.<\d>.<\d>] failed - POSSIBLE BREAK-IN ATTEMPT!,0.9230769230769229
Invalid user <*> from <\d>.<\d>.<\d>.<\d>,0.8333333333333333
input_userauth_request: invalid user <*> [preauth],0.8333333333333333
pam_unix(sshd:auth): check pass; user unknown,0.9999999999999999
pam_unix(sshd:auth): authentication failure; logname= uid=0 euid=0 tty=ssh ruser= rhost=<*>,0.9666666666666666
Failed password for invalid user <*> from <\d>.<\d>.<\d>.<\d> port <\d> ssh2,0.9166666666666667
Connection closed by <\d>.<\d>.<\d>.<\d> [preauth],0.9999999999999999
Received disconnect from <\d>.<\d>.<\d>.<\d>: 11: Bye Bye [preauth],1.0
pam_unix(sshd:auth): authentication failure; logname= uid=0 euid=0 tty=ssh ruser= rhost=<*> user=<*>,0.9393939393939394
Failed password for <*> from <\d>.<\d>.<\d>.<\d> port <\d> ssh2,0.8999999999999999
message repeated <\d> times: [ Failed password for root from <\d>.<\d>.<\d>.<\d> port <\d> ssh2],0.9999999999999999
Disconnecting: Too many authentication failures for root [preauth],1.0
PAM <\d> more authentication failures; logname= uid=0 euid=0 tty=ssh ruser= rhost=<*> user=root,0.9743589743589742
PAM service(sshd) ignoring max retries; <\d> > <\d>,1.0
Did not receive identification string from <\d>.<\d>.<\d>.<\d>,1.0
error: Received disconnect from 195.154.37.122: 3: com.jcraft.jsch.JSchException: Auth fail [preauth],1.0
Received disconnect from <\d>.<\d>.<\d>.<\d>: 11: Closed due to user request. [preauth],1.0
Failed none for invalid user <*> from <\d>.<\d>.<\d>.<\d> port <\d> ssh2,0.9166666666666667
PAM <\d> more authentication failures; logname= uid=0 euid=0 tty=ssh ruser= rhost=<\d>.<\d>.<\d>.<\d>,1.0
PAM <\d> more authentication failure; logname= uid=0 euid=0 tty=ssh ruser= rhost=<\d>.<\d>.<\d>.<\d>,1.0
error: Received disconnect from 103.99.0.122: 14: No more user authentication methods available. [preauth],0.9999999999999997
Accepted password for fztu from 119.137.62.142 port <\d> ssh2,1.0
pam_unix(sshd:session): session opened for user fztu by (uid=0),1.0
Received disconnect from 119.137.62.142: 11: disconnected by user,1.0
pam_unix(sshd:session): session closed for user fztu,1.0
Disconnecting: Too many authentication failures for admin [preauth],1.0
fatal: Write failed: Connection reset by peer [preauth],1.0
