template,intra_sim
"<*> ""GET <*> HTTP/1.1"" status: <\d> len: <\d> time: <\d>.<\d>",0.875
[instance: <*>-<*>-<*>-<*>-<*>] VM Started (Lifecycle Event),1.0
[instance: <*>-<*>-<*>-<*>-<*>] VM Paused (Lifecycle Event),1.0
[instance: <*>-<*>-<*>-<*>-<*>] During sync_power_state the instance has a pending task (spawning). Skip.,1.0
image 0673dd71-34c5-4fbb-86c4-40623fbe45b4 at (/var/lib/nova/instances/_base/a489c868f0c37da93b76227c91bb03908ac0e742): checking,0.9999999999999999
"image 0673dd71-34c5-4fbb-86c4-40623fbe45b4 at (/var/lib/nova/instances/_base/a489c868f0c37da93b76227c91bb03908ac0e742): in use: on this node <\d> local, <\d> on other nodes sharing this instance storage",1.0
Active base files: /var/lib/nova/instances/_base/a489c868f0c37da93b76227c91bb03908ac0e742,1.0
Creating event network-vif-plugged:<*>-<*>-<*>-<*>-<*> for instance <*>-<*>-<*>-<*>-<*>,0.9999999999999998
"10.11.10.1 ""POST /v2/<*>/<*> HTTP/1.1"" status: <\d> len: <\d> time: <\d>.<\d>",0.9965277777777779
[instance: <*>-<*>-<*>-<*>-<*>] VM Resumed (Lifecycle Event),1.0
[instance: <*>-<*>-<*>-<*>-<*>] Instance spawned successfully.,1.0
[instance: <*>-<*>-<*>-<*>-<*>] Took <\d>.<\d> seconds to spawn the instance on the hypervisor.,1.0
[instance: <*>-<*>-<*>-<*>-<*>] Took <\d>.<\d> seconds to build instance.,1.0
Auditing locally available compute resources for node cp-1.slowvm1.tcloud-pg0.utah.cloudlab.us,1.0
"Total usable vcpus: 16, total allocated vcpus: <\d>",1.0
Final resource view: name=cp-1.slowvm1.tcloud-pg0.utah.cloudlab.us phys_ram=64172MB used_ram=<*> phys_disk=15GB used_disk=<*> total_vcpus=16 used_vcpus=<\d> pci_stats=[],0.9814814814814815
Compute_service record updated for cp-1.slowvm1.tcloud-pg0.utah.cloudlab.us:cp-1.slowvm1.tcloud-pg0.utah.cloudlab.us,0.9999999999999999
"10.11.10.1 ""DELETE /v2/54fadb412c4e40cdbaed9335e4c35a9e/servers/<*>-<*>-<*>-<*>-<*> HTTP/1.1"" status: <\d> len: <\d> time: <\d>.<\d>",1.0
[instance: <*>-<*>-<*>-<*>-<*>] Terminating instance,1.0
[instance: <*>-<*>-<*>-<*>-<*>] Instance destroyed successfully.,1.0
[instance: <*>-<*>-<*>-<*>-<*>] Deleting instance files /var/lib/nova/instances/<*>-<*>-<*>-<*>-<*>_del,0.9999999999999999
[instance: <*>-<*>-<*>-<*>-<*>] Deletion of /var/lib/nova/instances/<*>-<*>-<*>-<*>-<*>_del complete,0.9999999999999999
[instance: <*>-<*>-<*>-<*>-<*>] Took <\d>.<\d> seconds to destroy the instance on the hypervisor.,1.0
[instance: <*>-<*>-<*>-<*>-<*>] Took <\d>.<\d> seconds to deallocate network for instance.,0.9999999999999999
Unknown base file: /var/lib/nova/instances/_base/a489c868f0c37da93b76227c91bb03908ac0e742,1.0
Removable base files: /var/lib/nova/instances/_base/a489c868f0c37da93b76227c91bb03908ac0e742,1.0
Removing base or swap file: /var/lib/nova/instances/_base/a489c868f0c37da93b76227c91bb03908ac0e742,0.9999999999999998
HTTP exception thrown: No instances found for any event,0.9999999999999999
"[instance: <*>-<*>-<*>-<*>-<*>] Attempting claim: memory <\d> MB, disk <\d> GB, vcpus <\d> CPU",0.9999999999999998
"[instance: <*>-<*>-<*>-<*>-<*>] Total memory: <\d> MB, used: 512.00 MB",1.0
"[instance: <*>-<*>-<*>-<*>-<*>] memory limit: 96258.00 MB, free: 95746.00 MB",1.0
"[instance: <*>-<*>-<*>-<*>-<*>] Total disk: <\d> GB, used: 0.00 GB",1.0
"[instance: <*>-<*>-<*>-<*>-<*>] disk limit not specified, defaulting to unlimited",1.0
"[instance: <*>-<*>-<*>-<*>-<*>] Total vcpu: <\d> VCPU, used: 0.00 VCPU",1.0
"[instance: <*>-<*>-<*>-<*>-<*>] vcpu limit not specified, defaulting to unlimited",1.0
[instance: <*>-<*>-<*>-<*>-<*>] Claim successful,1.0
[instance: <*>-<*>-<*>-<*>-<*>] Creating image,1.0
[instance: <*>-<*>-<*>-<*>-<*>] VM Stopped (Lifecycle Event),1.0
Successfully synced instances from host 'cp-1.slowvm1.tcloud-pg0.utah.cloudlab.us'.,0.9999999999999998
Running instance usage audit for host cp-1.slowvm1.tcloud-pg0.utah.cloudlab.us from 2017-05-16 05:00:00 to 2017-05-16 06:00:00. <\d> instances.,1.0
Base or swap file too young to remove: /var/lib/nova/instances/_base/a489c868f0c37da93b76227c91bb03908ac0e742,0.9999999999999999
The instance sync for host 'cp-1.slowvm1.tcloud-pg0.utah.cloudlab.us' did not match. Re-created its InstanceList.,0.9999999999999998
"While synchronizing instance power states, found <\d> instances in the database and <\d> instances on the hypervisor.",1.0
