template,intra_sim
<*>:<\d> open through proxy proxy.cse.cuhk.edu.hk:5070 HTTPS,0.9523809523809521
183.62.156.108:22 open through proxy socks.cse.cuhk.edu.hk:5070 SOCKS5,0.9999999999999998
<*>:<\d> error : A connection request was canceled before the completion.,0.9722222222222223
<*>:<\d> error : Could not connect through proxy proxy.cse.cuhk.edu.hk:5070 - Proxy closed the connection unexpectedly.,0.9791666666666666
"<*>:<\d> error : Could not connect through proxy proxy.cse.cuhk.edu.hk:5070 - Proxy server cannot establish a connection with the target, status code <\d>",0.9855072463768111
<*>:<\d> error : Could not connect to proxy proxy.cse.cuhk.edu.hk:5070 - Could not resolve proxy.cse.cuhk.edu.hk error <\d>,0.9803921568627453
<*>:<\d> error : Could not connect to proxy proxy.cse.cuhk.edu.hk:5070 - connection attempt failed with error <\d>,0.9803921568627453
