template,intra_sim
"Registered signal handlers for [TERM, HUP, INT]",1.0
"Changing view acls to: yarn,curi",0.9999999999999999
"Changing modify acls to: yarn,curi",0.9999999999999999
"SecurityManager: authentication disabled; ui acls disabled; users with view permissions: Set(yarn, curi); users with modify permissions: Set(yarn, curi)",1.0
Slf4jLogger started,1.0
Starting remoting,1.0
Remoting started; listening on addresses :[akka.tcp://sparkExecutorActorSystem@mesos-slave-07:55904],1.0
Successfully started service 'sparkExecutorActorSystem' on port 55904.,1.0
Created local directory at /opt/hdfs/nodemanager/usercache/curi/appcache/application_1485248649253_0147/blockmgr-70293f72-844a-4b39-9ad6-fb0ad7e364e4,1.0
MemoryStore started with capacity 17.7 GB,1.0
Connecting to driver: spark://CoarseGrainedScheduler@10.10.34.11:48069,1.0
Successfully registered with driver,1.0
Starting executor ID <\d> on host mesos-slave-07,1.0
Successfully started service 'org.apache.spark.network.netty.NettyBlockTransferService' on port 40984.,1.0
Server created on <\d>,1.0
Trying to register BlockManager,1.0
Registered BlockManager,1.0
Got assigned task <\d>,1.0
Running task <\d>.<\d> in stage <\d>.<\d> (TID <\d>),1.0
Started reading broadcast variable <\d>,0.9999999999999999
"Block <*>_<\d>_<*> stored as bytes in memory (estimated size <\d>.<\d> <*>, free <\d>.<\d> KB)",0.9409722222222223
Reading broadcast variable <\d> took <\d> ms,1.0
"Block broadcast_<\d> stored as values in memory (estimated size <\d>.<\d> <*>, free <\d>.<\d> KB)",0.9965277777777779
"Partition rdd_<\d>_<\d> not found, computing it",0.9999999999999998
Input split: hdfs://10.10.34.11:9000/pjhe/logs/2kSOSP.log:<\d>+<\d>,1.0
"mapred.tip.id is deprecated. Instead, use mapreduce.task.id",1.0
"mapred.task.id is deprecated. Instead, use mapreduce.task.attempt.id",1.0
"mapred.task.is.map is deprecated. Instead, use mapreduce.task.ismap",1.0
"mapred.job.id is deprecated. Instead, use mapreduce.job.id",1.0
"mapred.task.partition is deprecated. Instead, use mapreduce.task.partition",1.0
"Times: total = <\d>, boot = <\d>, init = <\d>, finish = <\d>",0.9999999999999997
Finished task <\d>.<\d> in stage <\d>.<\d> (TID <\d>). <\d> bytes result sent to driver,0.9999999999999997
Found block rdd_<\d>_<\d> locally,1.0
File Output Committer Algorithm version is <\d>,1.0
Saved output of task 'attempt_<\d>_<\d>_m_<\d>_<\d>' to hdfs://10.10.34.11:9000/pjhe/test/<\d>/_temporary/<\d>/task_<\d>_<\d>_m_<\d>,1.0
attempt_<\d>_<\d>_m_<\d>_<\d>: Committed,1.0
