template,intra_sim
session closed for user root,0.9999999999999999
session opened for user root by (uid=0),1.0
(root) CMD (run-parts /etc/cron.hourly),1.0
data_thread() got not answer from any [Thunderbird_<*>] datasource,0.9814814814814816
"synchronized to <*>, stratum <\d>",0.9166666666666666
[ib_sm_sweep.c:1831]: ********************** NEW SWEEP ********************,0.9999999999999999
[ib_sm_sweep.c:1455]: No topology change,1.0
[ib_sm_sweep.c:1482]: No configuration change required,0.9999999999999999
Local disconnected: Connection closed.,1.0
connection lost: 'Connection closed.',1.0
unable to qualify my own domain name (<*>) -- using short name,0.9615384615384615
"<*>: from=root, size=<\d>, class=0, nrcpts=1, msgid=<<\d>.<*>@<*>>, relay=#7#@localhost",0.9363425925925926
"<*>: to=root, ctladdr=root (0/0), delay=<\d>:<\d>:<\d>, xdelay=00:00:00, mailer=relay, pri=<\d>, relay=[127.0.0.1] [127.0.0.1], dsn=4.0.0, stat=Deferred: Connection refused by [127.0.0.1]",0.9705882352941178
DHCPDISCOVER from 00:11:43:e3:ba:c3 via eth1,0.9999999999999999
DHCPOFFER on 10.100.4.251 to 00:11:43:e3:ba:c3 via eth1,1.0
DHCPDISCOVER from 00:11:43:e3:ba:c3 via eth1: network A_net: no free leases,1.0
DHCPACK on 10.100.4.251 to 00:11:43:e3:ba:c3 via eth1,1.0
DHCPREQUEST for 10.100.4.251 (10.100.0.250) from 00:11:43:e3:ba:c3 via eth1,1.0
START: tftp pid=16563 from=10.100.4.251,1.0
DHCPREQUEST for 10.100.4.251 (10.100.0.250) from 00:11:43:e3:ba:c3 via eth1: unknown lease 10.100.4.251.,1.0
RRD_update (<*>): illegal attempt to update using time <\d> when last update time is <\d> (minimum one second step),0.985294117647059
kernel time sync disabled <\d>,1.0
time reset +0.182379 s,1.0
Received SNMP packet(s) from #34#,1.0
kernel time sync enabled <\d>,1.0
(root) CMD (/projects/tbird/temps/get_temps <*>),0.9583333333333333
My unqualified host name (<*>) unknown; sleeping for retry,0.95
CentOS-4 (Kernel Module GPG key),1.0
(supports S0 S4 S5),1.0
<*> (v001 DELL PE BKC 0x00000001 MSFT <*>) @ <*>,0.8
HPET id: 0xffffffff base: 0xfed00000,1.0
INT_SRC_OVR (bus 0 bus_irq 0 global_irq 2 dfl dfl),1.0
INT_SRC_OVR (bus 0 bus_irq 9 global_irq 9 high level),1.0
IOAPIC (id[<*>] address[<*>] gsi_base[<\d>]),1.0
<*> used by override.,0.8
Interpreter enabled,1.0
LAPIC (acpi_id[<*>] lapic_id[<*>] enabled),1.0
LAPIC_NMI (acpi_id[<*>] high edge lint[0x1]),1.0
Local APIC address 0xfee00000,1.0
PCI Interrupt Link [<*>] (IRQs 3 4 5 6 7 10 11 12) *<\d>,0.9285714285714284
PCI Interrupt Link [LNKB] (IRQs 3 4 5 6 7 10 *11 12),1.0
"PCI Interrupt Link [<*>] (IRQs 3 4 5 6 7 10 11 12) *0, disabled.",0.9375
PCI Interrupt Routing Table [\_SB_<*>_PRT],0.9895833333333333
PCI Root Bridge [PCI0] (00:00),1.0
"PCI interrupt <\d>:<\d>:<*>.0[A] -> GSI <\d> (level, low) -> IRQ <\d>",0.9924242424242425
Power Button (FF) [PWRF],1.0
Processor [<*>] (supports C1),0.875
RSDP (v000 DELL ) @ 0x00000000000fd650,1.0
Subsystem revision <\d>,1.0
Using IOAPIC for interrupt routing,1.0
Intel(R) Xeon(TM) CPU 3.60GHz stepping <\d>,1.0
L2 cache: 2048K,1.0
Physical Processor ID: <\d>,1.0
"Trace cache: 12K uops, L1 D cache: 16K",1.0
colour VGA+ 80x25,1.0
mounted filesystem with ordered data mode.,0.9999999999999998
"sys_ia32.c,v 1.32 2002/03/24 13:02:28 ak Exp $",1.0
"apic_id <\d>, version 32, address <*>, GSI <\d>-<\d>",1.0
"routing cache hash table of <\d> buckets, 1024Kbytes",1.0
PCI Hot Plug PCI Core version: 0.5,1.0
"root=LABEL=/ initrd=/x86_64/initrd-2.6.9-5.0.5.EL-lustre-1.4.2-perfctr-admin console=tty0 console=ttyS0,19200 fastboot BOOT_IMAGE=/x86_64/vmlinuz-2.6.9-5.0.5.EL-lustre-1.4.2-perfctr",1.0
Registered protocol family <\d>,1.0
Using software bounce buffering for IO (SWIOTLB),1.0
Probing PCI hardware (bus 00),1.0
Transparent bridge - 0000:00:1e.0,1.0
Using ACPI for IRQ routing,1.0
Using MMCONFIG at e0000000,1.0
Using configuration type <\d>,1.0
Compressed image found at block <\d>,1.0
Disabled at runtime.,1.0
Initializing.,1.0
Registering netfilter hooks,1.0
Starting in permissive mode,1.0
Unregistering netfilter hooks,1.0
Hash tables configured (established 262144 bind 65536),1.0
Direct-Access ANSI SCSI revision: <\d>,1.0
Processor ANSI SCSI revision: <\d>,1.0
Disk quotas dquot_6.5.1,1.0
Mounted root (ext2 filesystem).,1.0
MegaRAID Model: LD <\d> RAID1 139G Rev: 516A,1.0
PE/PV Model: 1x2 SCSI BP Rev: 1.0,1.0
initialized,1.0
initializing netlink socket (disabled),1.0
passed.,1.0
4.1.0-ioctl (2003-12-10) initialised: #36#@#37#,1.0
allocating divert_blk for <*>,0.8
not allocating divert_blk for non-ethernet device <*>,0.875
v2.0:USB HID core driver,1.0
<*>: e1000_probe: Intel(R) PRO/1000 Network Connection,0.9285714285714284
eth0: e1000_watchdog: NIC Link is Up <\d> Mbps Full Duplex,1.0
no floppy controllers found,1.0
RNG not detected,1.0
Wait for ready failed before probe !,1.0
Assuming 33MHz system bus speed for PIO modes; override with idebus=xx,1.0
Unknown cmd fd(5) cmd(80081272){00} arg(ffffda44) on /dev/sda,1.0
(C) 2000-2002 Netfilter core team,0.9999999999999999
Installing public key data,1.0
... autorun DONE.,1.0
Autodetecting RAID arrays.,1.0
autorun ...,1.0
"md driver 0.90.0 MAX_MD_DEVS=256, MD_SB_DISKS=27",1.0
<*> (Release Date: <*> <*> <\d> <\d>:<\d>:<\d> <*> <\d>),0.6111111111111112
fw version:[516A] bios version:[H418],1.0
probe new device 0x1028:0x0013:0x1028:0x016c: bus 2:slot 14:func <\d>,1.0
PS/2 mouse device common for all mice,1.0
v2.0 (20020519),1.0
rpc.statd startup succeeded,1.0
portmap startup succeeded,1.0
Starting ts_fixup: succeeded,1.0
Version 1.0.6 Starting,1.0
LSI Logic MegaRAID driver,1.0
scanning scsi channel <\d> [Phy 0] for non-raid devices,1.0
scanning scsi channel <\d> [virtual] for logical drives,1.0
asking for cache data failed,1.0
assuming drive cache: write through,1.0
sda1 sda2 sda3 sda4,1.0
Registering secondary module capability,1.0
"i8042 AUX port at 0x60,0x64 irq <\d>",1.0
"i8042 KBD port at 0x60,0x64 irq <\d>",1.0
syslog-ng startup succeeded,1.0
syslog-ng version 1.6.7 starting,1.0
Detected 3591.360 MHz processor.,1.0
Using 14.318180 MHz HPET timer.,1.0
Using HPET based timekeeping.,1.0
Creating Topspin /dev entries:,1.0
registered new driver hiddev,1.0
registered new driver hub,1.0
registered new driver usbfs,1.0
registered new driver usbhid,1.0
probe of vesafb0 failed with error <\d>,1.0
"connection from ""#28#""",1.0
"User #29#, coming from #30#, authenticated.",0.9999999999999998
Now running on #29#'s privileges.,0.9999999999999999
Mounting NFS filesystems: succeeded,1.0
Mounting other filesystems: failed,1.0
Warning: we failed to resolve trusted host name dadmin3 dadmin4,1.0
gmetad startup succeeded,1.0
succeeded,1.0
Server listening on :: port 22.,1.0
error: Bind to port <\d> on 0.0.0.0 failed: Address already in use.,1.0
Cannot open file /dev/logsurfer for writing (No such file or directory),1.0
Changing permissions on special file /dev/logsurfer,1.0
xinetd startup succeeded,1.0
Reading included configuration file: /etc/xinetd.d/<*> [file=/etc/xinetd.<*>] [line=<\d>],0.9791666666666667
Started working: <\d> available service,1.0
removing <*>,0.6666666666666666
xinetd Version 2.3.13 started with libwrap loadavg options compiled in.,1.0
"Device: /dev/sda, Temperature changed <\d> Celsius to <\d> Celsius since last report",1.0
