template,intra_sim
Loaded Servicing Stack v6.1.7601.23505 with Core: C:\Windows\winsxs\amd64_microsoft-windows-servicingstack_31bf3856ad364e35_6.1.7601.23505_none_681aa442f6fed7f0\cbscore.dll,1.0
<\d>@<\d>/<\d>/<\d>:<\d>:<\d>:<\d>.<\d> WcpInitialize (wcp.dll version 0.0.0.6) called (stack @<*> @<*> @<*> @<*> @<*> @<*>),0.9999999999999999
Ending TrustedInstaller initialization.,1.0
Starting the TrustedInstaller main loop.,0.9999999999999999
TrustedInstaller service starts successfully.,1.0
SQM: Initializing online with Windows opt-in: False,1.0
SQM: Cleaning up report files older than <\d> days.,0.9999999999999999
SQM: Requesting upload of all unsent reports.,1.0
"SQM: Failed to start upload with file pattern: C:\Windows\servicing\sqm\*_std.sqm, flags: 0x2 [HRESULT = 0x80004005 - E_FAIL]",0.9999999999999998
SQM: Failed to start standard sample upload. [HRESULT = 0x80004005 - E_FAIL],1.0
"SQM: Queued <\d> file(s) for upload with pattern: C:\Windows\servicing\sqm\*_all.sqm, flags: 0x6",1.0
SQM: Warning: Failed to upload all unsent reports. [HRESULT = 0x80004005 - E_FAIL],0.9999999999999999
"No startup processing required, TrustedInstaller service was not set as autostart, or else a reboot is still pending.",0.9999999999999996
NonStart: Checking to ensure startup processing was not required.,0.9999999999999999
"<\d> IAdvancedInstallerAwareStore_ResolvePendingTransactions (call 1) (flags = 00000004, progress = NULL, phase = 0, pdwDisposition = @0xb6fd90",1.0
"<*> Creating NT transaction (seq <\d>), objectname [6]""(null)""",1.0
"<*> Created NT transaction (seq <\d>) result 0x00000000, handle @<*>",0.9999999999999999
<*>@<\d>/<\d>/<\d>:<\d>:<\d>:<\d>.<\d> CSI perf trace:,1.0
"NonStart: Success, startup processing not required as expected.",1.0
Startup processing thread terminated normally,0.9999999999999999
<*> CSI Store <\d> (<*>) initialized,0.9999999999999998
Session: <\d>_<\d> initialized by client WindowsUpdateAgent.,0.9999999999999998
Warning: Unrecognized packageExtended attribute.,1.0
Expecting attribute name [HRESULT = 0x800f080d - CBS_E_MANIFEST_INVALID_ITEM],1.0
Failed to get next element [HRESULT = 0x800f080d - CBS_E_MANIFEST_INVALID_ITEM],0.9999999999999998
Failed to internally open package. [HRESULT = 0x800f0805 - CBS_E_INVALID_PACKAGE],0.9999999999999998
"Read out cached package applicability for package: <*> ApplicableState: <\d>, CurrentState:<\d>",0.9166666666666667
Failed to create backup log cab. [HRESULT = 0x80070001 - ERROR_INVALID_FUNCTION],1.0
Reboot mark refs incremented to: <\d>,1.0
Scavenge: Starts,1.0
"00000009@2016/9/27:20:40:53.744 CSI Transaction @0x47e9e0 initialized for deployment engine {d16d444c-56d8-11d5-882d-0080c847b195} with flags <\d> and client id [10]""TI6.0_0:0/""",1.0
Scavenge: Begin CSI Store,1.0
0000000a Performing <\d> operations; <\d> are not lock/unlock and follow:,1.0
"0000000b Store coherency cookie matches last scavenge cookie, skipping scavenge.",1.0
0000000c ICSITransaction::Commit calling IStorePendingTransaction::Apply - coldpatching=FALSE applyflags=7,1.0
"Scavenge: Completed, disposition: 0X1",1.0
00000010@2016/9/27:20:40:54.787 CSI Transaction @0x47e9e0 destroyed,1.0
Reboot mark refs: <\d>,1.0
Idle processing thread terminated normally,1.0
Ending the TrustedInstaller main loop.,1.0
Starting TrustedInstaller finalization.,1.0
Ending TrustedInstaller finalization.,1.0
Starting TrustedInstaller initialization.,1.0
"Loading offline registry hive: <*>, into registry key '<*>' from path '\\?<*>",0.8974358974358974
Offline image is: read-only,1.0
"Disabling manifest caching, because the image is not writeable.",1.0
00000008@2016/9/28:16:00:46.635 PopulateComponentFamiliesKey - Begin,1.0
00000009@2016/9/28:16:01:03.072 PopulateComponentFamiliesKey - End,1.0
Session: 11152_142416105 initialized by client SPP.,1.0
Unloading offline registry hive: <*>,0.8333333333333333
