template,intra_sim
Notification time out: <\d>,1.0
Received connection request /<\d>.<\d>.<\d>.<\d>:<\d>,1.0
Send worker leaving thread,1.0
Interrupted while waiting for message on queue,1.0
"Connection broken for id <\d>, my id = <\d>, error =",1.0
Interrupting SendWorker,1.0
Closed socket connection for client /<\d>.<\d>.<\d>.<\d>:<\d> which had sessionid <*>,1.0
caught end of stream exception,0.9999999999999999
Client attempting to renew session <*> at /<\d>.<\d>.<\d>.<\d>:<\d>,1.0
Client attempting to establish new session at /<\d>.<\d>.<\d>.<\d>:<\d>,1.0
Established session <*> with negotiated timeout <\d> for client /<\d>.<\d>.<\d>.<\d>:<\d>,1.0
Accepted socket connection from /<\d>.<\d>.<\d>.<\d>:<\d>,0.9999999999999999
Unexpected Exception:,1.0
Connection request from old client /<\d>.<\d>.<\d>.<\d>:<\d>; will be dropped if server is in r-o mode,1.0
Cannot open channel to <\d> at election address /<\d>.<\d>.<\d>.<\d>:<\d>,0.9999999999999999
Processed session termination for sessionid: <*>,0.9999999999999998
"Expiring session <*>, timeout of <*> exceeded",0.875
******* GOODBYE /<\d>.<\d>.<\d>.<\d>:<\d> ********,1.0
LOOKING,1.0
My election bind port: 0.0.0.0/0.0.0.0:3888,1.0
"Have smaller server identifier, so dropping the connection: (2, 1)",1.0
FOLLOWING,1.0
"New election. My id = 1, proposed zxid=0x700000000",1.0
FOLLOWING - LEADER ELECTION TOOK - <\d>,1.0
"Notification: <\d> (n.leader), 0x700000197 (n.zxid), 0x1 (n.round), LEADING (n.state), <\d> (n.sid), 0x7 (n.peerEPoch), LOOKING (my state)",1.0
autopurge.snapRetainCount set to <\d>,1.0
Revalidating client: <*>,1.0
Closed socket connection for client /<\d>.<\d>.<\d>.<\d>:<\d> (no session established for client),1.0
Exception causing close of session 0x0 due to java.io.IOException: ZooKeeperServer not running,0.9999999999999998
"Notification: <\d> (n.leader), <*> (n.zxid), <*> (n.round), LOOKING (n.state), <\d> (n.sid), <*> (n.peerEPoch), LOOKING (my state)",1.0
"Notification: <\d> (n.leader), 0xb0000007b (n.zxid), 0x2 (n.round), LOOKING (n.state), <\d> (n.sid), 0xb (n.peerEPoch), FOLLOWING (my state)",1.0
tickTime set to <\d>,1.0
Unexpected exception causing shutdown while sock still open,1.0
Got user-level KeeperException when processing sessionid:0x34ed93485090001 type:create cxid:0x55b8bb0f zxid:0x100000010 txntype:-1 reqpath:n/a Error Path:/home/curi/.zookeeper Error:KeeperErrorCode = NodeExists for /home/curi/.zookeeper,1.0
"Notification: <\d> (n.leader), <*> (n.zxid), 0x2 (n.round), LOOKING (n.state), <\d> (n.sid), <*> (n.peerEPoch), LEADING (my state)",1.0
Starting quorum peer,1.0
Snapshotting: <*> to /var/lib/zookeeper/version-<\d>/snapshot.<*>,1.0
autopurge.purgeInterval set to <\d>,1.0
Follower sid: <\d> : info : org.apache.zookeeper.server.quorum.QuorumPeer$QuorumServer@33557fe4,1.0
maxSessionTimeout set to <\d>,1.0
Have quorum of supporters; starting up and setting last processed zxid: 0xb00000000,1.0
"Notification: <\d> (n.leader), 0xa0000009a (n.zxid), 0x1 (n.round), FOLLOWING (n.state), <\d> (n.sid), 0xa (n.peerEPoch), LEADING (my state)",1.0
shutdown of request processor complete,1.0
First is 0x0,1.0
Reading snapshot /var/lib/zookeeper/version-2/snapshot.b00000084,1.0
Sending DIFF,1.0
Getting a snapshot from leader,0.9999999999999999
"Notification: <\d> (n.leader), 0x100001564 (n.zxid), 0x3 (n.round), FOLLOWING (n.state), <\d> (n.sid), 0x2 (n.peerEPoch), FOLLOWING (my state)",1.0
minSessionTimeout set to <\d>,1.0
