EventId,EventTemplate,In2kDataset,Occurrences
0,Reading configuration from: <*>,0,36
1,Defaulting to majority quorums,0,36
2,autopurge.snapRetainCount set to <*>,1,36
3,autopurge.purgeInterval set to <*>,1,36
4,Purge task is not scheduled.,0,36
5,Starting quorum peer,1,36
6,binding to port <*>/<*>:<*>,0,36
7,tickTime set to <*>,1,36
8,minSessionTimeout set to <*>,1,36
9,maxSessionTimeout set to <*>,1,36
10,initLimit set to <*>,0,36
11,<*> not found! Creating with a reasonable default of <*>. This should only happen when you are upgrading your installation,0,6
12,My election bind port: <*>/<*>:<*>,1,36
13,LOOKING,1,49
14,New election. My id = <*> proposed zxid=<*>,1,49
15,"Notification: <*> (n.leader), <*> (n.zxid), <*> (n.round), LOOKING (n.state), <*> (n.sid), <*> (n.peerEPoch), LOOKING (my state)",1,293
16,Cannot open channel to <*> at election address /<*>:<*>,1,2584
17,Notification time out: <*>,1,1322
18,Received connection request /<*>:<*>,1,10429
19,FOLLOWING,1,34
20,TCP NoDelay set to: true,0,39
21,Server environment:<*>,1,540
22,Created server with tickTime <*> minSessionTimeout <*> maxSessionTimeout <*> datadir <*> snapdir <*>,0,49
23,FOLLOWING - LEADER ELECTION TOOK - <*>,1,34
24,Getting a diff from the leader <*>,0,28
25,Snapshotting: <*> to <*>.<*>,1,65
26,"Notification: <*> (n.leader), <*> (n.zxid), <*> (n.round), LOOKING (n.state), <*> (n.sid), <*> (n.peerEPoch), FOLLOWING (my state)",1,57
27,Connection broken for id <*> my id = <*> error =,1,10388
28,Interrupting SendWorker,1,10390
29,Interrupted while waiting for message on queue,1,10386
30,Send worker leaving thread,1,10390
31,Got zxid <*> expected <*>,0,28
32,Creating new log file: log.<*>,0,25
33,Accepted socket connection from /<*>:<*>,1,2020
34,Connection request from old client /<*>:<*> will be dropped if server is in r-o mode,1,1861
35,Client attempting to establish new session at /<*>:<*>,1,1790
36,Established session <*> with negotiated timeout <*> for client /<*>:<*>,1,1856
37,caught end of stream exception,1,1670
38,Closed socket connection for client /<*>:<*> which had sessionid <*>,1,1749
39,Client attempting to renew session <*> at /<*>:<*>,1,71
40,Revalidating client: <*>,1,55
41,Exception when using channel: for id <*> my id = <*> error = java.net.SocketException: Broken pipe,0,4
42,Unexpected Exception:,1,27
43,Exception causing close of session <*> due to java.io.IOException: Connection reset by peer,0,8
44,Reading snapshot <*>.<*>,1,60
45,"Have smaller server identifier, so dropping the connection: (<*>, <*>)",1,20
46,"Notification: <*> (n.leader), <*> (n.zxid), <*> (n.round), LEADING (n.state), <*> (n.sid), <*> (n.peerEPoch), LOOKING (my state)",1,32
47,"Notification: <*> (n.leader), <*> (n.zxid), <*> (n.round), FOLLOWING (n.state), <*> (n.sid), <*> (n.peerEPoch), LOOKING (my state)",0,29
48,"Notification: <*> (n.leader), <*> (n.zxid), <*> (n.round), FOLLOWING (n.state), <*> (n.sid), <*> (n.peerEPoch), FOLLOWING (my state)",1,26
49,"Notification: <*> (n.leader), <*> (n.zxid), <*> (n.round), LEADING (n.state), <*> (n.sid), <*> (n.peerEPoch), FOLLOWING (my state)",0,10
50,Exception when following the leader,0,11
51,shutdown called,0,11
52,Shutting down,0,58
53,shutting down,0,13
54,FollowerRequestProcessor exited loop!,0,11
55,shutdown of request processor complete,1,13
56,CommitProcessor exited loop!,0,13
57,SyncRequestProcessor exited!,0,13
58,"Unexpected exception, tries=0, connecting to /<*>:<*>",0,8
59,LEADING,0,15
60,LEADING - LEADER ELECTION TOOK - <*>,0,15
61,Follower sid: <*> : info : <*>,0,34
62,Synchronizing with Follower sid: <*> maxCommittedLog=<*> minCommittedLog=<*> peerLastZxid=<*>,0,34
63,Sending DIFF,1,28
64,Commiting zxid <*> from /<*>:<*> not first!,0,15
65,First is <*>,1,15
66,Have quorum of supporters; starting up and setting last processed zxid: <*>,1,15
67,"Notification: <*> (n.leader), <*> (n.zxid), <*> (n.round), LOOKING (n.state), <*> (n.sid), <*> (n.peerEPoch), LEADING (my state)",1,46
68,Sending SNAP,0,6
69,Sending snapshot last zxid of peer is <*> zxid of leader is <*> zxid of db as <*>,0,6
70,Expiring session <*> timeout of <*>ms exceeded,1,1762
71,Processed session termination for sessionid: <*>,1,1790
72,Unexpected exception causing shutdown while sock still open,1,590
73,******* GOODBYE /<*>:<*> ********,1,590
74,Shutdown called,0,2
75,exception while shutting down acceptor: java.net.SocketException: Socket closed,0,2
76,PrepRequestProcessor exited loop!,0,2
77,SessionTrackerImpl exited loop!,0,2
78,Getting a snapshot from leader,1,6
79,Exception causing close of session <*> due to java.io.IOException: ZooKeeperServer not running,1,159
80,Closed socket connection for client /<*>:<*> (no session established for client),1,159
81,Got user-level KeeperException when processing <*> type:create cxid:<*> zxid:<*> txntype:<*> reqpath:<*> Error Path:<*> Error:KeeperErrorCode = NodeExists for <*>,1,19
82,"Notification: <*> (n.leader), <*> (n.zxid), <*> (n.round), FOLLOWING (n.state), <*> (n.sid), <*> (n.peerEPoch), LEADING (my state)",1,6
83,"Notification: <*> (n.leader), <*> (n.zxid), <*> (n.round), LEADING (n.state), <*> (n.sid), <*> (n.peerEPoch), LEADING (my state)",0,6
