EventId,EventTemplate,In2kDataset,Occurrences,Complex
1,Defaulting to majority quorums,0,36,0
2,autopurge.snapRetainCount set to <*>,1,36,0
3,autopurge.purgeInterval set to <*>,1,36,0
4,Purge task is not scheduled.,0,36,0
5,Starting quorum peer,1,36,0
7,tickTime set to <*>,1,36,0
8,minSessionTimeout set to <*>,1,36,0
9,maxSessionTimeout set to <*>,1,36,0
10,initLimit set to <*>,0,36,0
11,<*> not found! Creating with a reasonable default of <*>. This should only happen when you are upgrading your installation,0,6,0
13,LOOKING,1,49,0
15,"Notification: <*> (n.leader), <*> (n.zxid), <*> (n.round), LOOKING (n.state), <*> (n.sid), <*> (n.peerEPoch), LOOKING (my state)",1,293,0
17,Notification time out: <*>,1,1322,0
19,FOLLOWING,1,34,0
20,TCP NoDelay set to: true,0,39,0
23,FOLLOWING - LEADER ELECTION TOOK - <*>,1,34,0
24,Getting a diff from the leader <*>,0,28,0
26,"Notification: <*> (n.leader), <*> (n.zxid), <*> (n.round), LOOKING (n.state), <*> (n.sid), <*> (n.peerEPoch), FOLLOWING (my state)",1,57,0
27,Connection broken for id <*> my id = <*> error =,1,10388,0
28,Interrupting SendWorker,1,10390,0
29,Interrupted while waiting for message on queue,1,10386,0
30,Send worker leaving thread,1,10390,0
31,Got zxid <*> expected <*>,0,28,0
37,caught end of stream exception,1,1670,0
40,Revalidating client: <*>,1,55,0
41,Exception when using channel: for id <*> my id = <*> error = java.net.SocketException: Broken pipe,0,4,0
42,Unexpected Exception:,1,27,0
43,Exception causing close of session <*> due to java.io.IOException: Connection reset by peer,0,8,0
45,"Have smaller server identifier, so dropping the connection: (<*>, <*>)",1,20,0
46,"Notification: <*> (n.leader), <*> (n.zxid), <*> (n.round), LEADING (n.state), <*> (n.sid), <*> (n.peerEPoch), LOOKING (my state)",1,32,0
47,"Notification: <*> (n.leader), <*> (n.zxid), <*> (n.round), FOLLOWING (n.state), <*> (n.sid), <*> (n.peerEPoch), LOOKING (my state)",0,29,0
48,"Notification: <*> (n.leader), <*> (n.zxid), <*> (n.round), FOLLOWING (n.state), <*> (n.sid), <*> (n.peerEPoch), FOLLOWING (my state)",1,26,0
49,"Notification: <*> (n.leader), <*> (n.zxid), <*> (n.round), LEADING (n.state), <*> (n.sid), <*> (n.peerEPoch), FOLLOWING (my state)",0,10,0
50,Exception when following the leader,0,11,0
51,shutdown called,0,11,0
52,Shutting down,0,58,0
53,shutting down,0,13,0
54,FollowerRequestProcessor exited loop!,0,11,0
55,shutdown of request processor complete,1,13,0
56,CommitProcessor exited loop!,0,13,0
57,SyncRequestProcessor exited!,0,13,0
59,LEADING,0,15,0
60,LEADING - LEADER ELECTION TOOK - <*>,0,15,0
61,Follower sid: <*> : info : <*>,0,34,0
63,Sending DIFF,1,28,0
65,First is <*>,1,15,0
66,Have quorum of supporters; starting up and setting last processed zxid: <*>,1,15,0
67,"Notification: <*> (n.leader), <*> (n.zxid), <*> (n.round), LOOKING (n.state), <*> (n.sid), <*> (n.peerEPoch), LEADING (my state)",1,46,0
68,Sending SNAP,0,6,0
69,Sending snapshot last zxid of peer is <*> zxid of leader is <*> zxid of db as <*>,0,6,0
70,Expiring session <*> timeout of <*>ms exceeded,1,1762,0
71,Processed session termination for sessionid: <*>,1,1790,0
72,Unexpected exception causing shutdown while sock still open,1,590,0
74,Shutdown called,0,2,0
75,exception while shutting down acceptor: java.net.SocketException: Socket closed,0,2,0
76,PrepRequestProcessor exited loop!,0,2,0
77,SessionTrackerImpl exited loop!,0,2,0
78,Getting a snapshot from leader,1,6,0
79,Exception causing close of session <*> due to java.io.IOException: ZooKeeperServer not running,1,159,0
82,"Notification: <*> (n.leader), <*> (n.zxid), <*> (n.round), FOLLOWING (n.state), <*> (n.sid), <*> (n.peerEPoch), LEADING (my state)",1,6,0
83,"Notification: <*> (n.leader), <*> (n.zxid), <*> (n.round), LEADING (n.state), <*> (n.sid), <*> (n.peerEPoch), LEADING (my state)",0,6,0
0,Reading configuration from: <*>,0,36,0
6,binding to port <*>/<*>:<*>,0,36,0
12,My election bind port: <*>/<*>:<*>,1,36,0
16,Cannot open channel to <*> at election address /<*>:<*>,1,2584,0
18,Received connection request /<*>:<*>,1,10429,0
22,Created server with tickTime <*> minSessionTimeout <*> maxSessionTimeout <*> datadir <*> snapdir <*>,0,49,0
33,Accepted socket connection from /<*>:<*>,1,2020,0
34,Connection request from old client /<*>:<*> will be dropped if server is in r-o mode,1,1861,0
35,Client attempting to establish new session at /<*>:<*>,1,1790,0
36,Established session <*> with negotiated timeout <*> for client /<*>:<*>,1,1856,0
38,Closed socket connection for client /<*>:<*> which had sessionid <*>,1,1749,0
39,Client attempting to renew session <*> at /<*>:<*>,1,71,0
58,"Unexpected exception, tries=0, connecting to /<*>:<*>",0,8,0
64,Commiting zxid <*> from /<*>:<*> not first!,0,15,0
73,******* GOODBYE /<*>:<*> ********,1,590,0
80,Closed socket connection for client /<*>:<*> (no session established for client),1,159,0
14,New election. My id = <*> proposed zxid=<*>,1,49,1
21,Server environment:<*>,1,540,0
25,Snapshotting: <*> to <*>.<*>,1,65,1
32,Creating new log file: log.<*>,0,25,1
44,Reading snapshot <*>.<*>,1,60,1
62,Synchronizing with Follower sid: <*> maxCommittedLog=<*> minCommittedLog=<*> peerLastZxid=<*>,0,34,1
81,Got user-level KeeperException when processing <*> type:create cxid:<*> zxid:<*> txntype:<*> reqpath:<*> Error Path:<*> Error:KeeperErrorCode = NodeExists for <*>,1,19,1
