EventId,EventTemplate,In2kDataset,Occurrences,Complex
0,Receiving block blk_<*> src: /<*>:<*> dest: /<*>:<*>,1,1723232,0
1,BLOCK* NameSystem.allocateBlock: <*> blk_<*>,1,575061,0
2,PacketResponder <*> for block blk_<*> terminating,1,1706679,0
3,Received block blk_<*> of size <*> from /<*>,1,1706514,0
4,BLOCK* NameSystem.addStoredBlock: blockMap updated: <*>:<*> is added to blk_<*> size <*>,1,1719741,0
5,Received block blk_<*> src: /<*>:<*> dest: /<*>:<*> of size <*>,1,7097,0
6,<*>:<*>:Transmitted block blk_<*> to /<*>:<*>,0,6937,0
7,<*>:<*> Starting thread to transfer block blk_<*> to <*>:<*>,1,7002,0
8,BLOCK* ask <*>:<*> to replicate blk_<*> to datanode(s) <*>:<*>,1,7002,0
9,<*>:<*> Served block blk_<*> to /<*>,1,428726,0
10,Verification succeeded for blk_<*>,1,120036,0
11,writeBlock blk_<*> received exception java.net.SocketTimeoutException,0,13,0
12,PacketResponder blk_<*> <*> Exception java.io.EOFException,0,19,0
13,writeBlock blk_<*> received exception java.io.IOException: Could not read from stream,0,3226,0
14,Deleting block blk_<*> file <*>,1,1402047,0
15,Receiving empty packet for block blk_<*>,0,1464,0
16,Exception in receiveBlock for block blk_<*> java.io.IOException: Connection reset by peer,0,75,0
17,writeBlock blk_<*> received exception java.io.IOException: Connection reset by peer,0,75,0
18,BLOCK* NameSystem.addStoredBlock: Redundant addStoredBlock request received for blk_<*> on <*>:<*> size <*>,0,975,0
19,PacketResponder blk_<*> <*> Exception java.net.SocketTimeoutException: <*> millis timeout while waiting for channel to be ready for read. ch : java.nio.channels.SocketChannel[connected local=/<*>:<*> remote=/<*>:<*>],0,22,1
20,PacketResponder blk_<*> <*> Exception java.io.InterruptedIOException: Interruped while waiting for IO on channel java.nio.channels.SocketChannel[<*>]. <*> millis timeout left.,0,38,1
21,Exception in receiveBlock for block blk_<*> java.io.EOFException,0,48,0
22,writeBlock blk_<*> received exception java.io.EOFException,0,47,0
23,PacketResponder <*> for block blk_<*> Interrupted.,0,49,0
24,Changing block file offset of block blk_<*> from <*> to <*> meta file offset to <*>,0,65,0
25,<*>:<*>:Exception writing block blk_<*> to mirror <*>:<*>,0,34,0
26,Exception in receiveBlock for block blk_<*> java.io.InterruptedIOException: Interruped while waiting for IO on channel java.nio.channels.SocketChannel[connected local=/<*>:<*> remote=/<*>:<*>]. <*> millis timeout left.,0,16,1
27,writeBlock blk_<*> received exception java.io.InterruptedIOException: Interruped while waiting for IO on channel java.nio.channels.SocketChannel[connected local=/<*>:<*> remote=/<*>:<*>]. <*> millis timeout left.,0,7,1
28,PacketResponder blk_<*> <*> Exception java.io.IOException: Broken pipe,0,6,0
29,"writeBlock blk_<*> received exception java.io.IOException: Block blk_<*> is valid, and cannot be written to.",0,9,0
30,<*>:<*>:Failed to transfer blk_<*> to <*>:<*> got java.io.IOException: Connection reset by peer,0,9,0
31,BLOCK* NameSystem.delete: blk_<*> is added to invalidSet of <*>:<*>,1,1396174,0
32,Unexpected error trying to delete block blk_<*> BlockInfo not found in volumeMap.,0,5545,0
33,BLOCK* NameSystem.addStoredBlock: addStoredBlock request received for blk_<*> on <*>:<*> size <*> But it does not belong to any file.,0,1288,0
34,<*>:<*>:Got exception while serving blk_<*> to /<*>:,1,356207,0
35,PacketResponder blk_<*> <*> Exception java.io.IOException: Connection reset by peer,0,11,0
36,Exception in receiveBlock for block blk_<*> java.net.SocketTimeoutException: <*> millis timeout while waiting for channel to be ready for write. ch : java.nio.channels.SocketChannel[connected local=/<*>:<*> remote=/<*>:<*>],0,5,1
37,writeBlock blk_<*> received exception java.net.SocketTimeoutException: <*> millis timeout while waiting for channel to be ready for write. ch : java.nio.channels.SocketChannel[connected local=/<*>:<*> remote=/<*>:<*>],0,5,1
38,Exception in receiveBlock for block blk_<*> java.nio.channels.ClosedByInterruptException,0,8,0
39,writeBlock blk_<*> received exception java.nio.channels.ClosedByInterruptException,0,7,0
40,Reopen Block blk_<*>,0,5,0
41,PacketResponder blk_<*> <*> Exception java.nio.channels.ClosedByInterruptException,0,10,0
42,BLOCK* Removing block blk_<*> from neededReplications as it does not belong to any file.,0,4,0
43,PendingReplicationMonitor timed out block blk_<*>,0,47,0
44,writeBlock blk_<*> received exception java.net.SocketTimeoutException: <*> millis timeout while waiting for channel to be ready for read. ch : java.nio.channels.SocketChannel[connected local=/<*>:<*> remote=/<*>:<*>],0,10,1
45,writeBlock blk_<*> received exception java.io.IOException: Interrupted receiveBlock,0,11,0
46,writeBlock blk_<*> received exception java.net.NoRouteToHostException: No route to host,0,1,0
47,writeBlock blk_<*> received exception java.io.IOException: Broken pipe,0,5,0
48,Adding an already existing block blk_<*>,0,10,0
49,Exception in receiveBlock for block blk_<*> java.io.IOException: Broken pipe,0,3,0
50,PacketResponder blk_<*> <*> Exception java.io.IOException: The stream is closed,0,2,0
